,,,,,,,,SCA,SCA,SCA Types,SCA Types,SCA Types,SCA Types,SCA Types,SCA Types,GCA,GCA,GCA Types,GCA Types,GCA Types,GCA Types,GCA Types,GCA Types,
Rk,Player,Nation,Pos,Squad,Age,Born,90s,SCA,SCA90,PassLive,PassDead,Drib,Sh,Fld,Def,GCA,GCA90,PassLive,PassDead,Drib,Sh,Fld,Def,Matches
1,Dickson Abiama\cadd666a,ng NGA,FW,Greuther Fürth,23-100,1998,6.6,19,2.86,11,0,0,1,2,5,2,0.30,1,0,0,1,0,0,Matches
2,Ragnar Ache\dc38e3bc,de GER,FWMF,Eint Frankfurt,23-198,1998,1.4,5,3.46,3,0,1,1,0,0,1,0.69,0,0,0,1,0,0,Matches
3,Tyler Adams\2b09d998,us USA,MF,RB Leipzig,22-362,1999,11.3,19,1.69,18,0,0,1,0,0,2,0.18,2,0,0,0,0,0,Matches
4,Sargis Adamyan\22919e97,am ARM,FWMF,Hoffenheim,28-264,1993,3.7,11,2.99,8,0,2,0,0,1,1,0.27,1,0,0,0,0,0,Matches
5,Amine Adli\dcfb17f4,fr FRA,FWMF,Leverkusen,21-277,2000,9.9,29,2.93,19,1,0,4,2,3,7,0.71,5,0,0,1,1,0,Matches
6,Naouirou Ahamada\a6c58494,fr FRA,MF,Stuttgart,19-319,2002,0.7,0,0.00,0,0,0,0,0,0,0,0.00,0,0,0,0,0,0,Matches
7,Manuel Akanji\89ac64a6,ch SUI,DF,Dortmund,26-207,1995,16.4,5,0.30,3,1,0,1,0,0,0,0.00,0,0,0,0,0,0,Matches
8,Kevin Akpoguma\6ec6fde0,ng NGA,DF,Hoffenheim,26-298,1995,11.6,22,1.90,14,1,2,3,1,1,4,0.34,2,0,0,1,0,1,Matches
9,Lucas Alario\834d0be5,ar ARG,FW,Leverkusen,29-126,1992,2.5,12,4.82,7,0,1,1,3,0,1,0.40,1,0,0,0,0,0,Matches
10,Nadiem Amiri\555d5edd,de GER,MFFW,Leverkusen,25-107,1996,4.1,7,1.71,5,1,0,0,1,0,1,0.24,0,0,0,0,1,0,Matches
11,Sebastian Andersson\b4cf5806,se SWE,FW,Köln,30-211,1991,9.3,14,1.50,10,0,0,1,2,1,3,0.32,2,0,0,0,1,0,Matches
12,Andrés Andrade Cedeño\6ea23758,pa PAN,DF,Arminia,23-118,1998,7.7,5,0.65,4,0,0,1,0,0,1,0.13,1,0,0,0,0,0,Matches
13,Fredrik André Bjørkan\3724baa1,no NOR,DFMF,Hertha BSC,23-174,1998,0.5,0,0.00,0,0,0,0,0,0,0,0.00,0,0,0,0,0,0,Matches
14,Robert Andrich\e0b113a7,de GER,MF,Leverkusen,27-142,1994,12.5,15,1.20,10,0,1,3,0,1,5,0.40,2,0,0,3,0,0,Matches
15,Angeliño\30941e96,es ESP,DF,RB Leipzig,25-038,1997,16.4,55,3.34,35,13,2,3,1,1,6,0.36,4,2,0,0,0,0,Matches
16,Waldemar Anton\5e66fa06,de GER,DF,Stuttgart,25-206,1996,17.8,21,1.18,18,0,0,0,1,2,2,0.11,2,0,0,0,0,0,Matches
17,Christopher Antwi-Adjei\0a3f6cde,gh GHA,FWMF,Bochum,28-004,1994,8.1,13,1.61,9,0,0,0,4,0,2,0.25,1,0,0,0,1,0,Matches
18,Charles Aránguiz\56413b1f,cl CHI,MF,Leverkusen,32-300,1989,8.6,14,1.62,14,0,0,0,0,0,1,0.12,1,0,0,0,0,0,Matches
19,Maximilian Arnold\86e119e0,de GER,MF,Wolfsburg,27-260,1994,20.5,61,2.98,31,27,0,0,3,0,2,0.10,1,0,0,0,1,0,Matches
20,Takuma Asano\13ddc856,jp JPN,FW,Bochum,27-093,1994,9.6,21,2.18,18,0,1,1,1,0,1,0.10,1,0,0,0,0,0,Matches
21,Santiago Ascacíbar\e26fcca3,ar ARG,MF,Hertha BSC,24-351,1997,17.1,21,1.23,18,0,1,1,1,0,0,0.00,0,0,0,0,0,0,Matches
22,Fisnik Asllani\35f67a30,xk KVX,MFFW,Hoffenheim,19-187,2002,0.1,1,10.00,1,0,0,0,0,0,0,0.00,0,0,0,0,0,0,Matches
23,Simon Asta\dfc85b89,de GER,DF,Greuther Fürth,21-017,2001,2.9,5,1.70,4,1,0,0,0,0,1,0.34,0,1,0,0,0,0,Matches
24,Taiwo Awoniyi\e5478b87,ng NGA,FW,Union Berlin,24-183,1997,14.0,27,1.93,18,0,3,5,1,0,2,0.14,0,0,1,0,1,0,Matches
25,Mitchel Bakker\a8567629,nl NED,DF,Leverkusen,21-236,2000,12.4,13,1.05,12,0,1,0,0,0,4,0.32,4,0,0,0,0,0,Matches
26,Ridle Baku\442b56fa,de GER,DFFW,Wolfsburg,23-309,1998,17.4,43,2.48,31,3,4,3,2,0,3,0.17,2,0,0,1,0,0,Matches
27,Aymen Barkok\a2a85828,ma MAR,FWMF,Eint Frankfurt,23-266,1998,1.1,0,0.00,0,0,0,0,0,0,0,0.00,0,0,0,0,0,0,Matches
28,Leandro Barreiro Martins\00242b75,lu LUX,MF,Mainz 05,22-039,2000,15.2,31,2.04,18,0,0,4,5,4,2,0.13,2,0,0,0,0,0,Matches
29,Jacob Barrett Laursen\c0d3bd23,dk DEN,DF,Arminia,27-086,1994,11.6,11,0.94,6,5,0,0,0,0,1,0.09,1,0,0,0,0,0,Matches
30,Abdourahmane Barry\8df328f4,fr FRA,DF,Greuther Fürth,21-355,2000,2.3,3,1.29,3,0,0,0,0,0,0,0.00,0,0,0,0,0,0,Matches
31,Maximilian Bauer\44a20f0c,de GER,DF,Greuther Fürth,22-002,2000,13.7,6,0.44,5,0,0,1,0,0,0,0.00,0,0,0,0,0,0,Matches
32,Oliver Baumann\47064058,de GER,GK,Hoffenheim,31-254,1990,20.0,0,0.00,0,0,0,0,0,0,0,0.00,0,0,0,0,0,0,Matches
33,Timo Baumgartl\bd7d2e6d,de GER,DF,Union Berlin,25-344,1996,15.1,12,0.80,6,1,0,4,0,1,1,0.07,0,0,0,1,0,0,Matches
34,Julian Baumgartlinger\69374ff5,at AUT,MF,Leverkusen,34-040,1988,0.1,0,0.00,0,0,0,0,0,0,0,0.00,0,0,0,0,0,0,Matches
35,Christoph Baumgartner\437f2b00,at AUT,MFFW,Hoffenheim,22-194,1999,10.0,19,1.91,16,0,1,1,0,1,1,0.10,1,0,0,0,0,0,Matches
36,Noah Joel Sarenren Bazee\fbbc8e15,ng NGA,MFFW,Augsburg,25-174,1996,1.2,3,2.43,2,0,0,0,1,0,0,0.00,0,0,0,0,0,0,Matches
37,Ihlas Bebou\a53b661f,tg TOG,FWDF,Hoffenheim,27-294,1994,14.4,34,2.37,26,1,2,3,2,0,6,0.42,3,0,1,2,0,0,Matches
38,Sheraldo Becker\8eb55dbb,sr SUR,FWMF,Union Berlin,27-002,1995,9.0,39,4.33,33,0,0,1,4,1,2,0.22,2,0,0,0,0,0,Matches
39,Kevin Behrens\30ae134d,de GER,FWMF,Union Berlin,31-008,1991,4.4,14,3.17,11,0,0,2,1,0,3,0.68,1,0,0,1,1,0,Matches
40,Ishak Belfodil\ff182fdc,dz ALG,FW,Hertha BSC,30-030,1992,10.3,23,2.23,20,0,1,1,1,0,3,0.29,2,0,0,1,0,0,Matches
41,Stefan Bell\857a5abe,de GER,DF,Mainz 05,30-171,1991,19.1,8,0.42,8,0,0,0,0,0,0,0.00,0,0,0,0,0,0,Matches
42,Armel Bella Kotchap\a39d11bc,de GER,DF,Bochum,20-062,2001,9.9,6,0.60,5,1,0,0,0,0,0,0.00,0,0,0,0,0,0,Matches
43,Karim Bellarabi\bee0bab1,de GER,FWMF,Leverkusen,31-309,1990,6.0,19,3.19,10,0,1,4,3,1,4,0.67,2,0,0,1,1,0,Matches
44,Jude Bellingham\57d88cf9,eng ENG,MF,Dortmund,18-227,2003,18.0,69,3.83,43,1,8,4,9,4,15,0.83,8,1,2,0,1,3,Matches
45,George Bello\aca0a525,us USA,DF,Arminia,20-020,2002,0.2,0,0.00,0,0,0,0,0,0,0,0.00,0,0,0,0,0,0,Matches
46,László Bénes\fe888e39,sk SVK,MF,M'Gladbach,24-155,1997,2.6,11,4.21,4,4,0,1,1,1,1,0.38,0,0,0,1,0,0,Matches
47,Keanan Bennetts\f4c7c708,eng ENG,FWDF,M'Gladbach,22-339,1999,0.6,0,0.00,0,0,0,0,0,0,0,0.00,0,0,0,0,0,0,Matches
48,Ramy Bensebaini\378825c7,dz ALG,DF,M'Gladbach,26-301,1995,11.5,13,1.13,11,1,0,1,0,0,2,0.17,1,0,0,1,0,0,Matches
49,Louis Beyer\9af1f9ff,de GER,DF,M'Gladbach,21-268,2000,6.5,5,0.77,4,1,0,0,0,0,0,0.00,0,0,0,0,0,0,Matches
50,Bartosz Bialek\763b8b37,pl POL,FW,Wolfsburg,20-092,2001,0.4,1,2.31,1,0,0,0,0,0,0,0.00,0,0,0,0,0,0,Matches
51,Danny Blum\eb61713c,de GER,FW,Bochum,31-035,1991,2.5,13,5.13,8,5,0,0,0,0,0,0.00,0,0,0,0,0,0,Matches
52,Kevin-Prince Boateng\f4ec4fd0,gh GHA,MFFW,Hertha BSC,34-342,1987,4.3,7,1.61,6,0,0,1,0,0,0,0.00,0,0,0,0,0,0,Matches
53,Herbert Bockhorn\5ad8c360,de GER,DFMF,Bochum,27-011,1995,5.2,6,1.15,3,0,1,0,2,0,0,0.00,0,0,0,0,0,0,Matches
54,Jean-Paul Boëtius\635f2732,nl NED,MF,Mainz 05,27-326,1994,12.7,42,3.30,30,9,0,1,0,2,6,0.47,4,1,0,1,0,0,Matches
55,Tarsis Bonga\6ebbc28a,de GER,FW,Bochum,25-032,1997,0.0,1,30.00,0,0,0,0,0,1,0,0.00,0,0,0,0,0,0,Matches
56,Solomon Bonnah\dd7b6eb8,nl NED,DF,RB Leipzig,18-176,2003,0.1,0,0.00,0,0,0,0,0,0,0,0.00,0,0,0,0,0,0,Matches
57,Sebastiaan Bornauw\01834aa0,be BEL,DF,Wolfsburg,22-326,1999,12.7,3,0.24,2,1,0,0,0,0,0,0.00,0,0,0,0,0,0,Matches
58,Rafael Borré\c68da769,co COL,FW,Eint Frankfurt,26-149,1995,18.6,42,2.26,25,0,5,6,5,1,8,0.43,5,0,2,0,1,0,Matches
59,Dedryck Boyata\7c473e12,be BEL,DF,Hertha BSC,31-075,1990,11.1,5,0.45,4,0,0,1,0,0,1,0.09,1,0,0,0,0,0,Matches
60,Julian Brandt\a167537f,de GER,MFFW,Dortmund,25-285,1996,14.1,55,3.89,32,17,4,2,0,0,10,0.71,6,3,1,0,0,0,Matches
61,Iker Bravo\db8c8860,es ESP,FW,Leverkusen,17-029,2005,0.1,0,0.00,0,0,0,0,0,0,0,0.00,0,0,0,0,0,0,Matches
62,Fabian Bredlow\d28339cb,de GER,GK,Stuttgart,26-346,1995,4.0,0,0.00,0,0,0,0,0,0,0,0.00,0,0,0,0,0,0,Matches
63,Josip Brekalo\d4a2533d,hr CRO,MF,Wolfsburg,23-233,1998,0.2,1,4.29,1,0,0,0,0,0,1,4.29,1,0,0,0,0,0,Matches
64,Brian Brobbey\4c184730,nl NED,FW,RB Leipzig,20-010,2002,1.5,4,2.75,3,0,0,1,0,0,2,1.37,2,0,0,0,0,0,Matches
65,John Brooks\e27da244,us USA,DF,Wolfsburg,29-014,1993,16.1,8,0.50,7,0,1,0,0,0,0,0.00,0,0,0,0,0,0,Matches
66,Daniel Brosinski\a7813ac4,de GER,DF,Mainz 05,33-209,1988,3.3,7,2.10,7,0,0,0,0,0,0,0.00,0,0,0,0,0,0,Matches
67,Cédric Brunner\f0a37d36,ch SUI,DF,Arminia,27-359,1994,19.0,21,1.10,15,4,0,0,1,1,2,0.11,2,0,0,0,0,0,Matches
68,Jacob Bruun Larsen\4e204552,dk DEN,FWMF,Hoffenheim,23-145,1998,5.2,16,3.09,12,0,2,1,0,1,0,0.00,0,0,0,0,0,0,Matches
69,Sascha Burchert\25bdea4b,de GER,GK,Greuther Fürth,32-104,1989,13.0,1,0.08,1,0,0,0,0,0,0,0.00,0,0,0,0,0,0,Matches
70,Delano Burgzorg\05e2d5ea,nl NED,MF,Mainz 05,23-096,1998,0.0,1,22.50,0,0,1,0,0,0,0,0.00,0,0,0,0,0,0,Matches
71,Jonathan Burkardt\05f99a4a,de GER,FW,Mainz 05,21-215,2000,17.7,43,2.43,36,0,1,2,3,1,6,0.34,5,0,1,0,0,0,Matches
72,Daniel Caligiuri\d1273f09,it ITA,MFDF,Augsburg,34-027,1988,12.6,40,3.17,16,13,3,2,3,3,3,0.24,0,2,0,1,0,0,Matches
73,Emre Can\a65ce836,de GER,MFDF,Dortmund,28-030,1994,8.1,7,0.87,6,0,0,0,0,1,0,0.00,0,0,0,0,0,0,Matches
74,Koen Casteels\db401046,be BEL,GK,Wolfsburg,29-231,1992,19.0,0,0.00,0,0,0,0,0,0,0,0.00,0,0,0,0,0,0,Matches
75,Gonzalo Castro\68829001,de GER,MF,Arminia,34-245,1987,0.5,4,7.50,1,2,0,1,0,0,0,0.00,0,0,0,0,0,0,Matches
76,Timothy Chandler\b3b7f5a6,us USA,DF,Eint Frankfurt,31-319,1990,9.8,10,1.02,7,3,0,0,0,0,1,0.10,0,1,0,0,0,0,Matches
77,Max Christiansen\e7b899b8,de GER,MF,Greuther Fürth,25-139,1996,13.5,13,0.97,11,0,0,0,1,1,0,0.00,0,0,0,0,0,0,Matches
78,Kingsley Coman\042e8a49,fr FRA,FWDF,Bayern Munich,25-243,1996,7.5,26,3.46,18,2,2,2,0,2,3,0.40,3,0,0,0,0,0,Matches
79,Lucas Copado\8356931a,de GER,FW,Bayern Munich,18-032,2004,0.2,0,0.00,0,0,0,0,0,0,0,0.00,0,0,0,0,0,0,Matches
80,Sergio Córdova\229cd98a,ve VEN,FWMF,Augsburg,24-186,1997,3.6,5,1.37,5,0,0,0,0,0,0,0.00,0,0,0,0,0,0,Matches
81,Danny da Costa\5ddb8f9f,de GER,DF,Eint Frankfurt,28-213,1993,5.3,4,0.76,4,0,0,0,0,0,0,0.00,0,0,0,0,0,0,Matches
82,Tanguy Coulibaly\05ba9d7c,fr FRA,DFFW,Stuttgart,20-358,2001,10.9,18,1.64,10,0,3,0,3,2,1,0.09,1,0,0,0,0,0,Matches
83,Mickaël Cuisance\5722eced,fr FRA,MF,Bayern Munich,22-179,1999,0.1,4,27.69,3,0,0,0,0,1,0,0.00,0,0,0,0,0,0,Matches
84,Matheus Cunha\dc62b55d,br BRA,FW,Hertha BSC,22-260,1999,0.7,3,4.22,1,0,0,2,0,0,1,1.41,0,0,0,1,0,0,Matches
85,Rafael Czichos\b0a0698b,de GER,DF,Köln,31-273,1990,15.6,7,0.45,6,0,0,0,0,1,2,0.13,1,0,0,0,0,1,Matches
86,Lennart-Marten Czyborra\7ba1f1ef,de GER,DF,Arminia,22-284,1999,1.5,1,0.69,1,0,0,0,0,0,0,0.00,0,0,0,0,0,0,Matches
87,Moanes Dabbur\eac044ad,il ISR,FWMF,Hoffenheim,29-273,1992,8.9,25,2.81,18,0,1,3,1,2,6,0.67,5,0,0,0,0,1,Matches
88,Mahmoud Dahoud\db4ed67b,de GER,MF,Dortmund,26-041,1996,13.3,34,2.56,27,5,1,0,0,1,4,0.30,3,0,1,0,0,0,Matches
89,Márton Dárdai\41bff4fa,de GER,DF,Hertha BSC,19-364,2002,7.0,4,0.57,1,3,0,0,0,0,1,0.14,0,1,0,0,0,0,Matches
90,Vladimír Darida\3eb0f2df,cz CZE,MF,Hertha BSC,31-187,1990,12.0,32,2.67,24,4,0,2,2,0,5,0.42,5,0,0,0,0,0,Matches
91,Alphonso Davies\d781d855,ca CAN,DF,Bayern Munich,21-101,2000,14.1,43,3.06,31,3,6,2,0,1,5,0.36,3,1,1,0,0,0,Matches
92,Saulo Decarli\41df88b8,ch SUI,DF,Bochum,30-007,1992,0.1,0,0.00,0,0,0,0,0,0,0,0.00,0,0,0,0,0,0,Matches
93,Thomas Delaney\fe641c1a,dk DEN,MF,Dortmund,30-161,1991,0.2,0,0.00,0,0,0,0,0,0,0,0.00,0,0,0,0,0,0,Matches
94,Kerem Demirbay\54b4dc4e,de GER,MF,Leverkusen,28-223,1993,16.2,54,3.34,22,26,2,2,2,0,6,0.37,5,1,0,0,0,0,Matches
95,Ermedin Demirović\ed79b7d3,ba BIH,FWMF,Freiburg,23-323,1998,5.0,7,1.40,6,0,0,1,0,0,3,0.60,3,0,0,0,0,0,Matches
96,Mike van der Hoorn\25f50295,nl NED,DF,Arminia,29-119,1992,0.2,0,0.00,0,0,0,0,0,0,0,0.00,0,0,0,0,0,0,Matches
97,Moussa Diaby\aeed5c06,fr FRA,FWMF,Leverkusen,22-219,1999,17.9,55,3.07,48,0,5,0,1,1,9,0.50,9,0,0,0,0,0,Matches
98,Daniel Didavi\d3096421,de GER,FWMF,Stuttgart,31-355,1990,3.1,12,3.90,9,0,2,0,1,0,1,0.32,1,0,0,0,0,0,Matches
99,Javairô Dilrosun\34a0f5ff,nl NED,FW,Hertha BSC,23-234,1998,1.5,1,0.65,0,0,1,0,0,0,0,0.00,0,0,0,0,0,0,Matches
100,Lee Dongjun\96d0b6f0,kr KOR,MF,Hertha BSC,25-010,1997,0.4,0,0.00,0,0,0,0,0,0,0,0.00,0,0,0,0,0,0,Matches
101,Niklas Dorsch\7f73bdf4,de GER,MF,Augsburg,24-027,1998,16.2,20,1.23,13,2,0,1,0,4,2,0.12,2,0,0,0,0,0,Matches
102,Ondrej Duda\79ca3e23,sk SVK,MF,Köln,27-068,1994,14.4,47,3.25,28,2,8,3,4,2,1,0.07,0,0,1,0,0,0,Matches
103,Jeremy Dudziak\5a8d6540,tn TUN,MFFW,Greuther Fürth,26-167,1995,9.8,23,2.34,13,2,2,2,4,0,3,0.31,0,0,1,0,2,0,Matches
104,Erik Durm\cf623c78,de GER,DF,Eint Frankfurt,29-275,1992,5.3,6,1.14,6,0,0,0,0,0,2,0.38,2,0,0,0,0,0,Matches
105,Maximilian Eggestein\beb882a8,de GER,MF,Freiburg,25-065,1996,13.0,25,1.93,19,2,0,2,0,2,3,0.23,3,0,0,0,0,0,Matches
106,Lilian Egloff\2f7fec15,de GER,FWMF,Stuttgart,19-175,2002,0.3,1,3.00,1,0,0,0,0,0,0,0.00,0,0,0,0,0,0,Matches
107,Kingsley Ehizibue\76b2817e,nl NED,DF,Köln,26-262,1995,3.4,6,1.77,6,0,0,0,0,0,1,0.30,1,0,0,0,0,0,Matches
108,Jurgen Ekkelenkamp\73d6a176,nl NED,MFFW,Hertha BSC,21-312,2000,6.8,13,1.90,10,0,0,1,1,1,0,0.00,0,0,0,0,0,0,Matches
109,Nico Elvedi\48035304,ch SUI,DF,M'Gladbach,25-134,1996,17.3,8,0.46,5,2,0,0,0,1,0,0.00,0,0,0,0,0,0,Matches
110,Breel Embolo\0b4f388a,ch SUI,FW,M'Gladbach,24-362,1997,13.2,49,3.72,32,0,2,2,11,2,2,0.15,1,0,0,1,0,0,Matches
111,Keita Endo\1a83027b,jp JPN,MF,Union Berlin,24-081,1997,0.4,2,4.62,1,0,0,0,1,0,0,0.00,0,0,0,0,0,0,Matches
112,Wataru Endo\c149016b,jp JPN,MF,Stuttgart,29-002,1993,20.8,35,1.68,26,0,2,3,2,2,2,0.10,2,0,0,0,0,0,Matches
113,Michael Esser\83e0eeb4,de GER,GK,Bochum,34-081,1987,1.0,1,1.00,0,1,0,0,0,0,0,0.00,0,0,0,0,0,0,Matches
114,Wahidullah Faghir\93c9e7d9,dk DEN,FW,Stuttgart,18-197,2003,1.4,4,2.93,1,0,2,0,0,1,1,0.73,0,0,1,0,0,0,Matches
115,Ömer Faruk Beyaz\8307b663,tr TUR,FWDF,Stuttgart,18-166,2003,0.8,2,2.54,2,0,0,0,0,0,0,0.00,0,0,0,0,0,0,Matches
116,Adrian Fein\60097ff6,de GER,MF,Greuther Fürth,22-330,1999,0.4,1,2.81,1,0,0,0,0,0,0,0.00,0,0,0,0,0,0,Matches
117,Ohis Felix Uduokhai\677da306,de GER,DF,Augsburg,24-155,1997,5.6,2,0.36,2,0,0,0,0,0,0,0.00,0,0,0,0,0,0,Matches
118,Edimilson Fernandes\3bb625ac,ch SUI,DFFW,Arminia,25-302,1996,3.1,10,3.18,9,0,1,0,0,0,0,0.00,0,0,0,0,0,0,Matches
119,Alfreð Finnbogason\f9e7c4ac,is ISL,FWMF,Augsburg,33-010,1989,1.6,3,1.82,2,0,0,1,0,0,2,1.22,1,0,0,1,0,0,Matches
120,Mark Flekken\a92ab7be,nl NED,GK,Freiburg,28-243,1993,19.0,5,0.26,4,1,0,0,0,0,1,0.05,1,0,0,0,0,0,Matches
121,Emil Forsberg\9a2e0ccc,se SWE,MFFW,RB Leipzig,30-111,1991,10.6,35,3.29,24,4,5,2,0,0,1,0.09,1,0,0,0,0,0,Matches
122,Philipp Förster\76fa965f,de GER,FWMF,Stuttgart,27-007,1995,9.5,23,2.42,15,2,2,4,0,0,2,0.21,2,0,0,0,0,0,Matches
123,Timothy Fosu-Mensah\a9142dc3,nl NED,DF,Leverkusen,24-040,1998,0.6,1,1.76,0,0,1,0,0,0,0,0.00,0,0,0,0,0,0,Matches
124,Raphael Framberger\626fab5f,de GER,DFMF,Augsburg,26-158,1995,6.2,8,1.29,6,2,0,0,0,0,0,0.00,0,0,0,0,0,0,Matches
125,Marvin Friedrich\b77f44a4,de GER,DF,M'Gladbach,26-060,1995,3.0,1,0.33,1,0,0,0,0,0,0,0.00,0,0,0,0,0,0,Matches
126,Marvin Friedrich\b77f44a4,de GER,DF,Union Berlin,26-060,1995,13.0,9,0.69,7,0,0,2,0,0,0,0.00,0,0,0,0,0,0,Matches
127,Jeremie Frimpong\74f2e748,nl NED,DF,Leverkusen,21-063,2000,18.8,37,1.96,30,0,5,0,2,0,9,0.48,8,0,0,0,1,0,Matches
128,Chris Führich\0cf778df,de GER,FWDF,Stuttgart,24-033,1998,8.4,35,4.16,22,6,4,2,1,0,3,0.36,1,1,0,1,0,0,Matches
129,Marius Funk\86314793,de GER,GK,Greuther Fürth,26-041,1996,8.0,3,0.37,2,1,0,0,0,0,0,0.00,0,0,0,0,0,0,Matches
130,Stephan Fürstner\18c2e247,de GER,MF,Mainz 05,34-153,1987,0.1,0,0.00,0,0,0,0,0,0,0,0.00,0,0,0,0,0,0,Matches
131,Mijat Gaćinović\16daec92,rs SRB,FWDF,Hoffenheim,27-003,1995,1.2,3,2.45,2,1,0,0,0,0,0,0.00,0,0,0,0,0,0,Matches
132,Cristian Gamboa\f27680d9,cr CRC,DF,Bochum,32-110,1989,8.6,13,1.52,6,4,1,0,2,0,2,0.23,1,1,0,0,0,0,Matches
133,Silvère Ganvoula M'Boussy\6c731625,cg CGO,FW,Bochum,25-234,1996,1.7,1,0.59,1,0,0,0,0,0,0,0.00,0,0,0,0,0,0,Matches
134,Linus Gechter\ad2b068c,de GER,DF,Hertha BSC,17-349,2004,2.5,3,1.18,1,0,0,1,0,1,1,0.39,0,0,0,0,0,1,Matches
135,Dennis Geiger\37f606f0,de GER,MF,Hoffenheim,23-246,1998,12.5,38,3.04,20,11,0,4,2,1,3,0.24,1,1,0,1,0,0,Matches
136,Yannick Gerhardt\62ab9184,de GER,MFDF,Wolfsburg,27-335,1994,10.5,22,2.10,17,0,0,3,2,0,2,0.19,1,0,0,1,0,0,Matches
137,Hamadi Al Ghaddioui\5723931e,ma MAR,FW,Stuttgart,31-142,1990,5.5,10,1.81,9,0,0,1,0,0,3,0.54,3,0,0,0,0,0,Matches
138,Niko Gießelmann\7242b495,de GER,DF,Union Berlin,30-138,1991,16.8,44,2.62,24,15,2,2,1,0,5,0.30,2,2,0,1,0,0,Matches
139,Rafał Gikiewicz\17376543,pl POL,GK,Augsburg,34-108,1987,21.0,6,0.29,3,3,0,0,0,0,0,0.00,0,0,0,0,0,0,Matches
140,Daniel Ginczek\e5f63987,de GER,MFFW,Wolfsburg,30-304,1991,0.1,0,0.00,0,0,0,0,0,0,0,0.00,0,0,0,0,0,0,Matches
141,Matthias Ginter\f521b80a,de GER,DF,M'Gladbach,28-023,1994,17.6,38,2.15,29,2,0,4,2,1,3,0.17,2,0,0,1,0,0,Matches
142,Serge Gnabry\88e357ef,de GER,FWDF,Bayern Munich,26-212,1995,14.4,69,4.78,49,2,6,5,3,4,10,0.69,7,0,1,1,1,0,Matches
143,Leon Goretzka\cc86b9a3,de GER,MF,Bayern Munich,27-005,1995,9.9,45,4.54,40,1,0,2,2,0,5,0.50,5,0,0,0,0,0,Matches
144,Jeffrey Gouweleeuw\1025db8e,nl NED,DF,Augsburg,30-216,1991,15.9,13,0.82,11,1,0,0,0,1,0,0.00,0,0,0,0,0,0,Matches
145,Julian Green\ad1d6fa4,us USA,MF,Greuther Fürth,26-250,1995,6.8,15,2.20,6,6,0,0,2,1,0,0.00,0,0,0,0,0,0,Matches
146,Michael Gregoritsch\8e235926,at AUT,FWMF,Augsburg,27-299,1994,6.9,9,1.31,7,0,0,2,0,0,1,0.15,0,0,0,1,0,0,Matches
147,Sebastian Griesbeck\a8db7ebb,de GER,DFMF,Greuther Fürth,31-131,1990,16.1,3,0.19,3,0,0,0,0,0,0,0.00,0,0,0,0,0,0,Matches
148,Sebastian Griesbeck\a8db7ebb,de GER,MF,Union Berlin,31-131,1990,0.1,0,0.00,0,0,0,0,0,0,0,0.00,0,0,0,0,0,0,Matches
149,Vincenzo Grifo\54e4866f,it ITA,MFFW,Freiburg,28-310,1993,18.4,79,4.30,43,28,2,5,1,0,12,0.65,7,5,0,0,0,0,Matches
150,Lennart Grill\37998008,de GER,GK,Leverkusen,23-017,1999,1.0,0,0.00,0,0,0,0,0,0,0,0.00,0,0,0,0,0,0,Matches
151,Florian Grillitsch\ffbbc83b,at AUT,DFMF,Hoffenheim,26-188,1995,11.6,25,2.15,22,0,1,0,1,1,2,0.17,2,0,0,0,0,0,Matches
152,Carlos Gruezo\f2dd9a21,ec ECU,MF,Augsburg,26-298,1995,4.2,2,0.48,2,0,0,0,0,0,0,0.00,0,0,0,0,0,0,Matches
153,Raphaël Guerreiro\048a1cbc,pt POR,DF,Dortmund,28-051,1993,11.0,33,3.00,21,10,0,1,0,1,4,0.36,4,0,0,0,0,0,Matches
154,Josuha Guilavogui\e6c43eec,fr FRA,MFDF,Wolfsburg,31-145,1990,10.5,13,1.24,10,0,1,2,0,0,1,0.10,0,0,0,1,0,0,Matches
155,Péter Gulácsi\bcb2ccd8,hu HUN,GK,RB Leipzig,31-281,1990,20.0,2,0.10,2,0,0,0,0,0,1,0.05,1,0,0,0,0,0,Matches
156,Manuel Gulde\25ab9c9c,de GER,DF,Freiburg,30-364,1991,9.2,2,0.22,2,0,0,0,0,0,0,0.00,0,0,0,0,0,0,Matches
157,Robert Gumny\1df0c0b9,pl POL,DF,Augsburg,23-252,1998,19.2,17,0.88,13,1,1,1,1,0,1,0.05,0,0,0,1,0,0,Matches
158,Christian Günter\8593f88c,de GER,DF,Freiburg,28-348,1993,21.0,76,3.62,41,28,1,1,5,0,8,0.38,5,1,0,1,1,0,Matches
159,Lasse Günther\00672803,de GER,DF,Augsburg,18-327,2003,0.6,1,1.80,1,0,0,0,0,0,0,0.00,0,0,0,0,0,0,Matches
160,Joško Gvardiol\5ad50391,hr CRO,DF,RB Leipzig,20-019,2002,18.8,20,1.07,18,1,0,1,0,0,4,0.21,4,0,0,0,0,0,Matches
161,Erling Haaland\1f44ac21,no NOR,FW,Dortmund,21-205,2000,12.7,36,2.83,23,0,3,8,2,0,10,0.79,6,0,1,2,1,0,Matches
162,Janik Haberer\70dcf94d,de GER,MF,Freiburg,27-315,1994,5.5,6,1.09,6,0,0,0,0,0,0,0.00,0,0,0,0,0,0,Matches
163,Alexander Hack\a5ec3ede,de GER,DF,Mainz 05,28-156,1993,13.5,5,0.37,5,0,0,0,0,0,1,0.07,1,0,0,0,0,0,Matches
164,Robin Hack\0174ba21,de GER,MFFW,Arminia,23-168,1998,9.1,21,2.31,17,0,2,2,0,0,1,0.11,1,0,0,0,0,0,Matches
165,André Hahn\cd82452e,de GER,FWMF,Augsburg,31-182,1990,14.8,20,1.35,16,0,0,3,0,1,1,0.07,1,0,0,0,0,0,Matches
166,Amadou Haidara\92432bc6,ml MLI,MF,RB Leipzig,24-011,1998,10.0,14,1.40,12,0,1,1,0,0,2,0.20,2,0,0,0,0,0,Matches
167,Genki Haraguchi\f24ea523,jp JPN,MF,Union Berlin,30-278,1991,12.9,27,2.10,24,0,0,1,2,0,4,0.31,4,0,0,0,0,0,Matches
168,Makoto Hasebe\9ab16552,jp JPN,DFMF,Eint Frankfurt,38-024,1984,9.7,4,0.41,4,0,0,0,0,0,0,0.00,0,0,0,0,0,0,Matches
169,Thorgan Hazard\50871bcc,be BEL,FWDF,Dortmund,28-319,1993,8.7,23,2.64,14,4,2,2,0,1,2,0.23,0,0,0,1,0,1,Matches
170,Jonas Hector\c2009df3,de GER,DF,Köln,31-260,1990,18.6,44,2.37,34,5,1,1,0,3,5,0.27,5,0,0,0,0,0,Matches
171,Hwang Hee-chan\169fd162,kr KOR,FW,RB Leipzig,26-016,1996,0.5,1,1.84,0,0,0,0,1,0,0,0.00,0,0,0,0,0,0,Matches
172,Dominique Heintz\699fb8db,de GER,DF,Freiburg,28-180,1993,0.3,0,0.00,0,0,0,0,0,0,0,0.00,0,0,0,0,0,0,Matches
173,Dominique Heintz\699fb8db,de GER,DF,Union Berlin,28-180,1993,1.7,1,0.59,1,0,0,0,0,0,0,0.00,0,0,0,0,0,0,Matches
174,Benjamin Henrichs\0a89e877,de GER,DFMF,RB Leipzig,24-353,1997,6.1,8,1.32,6,0,0,0,0,2,2,0.33,2,0,0,0,0,0,Matches
175,Lucas Hernández\c3ee18ef,fr FRA,DF,Bayern Munich,25-362,1996,14.2,15,1.05,13,0,0,0,2,0,2,0.14,2,0,0,0,0,0,Matches
176,Patrick Herrmann\dfb6490a,de GER,DFFW,M'Gladbach,30-364,1991,7.8,26,3.31,16,8,1,1,0,0,4,0.51,4,0,0,0,0,0,Matches
177,Piero Hincapié\0c7a48f8,ec ECU,DF,Leverkusen,20-033,2002,11.4,8,0.70,6,0,0,2,0,0,2,0.18,1,0,0,1,0,0,Matches
178,Martin Hinteregger\080440a4,at AUT,DF,Eint Frankfurt,29-157,1992,15.7,10,0.64,6,0,0,2,1,1,3,0.19,1,0,0,1,1,0,Matches
179,Marwin Hitz\2e7ff968,ch SUI,GK,Dortmund,34-146,1987,1.5,0,0.00,0,0,0,0,0,0,0,0.00,0,0,0,0,0,0,Matches
180,Nicolas Höfler\5d8e331f,de GER,MF,Freiburg,31-339,1990,18.0,19,1.06,15,0,0,3,1,0,3,0.17,1,0,0,1,1,0,Matches
181,Jonas Hofmann\2903a856,de GER,MFFW,M'Gladbach,29-212,1992,14.1,81,5.74,47,27,2,1,2,2,6,0.43,5,0,1,0,0,0,Matches
182,Lucas Höler\ca618d23,de GER,FWMF,Freiburg,27-216,1994,19.6,59,3.01,45,0,1,4,8,1,6,0.31,3,0,1,0,1,1,Matches
183,Gerrit Holtmann\2979c05a,ph PHI,FWMF,Bochum,26-323,1995,13.3,44,3.31,30,0,8,2,1,3,5,0.38,3,0,1,1,0,0,Matches
184,Justin Hoogma\816192f0,nl NED,DF,Greuther Fürth,23-245,1998,3.0,1,0.33,1,0,0,0,0,0,0,0.00,0,0,0,0,0,0,Matches
185,Jannes Horn\2b83fa49,de GER,DF,Köln,25-005,1997,1.5,2,1.31,1,1,0,0,0,0,0,0.00,0,0,0,0,0,0,Matches
186,Timo Horn\3cd9e95a,de GER,GK,Köln,28-275,1993,12.0,1,0.08,1,0,0,0,0,0,0,0.00,0,0,0,0,0,0,Matches
187,Lukáš Hrádecký\ad3389d5,fi FIN,GK,Leverkusen,32-079,1989,20.0,3,0.15,2,1,0,0,0,0,0,0.00,0,0,0,0,0,0,Matches
188,Branimir Hrgota\710fbdd1,se SWE,FW,Greuther Fürth,29-030,1993,18.3,49,2.68,26,7,8,5,1,2,4,0.22,4,0,0,0,0,0,Matches
189,Ajdin Hrustic\1f2d714c,au AUS,MF,Eint Frankfurt,25-221,1996,5.7,11,1.94,6,3,0,2,0,0,0,0.00,0,0,0,0,0,0,Matches
190,Timo Hübers\94302c52,de GER,DF,Köln,25-206,1996,8.4,4,0.47,4,0,0,0,0,0,0,0.00,0,0,0,0,0,0,Matches
191,Benjamin Hübner\99de6b6f,de GER,DF,Hoffenheim,32-222,1989,1.4,0,0.00,0,0,0,0,0,0,0,0.00,0,0,0,0,0,0,Matches
192,Mats Hummels\05d548d8,de GER,DF,Dortmund,33-057,1988,14.6,11,0.75,7,1,0,2,1,0,2,0.14,1,0,0,1,0,0,Matches
193,Iago\054849d2,br BRA,DF,Augsburg,24-325,1997,13.9,27,1.94,24,1,0,1,1,0,3,0.22,2,1,0,0,0,0,Matches
194,Stefan Ilsanker\8494acc4,at AUT,DFMF,Eint Frankfurt,32-269,1989,1.8,1,0.54,1,0,0,0,0,0,0,0.00,0,0,0,0,0,0,Matches
195,Marcus Ingvartsen\271b8617,dk DEN,FWMF,Mainz 05,26-038,1996,3.7,5,1.36,2,2,0,0,1,0,0,0.00,0,0,0,0,0,0,Matches
196,Marcus Ingvartsen\271b8617,dk DEN,MF,Union Berlin,26-038,1996,1.4,0,0.00,0,0,0,0,0,0,0,0.00,0,0,0,0,0,0,Matches
197,Hiroki Ito\204dded0,jp JPN,DF,Stuttgart,22-275,1999,14.9,13,0.87,11,1,0,0,0,1,0,0.00,0,0,0,0,0,0,Matches
198,Cedric Itten\ef233486,ch SUI,FW,Greuther Fürth,25-046,1996,7.1,8,1.13,6,0,1,0,1,0,0,0.00,0,0,0,0,0,0,Matches
199,Gian-Luca Itter\e6c15f6e,de GER,DF,Greuther Fürth,23-037,1999,5.2,11,2.11,9,1,1,0,0,0,0,0.00,0,0,0,0,0,0,Matches
200,Lee Jae-sung\34b0387f,kr KOR,MFFW,Mainz 05,29-185,1992,12.1,36,2.96,33,1,0,1,1,0,3,0.25,3,0,0,0,0,0,Matches
201,Paul Jaeckel\a93b6f4e,de GER,DF,Union Berlin,23-204,1998,11.7,8,0.68,6,0,0,0,0,2,1,0.09,1,0,0,0,0,0,Matches
202,Kristijan Jakić\a8ee54ad,hr CRO,MF,Eint Frankfurt,24-273,1997,11.1,15,1.36,9,0,0,3,3,0,3,0.27,1,0,0,1,1,0,Matches
203,Tony Jantschke\34b54da7,de GER,DF,M'Gladbach,31-310,1990,2.5,2,0.80,2,0,0,0,0,0,0,0.00,0,0,0,0,0,0,Matches
204,Dennis Jastrzembski\6bba916f,pl POL,DFFW,Hertha BSC,21-356,2000,2.5,5,2.00,4,0,0,0,1,0,0,0.00,0,0,0,0,0,0,Matches
205,Fredrik Jensen\3eeb80e0,fi FIN,MFFW,Augsburg,24-155,1997,4.6,8,1.72,6,1,0,0,1,0,1,0.22,1,0,0,0,0,0,Matches
206,Marco John\d9e196bf,de GER,DF,Hoffenheim,19-315,2002,0.4,1,2.31,1,0,0,0,0,0,0,0.00,0,0,0,0,0,0,Matches
207,Stevan Jovetić\f36c432f,me MNE,FWMF,Hertha BSC,32-101,1989,7.3,20,2.75,14,1,2,0,2,1,3,0.41,1,1,0,0,0,1,Matches
208,Gideon Jung\a2e7de6f,de GER,DF,Greuther Fürth,27-152,1994,1.0,0,0.00,0,0,0,0,0,0,0,0.00,0,0,0,0,0,0,Matches
209,Pavel Kadeřábek\79c90e45,cz CZE,DF,Hoffenheim,29-292,1992,5.6,18,3.20,17,0,0,1,0,0,2,0.36,2,0,0,0,0,0,Matches
210,Florian Kainz\94c18565,at AUT,MFFW,Köln,29-110,1992,16.4,61,3.71,36,18,2,2,1,2,12,0.73,7,2,0,2,0,1,Matches
211,Sasa Kalajdzic\15f24fe7,at AUT,FW,Stuttgart,24-219,1997,4.2,3,0.71,2,0,0,1,0,0,0,0.00,0,0,0,0,0,0,Matches
212,Felix Kalu Nmecha\091c86e2,eng ENG,MFFW,Wolfsburg,21-124,2000,2.3,5,2.15,2,0,0,1,2,0,0,0.00,0,0,0,0,0,0,Matches
213,Daichi Kamada\15b287da,jp JPN,MFFW,Eint Frankfurt,25-190,1996,15.7,49,3.11,35,3,5,2,2,2,5,0.32,4,0,1,0,0,0,Matches
214,Kevin Kampl\b825a650,si SVN,MF,RB Leipzig,31-125,1990,14.6,30,2.06,26,1,0,0,2,1,3,0.21,3,0,0,0,0,0,Matches
215,Stefanos Kapino\62ba5881,gr GRE,GK,Arminia,27-330,1994,1.0,0,0.00,0,0,0,0,0,0,0,0.00,0,0,0,0,0,0,Matches
216,Atakan Karazor\5762be5c,de GER,MFDF,Stuttgart,25-121,1996,10.4,15,1.44,14,0,1,0,0,0,1,0.10,1,0,0,0,0,0,Matches
217,Silas Katompa\de4cac2d,cd COD,FWMF,Stuttgart,23-128,1998,2.2,2,0.91,1,0,0,0,1,0,1,0.45,0,0,0,0,1,0,Matches
218,Noah Katterbach\e27de4fa,de GER,DF,Köln,20-304,2001,0.2,0,0.00,0,0,0,0,0,0,0,0.00,0,0,0,0,0,0,Matches
219,Yannik Keitel\d2c580ce,de GER,MF,Freiburg,21-361,2000,5.6,7,1.25,5,0,0,2,0,0,0,0.00,0,0,0,0,0,0,Matches
220,Marc-Oliver Kempf\815c314f,de GER,DF,Stuttgart,27-014,1995,9.3,13,1.39,12,0,0,0,1,0,0,0.00,0,0,0,0,0,0,Matches
221,Marc-Oliver Kempf\815c314f,de GER,DF,Hertha BSC,27-014,1995,1.0,0,0.00,0,0,0,0,0,0,0,0.00,0,0,0,0,0,0,Matches
222,Rani Khedira\59e4b92e,de GER,MF,Union Berlin,28-015,1994,19.0,15,0.79,9,0,0,2,2,2,1,0.05,1,0,0,0,0,0,Matches
223,Luca Kilian\610aa1e9,de GER,DF,Köln,22-163,1999,12.6,6,0.48,4,1,0,0,0,1,2,0.16,1,1,0,0,0,0,Matches
224,Luca Kilian\610aa1e9,de GER,FW,Mainz 05,22-163,1999,0.0,0,0.00,0,0,0,0,0,0,0,0.00,0,0,0,0,0,0,Matches
225,Joshua Kimmich\49296448,de GER,MFDF,Bayern Munich,27-003,1995,14.8,65,4.40,36,25,1,0,3,0,11,0.74,4,6,0,0,1,0,Matches
226,Philipp Klement\0cddeaa7,de GER,MFFW,Stuttgart,29-155,1992,3.8,17,4.53,12,4,0,0,1,0,1,0.27,0,1,0,0,0,0,Matches
227,Mateo Klimowicz\2b7c56b4,de GER,FWMF,Stuttgart,21-220,2000,6.6,15,2.26,9,0,2,1,3,0,1,0.15,1,0,0,0,0,0,Matches
228,Fabian Klos\e21042ae,de GER,FW,Arminia,34-071,1987,13.3,23,1.72,20,0,2,1,0,0,1,0.07,1,0,0,0,0,0,Matches
229,Lukas Klostermann\ca8033cb,de GER,DF,RB Leipzig,25-254,1996,12.0,9,0.75,8,0,1,0,0,0,3,0.25,2,0,1,0,0,0,Matches
230,Lukas Klünter\92948149,de GER,DF,Hertha BSC,25-261,1996,2.2,3,1.39,2,0,1,0,0,0,0,0.00,0,0,0,0,0,0,Matches
231,Ansgar Knauff\19a967ab,de GER,FWMF,Dortmund,20-032,2002,1.3,4,3.16,4,0,0,0,0,0,0,0.00,0,0,0,0,0,0,Matches
232,Ansgar Knauff\19a967ab,de GER,FW,Eint Frankfurt,20-032,2002,0.0,0,0.00,0,0,0,0,0,0,0,0.00,0,0,0,0,0,0,Matches
233,Robin Knoche\6bd5cd5d,de GER,DF,Union Berlin,29-265,1992,21.0,11,0.52,10,1,0,0,0,0,1,0.05,1,0,0,0,0,0,Matches
234,Gregor Kobel\cd59b9df,ch SUI,GK,Dortmund,24-067,1997,19.5,1,0.05,0,1,0,0,0,0,0,0.00,0,0,0,0,0,0,Matches
235,Dominik Kohr\0fbecd11,de GER,MF,Mainz 05,28-011,1994,8.7,18,2.06,14,0,0,2,0,2,3,0.34,3,0,0,0,0,0,Matches
236,Kouadio Koné\86574238,fr FRA,MF,M'Gladbach,20-270,2001,13.7,31,2.27,25,0,3,0,3,0,1,0.07,0,0,0,0,1,0,Matches
237,Odilon Kossonou\1f3afdcb,ci CIV,DF,Leverkusen,21-038,2001,11.4,7,0.62,7,0,0,0,0,0,0,0.00,0,0,0,0,0,0,Matches
238,Filip Kostić\b1cd37e6,rs SRB,DFFW,Eint Frankfurt,29-102,1992,17.1,78,4.56,44,28,1,4,1,0,9,0.53,6,3,0,0,0,0,Matches
239,Nianzou Kouassi\5853ac44,fr FRA,DFMF,Bayern Munich,19-249,2002,2.0,1,0.50,1,0,0,0,0,0,1,0.50,1,0,0,0,0,0,Matches
240,Andrej Kramarić\603cb947,hr CRO,FWMF,Hoffenheim,30-237,1991,18.2,55,3.02,42,2,2,4,5,0,10,0.55,10,0,0,0,0,0,Matches
241,Christoph Kramer\496aeede,de GER,MF,M'Gladbach,30-357,1991,5.2,9,1.73,8,0,0,0,0,1,0,0.00,0,0,0,0,0,0,Matches
242,Florian Krüger\f9f92b5f,de GER,FWMF,Arminia,22-363,1999,8.5,14,1.64,13,0,0,1,0,0,2,0.23,2,0,0,0,0,0,Matches
243,Max Kruse\f9446dcd,de GER,FW,Wolfsburg,33-329,1988,0.9,2,2.20,2,0,0,0,0,0,0,0.00,0,0,0,0,0,0,Matches
244,Max Kruse\f9446dcd,de GER,FWMF,Union Berlin,33-329,1988,14.1,55,3.90,39,5,2,7,1,1,10,0.71,7,0,0,3,0,0,Matches
245,Lukas Kübler\2a29eb9b,de GER,DF,Freiburg,29-165,1992,17.3,15,0.87,14,1,0,0,0,0,1,0.06,1,0,0,0,0,0,Matches
246,Fabian Kunze\d25fee56,de GER,MF,Arminia,23-242,1998,8.8,7,0.79,6,0,0,0,1,0,0,0.00,0,0,0,0,0,0,Matches
247,Maxence Lacroix\277c49ed,fr FRA,DF,Wolfsburg,21-311,2000,17.6,13,0.74,11,1,0,0,0,1,0,0.00,0,0,0,0,0,0,Matches
248,Konrad Laimer\c1b7847c,at AUT,MF,RB Leipzig,24-260,1997,6.1,10,1.63,9,0,0,1,0,0,1,0.16,0,0,0,1,0,0,Matches
249,Stefan Lainer\4aea5077,at AUT,DF,M'Gladbach,29-168,1992,6.7,7,1.05,5,0,0,0,2,0,0,0.00,0,0,0,0,0,0,Matches
250,Vassilis Lambropoulos\591477c9,gr GRE,DF,Bochum,31-317,1990,13.0,6,0.46,5,0,0,1,0,0,0,0.00,0,0,0,0,0,0,Matches
251,Sam Lammers\c283ddef,nl NED,FW,Eint Frankfurt,24-287,1997,4.3,5,1.17,4,0,0,1,0,0,0,0.00,0,0,0,0,0,0,Matches
252,Bryan Lasme\ebac0ace,fr FRA,FWMF,Arminia,23-089,1998,6.9,11,1.59,8,0,1,1,1,0,0,0.00,0,0,0,0,0,0,Matches
253,Maxim Leitsch\7e12a98d,de GER,DF,Bochum,23-269,1998,7.1,1,0.14,1,0,0,0,0,0,0,0.00,0,0,0,0,0,0,Matches
254,Tim Lemperle\792ffa71,de GER,FWMF,Köln,20-006,2002,0.8,3,3.91,3,0,0,0,0,0,0,0.00,0,0,0,0,0,0,Matches
255,Christopher Lenz\bbd86530,de GER,DF,Eint Frankfurt,27-142,1994,4.9,15,3.07,10,5,0,0,0,0,1,0.20,0,1,0,0,0,0,Matches
256,Robert Lewandowski\8d78e732,pl POL,FW,Bayern Munich,33-174,1988,20.1,72,3.58,50,0,9,6,5,2,11,0.55,8,0,1,2,0,0,Matches
257,Jamie Leweling\13fe7b69,de GER,FWMF,Greuther Fürth,20-350,2001,12.5,20,1.60,12,0,3,1,4,0,2,0.16,1,0,0,0,1,0,Matches
258,Philipp Lienhart\302527b2,at AUT,DF,Freiburg,25-215,1996,20.9,10,0.48,6,0,0,3,1,0,1,0.05,0,0,0,1,0,0,Matches
259,Jesper Lindstrøm\37dc1a48,dk DEN,MFFW,Eint Frankfurt,21-347,2000,13.6,44,3.25,30,5,4,2,2,1,3,0.22,2,1,0,0,0,0,Matches
260,Dejan Ljubicic\c455a2b2,at AUT,MFFW,Köln,24-126,1997,14.2,47,3.31,41,0,1,2,2,1,0,0.00,0,0,0,0,0,0,Matches
261,Jürgen Locadia\6cc47ae1,nl NED,FW,Bochum,28-096,1993,1.7,8,4.71,5,0,1,2,0,0,2,1.18,1,0,0,1,0,0,Matches
262,Anthony Losilla\07c7eb0c,fr FRA,MF,Bochum,35-338,1986,19.6,28,1.43,19,0,1,3,1,4,1,0.05,1,0,0,0,0,0,Matches
263,Eduard Löwen\70678132,de GER,MF,Bochum,25-014,1997,11.0,36,3.28,20,13,0,3,0,0,2,0.18,0,2,0,0,0,0,Matches
264,Anderson Lucoqui\5569bf9a,ao ANG,DF,Mainz 05,24-220,1997,5.7,8,1.41,6,1,0,1,0,0,0,0.00,0,0,0,0,0,0,Matches
265,Dodi Lukebakio\0c61c77c,be BEL,FWMF,Wolfsburg,24-140,1997,8.9,28,3.16,15,0,9,1,3,0,7,0.79,5,0,2,0,0,0,Matches
266,Dodi Lukebakio\0c61c77c,be BEL,FW,Hertha BSC,24-140,1997,2.0,2,1.02,0,0,0,0,2,0,1,0.51,0,0,0,0,1,0,Matches
267,Andreas Luthe\7fe12375,de GER,GK,Union Berlin,34-338,1987,20.0,0,0.00,0,0,0,0,0,0,0,0.00,0,0,0,0,0,0,Matches
268,Matej Maglica\36cf2caf,hr CRO,DF,Stuttgart,23-139,1998,0.1,0,0.00,0,0,0,0,0,0,0,0.00,0,0,0,0,0,0,Matches
269,Arne Maier\ab700320,de GER,MF,Augsburg,23-034,1999,12.8,33,2.58,20,9,2,1,1,0,3,0.23,0,2,0,1,0,0,Matches
270,Donyell Malen\864163f3,nl NED,FW,Dortmund,23-023,1999,14.4,40,2.77,29,0,3,3,5,0,8,0.55,6,0,0,0,2,0,Matches
271,Lennard Maloney\75402e99,us USA,DF,Dortmund,22-126,1999,0.0,0,0.00,0,0,0,0,0,0,0,0.00,0,0,0,0,0,0,Matches
272,Orel Mangala\a572e291,be BEL,MF,Stuttgart,23-330,1998,13.5,28,2.08,23,0,3,0,1,1,5,0.37,5,0,0,0,0,0,Matches
273,Myziane Maolida\706a60e1,fr FRA,FWMF,Hertha BSC,22-362,1999,7.1,12,1.70,8,0,2,1,1,0,2,0.28,2,0,0,0,0,0,Matches
274,Omar Marmoush\0e0102eb,eg EGY,FWMF,Stuttgart,23-004,1999,9.1,31,3.40,15,8,7,1,0,0,5,0.55,3,1,0,1,0,0,Matches
275,Omar Marmoush\0e0102eb,eg EGY,FW,Wolfsburg,23-004,1999,0.3,1,3.75,1,0,0,0,0,0,0,0.00,0,0,0,0,0,0,Matches
276,Aarón Martín\2f3e911a,es ESP,DF,Mainz 05,24-295,1997,15.1,44,2.92,26,16,0,1,1,0,2,0.13,1,1,0,0,0,0,Matches
277,Josep Martinez\11d8aff0,es ESP,GK,RB Leipzig,23-260,1998,1.0,0,0.00,0,0,0,0,0,0,0,0.00,0,0,0,0,0,0,Matches
278,Erhan Mašović\a396fb61,rs SRB,DF,Bochum,23-081,1998,12.2,1,0.08,1,0,0,0,0,0,0,0.00,0,0,0,0,0,0,Matches
279,Roberto Massimo\fc62fdf4,de GER,DFFW,Stuttgart,21-122,2000,9.2,19,2.07,13,0,3,3,0,0,2,0.22,0,0,1,1,0,0,Matches
280,Konstantinos Mavropanos\00963611,gr GRE,DF,Stuttgart,24-062,1997,17.4,10,0.57,6,0,0,2,0,2,4,0.23,2,0,0,1,0,1,Matches
281,Eric Maxim Choupo-Moting\0e6bc38c,cm CMR,FWMF,Bayern Munich,32-325,1989,1.7,4,2.34,2,0,0,2,0,0,1,0.58,0,0,0,1,0,0,Matches
282,Kevin Mbabu\493924a7,ch SUI,DF,Wolfsburg,26-298,1995,10.7,30,2.80,16,7,3,1,3,0,0,0.00,0,0,0,0,0,0,Matches
283,Nathan de Medina\d686dbc0,be BEL,DF,Arminia,24-126,1997,3.4,1,0.29,0,0,0,1,0,0,0,0.00,0,0,0,0,0,0,Matches
284,Admir Mehmedi\b500b384,ch SUI,MF,Wolfsburg,30-332,1991,0.0,1,22.50,1,0,0,0,0,0,0,0.00,0,0,0,0,0,0,Matches
285,Jorge Meré\9f979eb2,es ESP,DF,Köln,24-300,1997,5.4,4,0.73,3,1,0,0,0,0,0,0.00,0,0,0,0,0,0,Matches
286,Thomas Meunier\e162b013,be BEL,DF,Dortmund,30-152,1991,15.6,28,1.80,24,0,0,2,2,0,7,0.45,6,0,0,0,1,0,Matches
287,Marco Meyerhöfer\0b104510,de GER,DF,Greuther Fürth,26-085,1995,18.3,21,1.15,18,0,1,0,1,1,0,0.00,0,0,0,0,0,0,Matches
288,Sven Michel\1e274a0a,de GER,FW,Union Berlin,31-211,1990,0.3,1,3.00,1,0,0,0,0,0,0,0.00,0,0,0,0,0,0,Matches
289,Enzo Millot\f76022e7,fr FRA,MF,Stuttgart,19-209,2002,0.4,1,2.81,1,0,0,0,0,0,0,0.00,0,0,0,0,0,0,Matches
290,Maximilian Mittelstädt\88d4144a,de GER,DFFW,Hertha BSC,24-330,1997,11.6,23,1.98,15,3,0,0,3,2,6,0.52,4,0,0,0,2,0,Matches
291,Anthony Modeste\34e4343c,fr FRA,FW,Köln,33-303,1988,18.7,25,1.34,19,0,0,3,3,0,0,0.00,0,0,0,0,0,0,Matches
292,Kevin Möhwald\a5ce09f2,de GER,MF,Union Berlin,28-223,1993,1.5,4,2.59,3,0,0,1,0,0,0,0.00,0,0,0,0,0,0,Matches
293,Clinton Mola\29ddfb9c,eng ENG,DF,Stuttgart,20-333,2001,1.3,1,0.80,1,0,0,0,0,0,0,0.00,0,0,0,0,0,0,Matches
294,Jan Morávek\e7d22eae,cz CZE,MF,Augsburg,32-102,1989,3.6,13,3.64,12,0,0,0,0,1,0,0.00,0,0,0,0,0,0,Matches
295,Ilaix Moriba\f4c69aa6,gn GUI,MF,RB Leipzig,19-023,2003,0.4,0,0.00,0,0,0,0,0,0,0,0.00,0,0,0,0,0,0,Matches
296,Youssoufa Moukoko\6ce43701,de GER,FW,Dortmund,17-083,2004,1.3,5,3.72,4,0,0,1,0,0,1,0.74,0,0,0,1,0,0,Matches
297,Nordi Mukiele\ac73ec79,fr FRA,DF,RB Leipzig,24-102,1997,12.4,15,1.21,14,0,0,1,0,0,1,0.08,1,0,0,0,0,0,Matches
298,Florian Müller\cbac6ec9,de GER,GK,Stuttgart,24-090,1997,17.0,3,0.18,2,1,0,0,0,0,0,0.00,0,0,0,0,0,0,Matches
299,Thomas Müller\3c6089ab,de GER,MF,Bayern Munich,32-151,1989,19.2,99,5.16,91,2,1,3,0,2,21,1.09,20,0,0,0,0,1,Matches
300,Torben Müsel\d01b9ad6,de GER,MF,M'Gladbach,22-201,1999,0.1,0,0.00,0,0,0,0,0,0,0,0.00,0,0,0,0,0,0,Matches
301,Jamal Musiala\2c0558b8,de GER,MFFW,Bayern Munich,18-350,2003,9.8,38,3.86,32,0,3,1,2,0,7,0.71,5,0,2,0,0,0,Matches
302,Obite N'Dicka\441197b8,fr FRA,DF,Eint Frankfurt,22-175,1999,19.0,15,0.79,10,2,0,2,0,1,3,0.16,1,0,0,2,0,0,Matches
303,Nikolas Nartey\30261ba1,dk DEN,MFDF,Stuttgart,21-354,2000,4.5,10,2.23,9,0,0,0,1,0,0,0.00,0,0,0,0,0,0,Matches
304,Paul Nebel\1b6d8083,de GER,MFFW,Mainz 05,19-124,2002,2.3,5,2.20,3,2,0,0,0,0,1,0.44,1,0,0,0,0,0,Matches
305,David Nemeth\da76715c,at AUT,DF,Mainz 05,20-330,2001,3.0,0,0.00,0,0,0,0,0,0,0,0.00,0,0,0,0,0,0,Matches
306,Luca Netz\e79269bd,de GER,DF,M'Gladbach,18-272,2003,9.0,19,2.10,13,4,0,2,0,0,4,0.44,3,1,0,0,0,0,Matches
307,Manuel Neuer\8778c910,de GER,GK,Bayern Munich,35-321,1986,20.0,4,0.20,4,0,0,0,0,0,1,0.05,1,0,0,0,0,0,Matches
308,Florian Neuhaus\36a59ba4,de GER,MFFW,M'Gladbach,24-332,1997,11.6,18,1.55,15,0,1,1,1,0,0,0.00,0,0,0,0,0,0,Matches
309,Moussa Niakhate\00242715,fr FRA,DF,Mainz 05,25-340,1996,15.5,22,1.42,18,3,0,0,1,0,1,0.06,1,0,0,0,0,0,Matches
310,Florian Niederlechner\d6862409,de GER,FW,Augsburg,31-110,1990,6.7,17,2.54,11,0,2,2,1,1,3,0.45,2,0,0,0,1,0,Matches
311,Håvard Nielsen\b18ef366,no NOR,MFFW,Greuther Fürth,28-211,1993,11.2,13,1.16,10,0,1,0,2,0,2,0.18,2,0,0,0,0,0,Matches
312,Joakim Nilsson\c562c5b4,se SWE,DF,Arminia,28-005,1994,19.4,7,0.36,5,1,0,0,0,1,1,0.05,1,0,0,0,0,0,Matches
313,Christopher Nkunku\7c56da38,fr FRA,FWMF,RB Leipzig,24-089,1997,19.5,88,4.52,54,3,12,8,8,3,17,0.87,9,0,2,2,3,1,Matches
314,Lukas Nmecha\0cc5f4a5,de GER,FWMF,Wolfsburg,23-059,1998,10.5,25,2.37,15,0,3,3,4,0,1,0.09,1,0,0,0,0,0,Matches
315,Håvard Nordtveit\6cafd68d,no NOR,DFFW,Hoffenheim,31-235,1990,0.8,0,0.00,0,0,0,0,0,0,0,0.00,0,0,0,0,0,0,Matches
316,Connor Noß\ccc6d365,ie IRL,MF,M'Gladbach,21-041,2001,0.0,0,0.00,0,0,0,0,0,0,0,0.00,0,0,0,0,0,0,Matches
317,Hugo Novoa\5458f670,es ESP,MFFW,RB Leipzig,19-041,2003,1.2,2,1.67,2,0,0,0,0,0,0,0.00,0,0,0,0,0,0,Matches
318,Soma Novothny\6fb91ea9,hu HUN,FWMF,Bochum,27-240,1994,0.9,1,1.13,0,0,0,0,1,0,0,0.00,0,0,0,0,0,0,Matches
319,Hans Nunoo Sarpei\9593331d,gh GHA,DFMF,Greuther Fürth,23-173,1998,7.1,4,0.56,4,0,0,0,0,0,0,0.00,0,0,0,0,0,0,Matches
320,Bastian Oczipka\d1661819,de GER,DF,Union Berlin,33-030,1989,3.9,8,2.05,6,2,0,0,0,0,2,0.51,2,0,0,0,0,0,Matches
321,Masaya Okugawa\63b9cc6d,jp JPN,MFFW,Arminia,25-303,1996,17.6,29,1.65,23,0,1,1,2,2,3,0.17,2,0,0,1,0,0,Matches
322,Dani Olmo\ae44e8e2,es ESP,MF,RB Leipzig,23-280,1998,2.4,6,2.45,3,0,1,0,2,0,0,0.00,0,0,0,0,0,0,Matches
323,Karim Onisiwo\f26834c7,at AUT,FW,Mainz 05,29-331,1992,15.8,43,2.71,28,0,6,3,4,2,9,0.57,7,0,1,1,0,0,Matches
324,Willi Orban\20030c06,hu HUN,DF,RB Leipzig,29-100,1992,16.4,12,0.73,10,0,0,1,1,0,1,0.06,1,0,0,0,0,0,Matches
325,Stefan Ortega\c1242d4e,de GER,GK,Arminia,29-097,1992,20.0,9,0.45,7,2,0,0,0,0,0,0.00,0,0,0,0,0,0,Matches
326,Patrick Osterhage\9662c9ec,de GER,MF,Bochum,22-010,2000,1.6,1,0.61,0,0,0,0,1,0,0,0.00,0,0,0,0,0,0,Matches
327,Tomáš Ostrák\3ba95f20,cz CZE,MFFW,Köln,22-006,2000,0.2,1,5.00,1,0,0,0,0,0,1,5.00,1,0,0,0,0,0,Matches
328,Paulo Otávio\1cbe4984,br BRA,DF,Wolfsburg,27-080,1994,4.0,5,1.24,4,0,0,0,1,0,1,0.25,1,0,0,0,0,0,Matches
329,Reece Oxford\8b6e0db2,eng ENG,DF,Augsburg,23-057,1998,17.0,5,0.29,5,0,0,0,0,0,1,0.06,1,0,0,0,0,0,Matches
330,Salih Özcan\15413fa5,de GER,MF,Köln,24-031,1998,14.6,31,2.12,27,1,0,0,2,1,2,0.14,2,0,0,0,0,0,Matches
331,Levin Öztunalı\66385c46,de GER,MFFW,Union Berlin,25-333,1996,5.4,11,2.05,9,0,0,0,2,0,0,0.00,0,0,0,0,0,0,Matches
332,Gonçalo Paciência\962e54cb,pt POR,FW,Eint Frankfurt,27-194,1994,1.8,4,2.18,2,0,0,1,1,0,1,0.55,0,0,0,0,1,0,Matches
333,Exequiel Palacios\e82adcab,ar ARG,MF,Leverkusen,23-129,1998,7.4,12,1.63,11,0,0,0,0,1,4,0.54,3,0,0,0,0,1,Matches
334,Miloš Pantović\5dc15574,rs SRB,MFFW,Bochum,25-219,1996,11.0,33,2.99,22,6,0,2,3,0,2,0.18,2,0,0,0,0,0,Matches
335,Antonios Papadopoulos\13d23b29,de GER,DF,Dortmund,22-154,1999,0.1,0,0.00,0,0,0,0,0,0,0,0.00,0,0,0,0,0,0,Matches
336,Matondo-Merveille Papela\b4b08774,de GER,MF,Mainz 05,21-024,2001,0.2,0,0.00,0,0,0,0,0,0,0,0.00,0,0,0,0,0,0,Matches
337,Felix Passlack\5c899683,de GER,DF,Dortmund,23-258,1998,2.2,4,1.83,3,0,0,0,1,0,0,0.00,0,0,0,0,0,0,Matches
338,Paulinho\53070b63,br BRA,FW,Leverkusen,21-211,2000,5.7,22,3.89,13,0,2,2,4,1,2,0.35,2,0,0,0,0,0,Matches
339,Benjamin Pavard\45a03961,fr FRA,DF,Bayern Munich,25-320,1996,12.5,26,2.08,22,0,0,2,0,2,3,0.24,3,0,0,0,0,0,Matches
340,Mads Pedersen\582a5247,dk DEN,DFMF,Augsburg,25-163,1996,10.1,18,1.78,9,4,2,1,2,0,0,0.00,0,0,0,0,0,0,Matches
341,Peter Pekarík\c18d22f5,sk SVK,DF,Hertha BSC,35-104,1986,12.4,7,0.56,5,1,0,0,1,0,0,0.00,0,0,0,0,0,0,Matches
342,Philipp Pentke\c41f7379,de GER,GK,Hoffenheim,36-286,1985,1.0,0,0.00,0,0,0,0,0,0,0,0.00,0,0,0,0,0,0,Matches
343,Ricardo Pepi\a2b1ed42,us USA,FW,Augsburg,19-033,2003,1.9,4,2.12,4,0,0,0,0,0,0,0.00,0,0,0,0,0,0,Matches
344,Pavao Pervan\c89e8aae,at AUT,GK,Wolfsburg,34-090,1987,2.0,0,0.00,0,0,0,0,0,0,0,0.00,0,0,0,0,0,0,Matches
345,Nils Petersen\f93e6e94,de GER,FWMF,Freiburg,33-067,1988,1.5,3,2.01,2,0,0,0,0,1,0,0.00,0,0,0,0,0,0,Matches
346,Jens Petter Hauge\12c35abe,no NOR,FWMF,Eint Frankfurt,22-122,1999,6.5,20,3.06,17,0,1,2,0,0,3,0.46,3,0,0,0,0,0,Matches
347,Maximilian Philipp\061e8e23,de GER,MF,Wolfsburg,27-347,1994,7.9,30,3.79,20,2,2,0,5,1,4,0.50,3,0,1,0,0,0,Matches
348,Krzysztof Piątek\17f3620a,pl POL,FW,Hertha BSC,26-225,1995,3.9,4,1.04,1,0,0,2,1,0,1,0.26,0,0,0,1,0,0,Matches
349,Amos Pieper\526ea7cc,de GER,DF,Arminia,24-025,1998,18.9,11,0.58,7,0,0,2,0,2,0,0.00,0,0,0,0,0,0,Matches
350,Marvin Plattenhardt\f7aa75bd,de GER,DF,Hertha BSC,30-016,1992,12.9,37,2.87,10,25,0,1,1,0,2,0.15,1,1,0,0,0,0,Matches
351,Alassane Pléa\bc6bd723,fr FRA,FWMF,M'Gladbach,28-338,1993,11.8,55,4.67,41,1,4,3,5,1,2,0.17,2,0,0,0,0,0,Matches
352,Joel Pohjanpalo\ea003d07,fi FIN,FW,Leverkusen,27-151,1994,0.1,0,0.00,0,0,0,0,0,0,0,0.00,0,0,0,0,0,0,Matches
353,Sebastian Polter\3745e8bd,de GER,FW,Bochum,30-316,1991,16.3,32,1.97,24,0,2,1,5,0,2,0.12,2,0,0,0,0,0,Matches
354,Marin Pongračić\2a6cd437,hr CRO,DF,Dortmund,24-153,1997,5.2,1,0.19,1,0,0,0,0,0,0,0.00,0,0,0,0,0,0,Matches
355,Stefan Posch\7f609bfc,at AUT,DF,Hoffenheim,24-273,1997,14.9,7,0.47,7,0,0,0,0,0,2,0.13,2,0,0,0,0,0,Matches
356,Yussuf Poulsen\d2416c2e,dk DEN,FWMF,RB Leipzig,27-241,1994,6.8,22,3.22,16,0,0,2,3,1,5,0.73,3,0,0,0,2,0,Matches
357,Manuel Prietl\901c0f97,at AUT,MF,Arminia,30-192,1991,16.4,21,1.28,13,0,4,1,0,3,3,0.18,3,0,0,0,0,0,Matches
358,Grischa Prömel\924f9191,de GER,MF,Union Berlin,27-033,1995,15.0,21,1.40,16,1,0,1,2,1,4,0.27,3,0,0,0,0,1,Matches
359,Afimico Pululu\32c016f8,fr FRA,FW,Greuther Fürth,22-325,1999,0.1,0,0.00,0,0,0,0,0,0,0,0.00,0,0,0,0,0,0,Matches
360,Sidney Raebiger\a8090a41,de GER,MF,RB Leipzig,16-300,2005,0.0,0,0.00,0,0,0,0,0,0,0,0.00,0,0,0,0,0,0,Matches
361,Diant Ramaj\b90c4a43,de GER,GK,Eint Frankfurt,20-145,2001,1.0,0,0.00,0,0,0,0,0,0,0,0.00,0,0,0,0,0,0,Matches
362,Guilherme Ramos\df9c3473,pt POR,DF,Arminia,24-184,1997,1.7,0,0.00,0,0,0,0,0,0,0,0.00,0,0,0,0,0,0,Matches
363,Tobias Raschl\bd992863,de GER,MF,Greuther Fürth,21-355,2000,0.2,0,0.00,0,0,0,0,0,0,0,0.00,0,0,0,0,0,0,Matches
364,David Raum\7d450ed3,de GER,DF,Hoffenheim,23-295,1998,18.7,77,4.12,53,19,0,3,1,1,8,0.43,6,1,0,1,0,0,Matches
365,Reinier\6b21b7b5,br BRA,MFFW,Dortmund,20-023,2002,0.7,3,4.58,2,0,0,1,0,0,0,0.00,0,0,0,0,0,0,Matches
366,Panagiotis Retsos\4bd00a50,gr GRE,DFFW,Leverkusen,23-186,1998,0.4,1,2.81,1,0,0,0,0,0,0,0.00,0,0,0,0,0,0,Matches
367,Marco Reus\36a3ff67,de GER,MFFW,Dortmund,32-256,1989,19.0,69,3.63,50,6,0,4,8,1,12,0.63,8,0,0,0,3,1,Matches
368,Elvis Rexhbeçaj\1ae836b1,de GER,MF,Bochum,24-102,1997,18.7,32,1.71,21,4,0,1,6,0,4,0.21,3,0,0,0,1,0,Matches
369,Gio Reyna\7fa4e703,us USA,MF,Dortmund,19-090,2002,2.8,11,3.99,8,3,0,0,0,0,0,0.00,0,0,0,0,0,0,Matches
370,Chris Richards\0a3d6d2b,us USA,DF,Bayern Munich,21-320,2000,0.0,0,0.00,0,0,0,0,0,0,0,0.00,0,0,0,0,0,0,Matches
371,Chris Richards\0a3d6d2b,us USA,DF,Hoffenheim,21-320,2000,12.5,9,0.72,7,0,0,2,0,0,4,0.32,3,0,0,1,0,0,Matches
372,Omar Richards\f9b1b7bf,eng ENG,DF,Bayern Munich,23-361,1998,3.0,4,1.35,4,0,0,0,0,0,0,0.00,0,0,0,0,0,0,Matches
373,Marco Richter\f972644c,de GER,FWMF,Hertha BSC,24-079,1997,12.6,25,1.98,13,7,1,2,1,1,1,0.08,0,0,0,0,0,1,Matches
374,Manuel Riemann\9f941969,de GER,GK,Bochum,33-155,1988,20.0,8,0.40,8,0,0,0,0,0,0,0.00,0,0,0,0,0,0,Matches
375,Marc Roca\da27e268,es ESP,MF,Bayern Munich,25-077,1996,3.7,6,1.64,3,2,0,1,0,0,1,0.27,1,0,0,0,0,0,Matches
376,Sebastian Rode\e12b0b5b,de GER,MF,Eint Frankfurt,31-123,1990,5.3,18,3.40,18,0,0,0,0,0,1,0.19,1,0,0,0,0,0,Matches
377,Romario Rösch\87ebfdb8,de GER,MF,Mainz 05,22-225,1999,0.0,0,0.00,0,0,0,0,0,0,0,0.00,0,0,0,0,0,0,Matches
378,Jérôme Roussillon\13203c45,fr FRA,DF,Wolfsburg,29-036,1993,11.6,21,1.81,16,1,2,1,0,1,0,0.00,0,0,0,0,0,0,Matches
379,Sebastian Rudy\80f36c88,de GER,MF,Hoffenheim,31-348,1990,6.7,11,1.63,8,2,0,1,0,0,1,0.15,1,0,0,0,0,0,Matches
380,Georginio Rutter\c64c01fc,fr FRA,FWMF,Hoffenheim,19-297,2002,11.0,27,2.45,13,0,5,3,4,2,4,0.36,2,0,2,0,0,0,Matches
381,Julian Ryerson\009a4f60,no NOR,DF,Union Berlin,24-086,1997,8.6,17,1.97,13,0,1,3,0,0,2,0.23,1,0,0,1,0,0,Matches
382,Frederik Rønnow\a70b8345,dk DEN,GK,Union Berlin,29-191,1992,1.0,0,0.00,0,0,0,0,0,0,0,0.00,0,0,0,0,0,0,Matches
383,Marcel Sabitzer\e280527c,at AUT,MFFW,RB Leipzig,27-331,1994,0.5,3,5.51,3,0,0,0,0,0,0,0.00,0,0,0,0,0,0,Matches
384,Marcel Sabitzer\e280527c,at AUT,MFDF,Bayern Munich,27-331,1994,5.7,12,2.12,10,0,0,1,0,1,1,0.18,1,0,0,0,0,0,Matches
385,Roland Sallai\bf075f6b,hu HUN,MFFW,Freiburg,24-265,1997,8.2,20,2.44,13,0,0,4,3,0,2,0.24,1,0,0,1,0,0,Matches
386,Diadie Samassékou\08593525,ml MLI,MF,Hoffenheim,26-031,1996,9.0,10,1.11,8,0,1,1,0,0,2,0.22,1,0,0,1,0,0,Matches
387,Leroy Sané\2b114be3,de GER,FWMF,Bayern Munich,26-031,1996,14.7,77,5.25,56,8,4,6,2,1,11,0.75,9,0,0,2,0,0,Matches
388,Mohamed Sankoh\be625686,nl NED,FW,Stuttgart,18-118,2003,0.0,1,22.50,0,0,0,1,0,0,0,0.00,0,0,0,0,0,0,Matches
389,Baptiste Santamaria\5e22e2a4,fr FRA,MF,Freiburg,26-339,1995,0.2,1,4.29,1,0,0,0,0,0,0,0.00,0,0,0,0,0,0,Matches
390,Bouna Sarr\1a4b9094,sn SEN,DF,Bayern Munich,30-011,1992,0.7,0,0.00,0,0,0,0,0,0,0,0.00,0,0,0,0,0,0,Matches
391,Joseph Scally\236f02cd,us USA,DF,M'Gladbach,19-042,2002,16.8,30,1.79,27,1,1,0,1,0,2,0.12,2,0,0,0,0,0,Matches
392,Kevin Schade\52afb588,de GER,FWMF,Freiburg,20-076,2001,8.5,18,2.12,8,0,0,3,7,0,3,0.35,1,0,0,0,2,0,Matches
393,Louis Schaub\b50ec54b,at AUT,MF,Köln,27-044,1994,5.2,17,3.27,13,1,1,1,1,0,3,0.58,3,0,0,0,0,0,Matches
394,Patrik Schick\5d4f7d61,cz CZE,FW,Leverkusen,26-018,1996,15.7,32,2.04,20,0,2,8,2,0,11,0.70,7,0,1,1,2,0,Matches
395,Kingsley Schindler\bd527260,de GER,DFMF,Köln,28-214,1993,2.4,6,2.49,3,1,0,1,1,0,3,1.24,2,1,0,0,0,0,Matches
396,Xaver Schlager\8f056768,at AUT,MF,Wolfsburg,24-136,1997,2.6,5,1.89,5,0,0,0,0,0,1,0.38,1,0,0,0,0,0,Matches
397,Keven Schlotterbeck\f6bdc830,de GER,DF,Freiburg,24-289,1997,2.1,2,0.97,2,0,0,0,0,0,0,0.00,0,0,0,0,0,0,Matches
398,Nico Schlotterbeck\34e12499,de GER,DF,Freiburg,22-072,1999,18.2,30,1.65,20,0,1,5,3,1,1,0.05,0,0,0,1,0,0,Matches
399,Jonathan Schmid\088ca1bd,fr FRA,DF,Freiburg,31-230,1990,2.1,5,2.37,2,0,0,1,1,1,0,0.00,0,0,0,0,0,0,Matches
400,Benno Schmitz\ad00b1a8,de GER,DF,Köln,27-086,1994,18.7,44,2.35,39,4,0,1,0,0,8,0.43,7,0,0,1,0,0,Matches
401,Alessandro Schöpf\106bca06,at AUT,MF,Arminia,28-004,1994,17.4,66,3.80,42,11,3,3,6,1,4,0.23,3,0,0,0,1,0,Matches
402,Nico Schulz\fa274d97,de GER,DF,Dortmund,28-316,1993,6.8,8,1.18,6,0,0,0,0,2,2,0.30,2,0,0,0,0,0,Matches
403,Marvin Schwäbe\87436846,de GER,GK,Köln,26-292,1995,9.0,2,0.22,1,1,0,0,0,0,0,0.00,0,0,0,0,0,0,Matches
404,Alexander Schwolow\0d55d942,de GER,GK,Hertha BSC,29-254,1992,21.0,1,0.05,1,0,0,0,0,0,0,0.00,0,0,0,0,0,0,Matches
405,Paul Seguin\8872ed17,de GER,MF,Greuther Fürth,26-319,1995,18.0,36,2.00,27,4,1,2,2,0,3,0.17,3,0,0,0,0,0,Matches
406,Davie Selke\1238a3f9,de GER,FW,Hertha BSC,27-022,1995,5.4,4,0.75,4,0,0,0,0,0,0,0.00,0,0,0,0,0,0,Matches
407,Suat Serdar\b3325a30,de GER,MFFW,Hertha BSC,24-306,1997,16.0,30,1.88,18,0,4,1,6,1,2,0.13,2,0,0,0,0,0,Matches
408,Janni Serra\40b58bfc,de GER,FW,Arminia,23-335,1998,5.8,11,1.89,9,0,1,0,0,1,2,0.34,1,0,1,0,0,0,Matches
409,Zidan Sertdemir\eec1f7f4,dk DEN,MFFW,Leverkusen,17-007,2005,0.2,1,5.00,0,1,0,0,0,0,0,0.00,0,0,0,0,0,0,Matches
410,Nils Seufert\0da32a38,de GER,MF,Greuther Fürth,25-008,1997,1.1,0,0.00,0,0,0,0,0,0,0,0.00,0,0,0,0,0,0,Matches
411,Kiliann Sildillia\313254a3,fr FRA,DF,Freiburg,19-271,2002,1.2,3,2.57,3,0,0,0,0,0,1,0.86,1,0,0,0,0,0,Matches
412,André Silva\3effaa34,pt POR,FW,RB Leipzig,26-097,1995,15.5,29,1.87,17,0,4,5,3,0,7,0.45,4,0,0,2,1,0,Matches
413,Mohamed Simakan\fcb27134,fr FRA,DF,RB Leipzig,21-284,2000,14.5,12,0.83,10,0,0,1,1,0,1,0.07,0,0,0,0,1,0,Matches
414,Daley Sinkgraven\73000a79,nl NED,DF,Leverkusen,26-222,1995,2.6,4,1.55,4,0,0,0,0,0,0,0.00,0,0,0,0,0,0,Matches
415,Ellyes Skhiri\c2211709,tn TUN,MF,Köln,26-277,1995,8.6,5,0.58,5,0,0,0,0,0,0,0.00,0,0,0,0,0,0,Matches
416,Robert Skov\ff98492b,dk DEN,DFFW,Hoffenheim,25-267,1996,2.7,7,2.57,1,3,0,3,0,0,2,0.73,0,0,0,2,0,0,Matches
417,Danilo Soares\c05f2f8c,br BRA,DF,Bochum,30-105,1991,19.5,31,1.59,23,3,1,0,1,3,1,0.05,0,0,0,0,1,0,Matches
418,Yann Sommer\420c18a1,ch SUI,GK,M'Gladbach,33-056,1988,21.0,1,0.05,1,0,0,0,0,0,1,0.05,1,0,0,0,0,0,Matches
419,Borna Sosa\af0d79a9,hr CRO,DF,Stuttgart,24-021,1998,16.8,53,3.16,35,15,0,1,2,0,7,0.42,5,1,0,0,1,0,Matches
420,Djibril Sow\4c6facae,ch SUI,MF,Eint Frankfurt,25-005,1997,18.9,42,2.22,33,1,0,1,4,3,6,0.32,4,0,0,0,1,1,Matches
421,Jerry St. Juste\90339309,nl NED,DF,Mainz 05,25-115,1996,6.7,6,0.89,4,0,0,1,0,1,0,0.00,0,0,0,0,0,0,Matches
422,Anton Stach\0f59a7bf,de GER,MF,Mainz 05,23-088,1998,10.4,15,1.45,10,1,0,2,2,0,4,0.39,4,0,0,0,0,0,Matches
423,Kostas Stafylidis\861e0116,gr GRE,DF,Bochum,28-071,1993,10.2,14,1.38,5,4,1,2,0,2,2,0.20,0,0,0,1,0,1,Matches
424,Josip Stanišić\7ed08d5c,hr CRO,DF,Bayern Munich,21-315,2000,4.5,8,1.77,7,0,0,1,0,0,1,0.22,0,0,0,1,0,0,Matches
425,Niklas Stark\aad48be9,de GER,DF,Hertha BSC,26-303,1995,18.2,9,0.49,6,1,0,1,0,1,1,0.05,0,0,0,0,0,1,Matches
426,Renato Steffen\dd669209,ch SUI,FWMF,Wolfsburg,30-100,1991,9.1,30,3.31,20,0,0,2,5,3,3,0.33,2,0,0,1,0,0,Matches
427,Pascal Stenzel\99f7e9aa,de GER,DF,Stuttgart,25-328,1996,2.6,4,1.51,3,1,0,0,0,0,0,0.00,0,0,0,0,0,0,Matches
428,Angelo Stiller\3b1ed320,de GER,MF,Hoffenheim,20-313,2001,9.9,14,1.42,13,0,0,1,0,0,3,0.30,3,0,0,0,0,0,Matches
429,Lars Stindl\7cd6badb,de GER,MFFW,M'Gladbach,33-169,1988,14.3,43,3.01,40,0,0,2,1,0,7,0.49,7,0,0,0,0,0,Matches
430,Kevin Stöger\e5649a78,at AUT,MF,Mainz 05,28-168,1993,2.3,17,7.54,13,2,0,0,1,1,1,0.44,1,0,0,0,0,0,Matches
431,Tobias Strobl\17780d2b,de GER,MFDF,Augsburg,31-275,1990,3.6,4,1.11,3,0,0,0,1,0,0,0.00,0,0,0,0,0,0,Matches
432,Niklas Süle\e33c06cf,de GER,DF,Bayern Munich,26-161,1995,14.7,17,1.15,12,0,2,3,0,0,4,0.27,3,0,0,1,0,0,Matches
433,Ádám Szalai\53e07d0b,hu HUN,FW,Mainz 05,34-064,1987,2.8,6,2.12,6,0,0,0,0,0,0,0.00,0,0,0,0,0,0,Matches
434,Dominik Szoboszlai\934e1968,hu HUN,MFFW,RB Leipzig,21-109,2000,12.3,60,4.86,38,17,1,1,1,2,10,0.81,6,3,1,0,0,0,Matches
435,Jonathan Tah\bd142efb,de GER,DF,Leverkusen,26-000,1996,20.9,15,0.72,12,0,0,2,0,1,2,0.10,1,0,0,1,0,0,Matches
436,Edmond Tapsoba\a73c8f95,bf BFA,DF,Leverkusen,23-009,1999,7.7,2,0.26,2,0,0,0,0,0,0,0.00,0,0,0,0,0,0,Matches
437,Niklas Tauer\27270af4,de GER,MFDF,Mainz 05,20-359,2001,2.8,2,0.70,1,0,0,0,0,1,1,0.35,1,0,0,0,0,0,Matches
438,Robert Tesche\037130ca,de GER,MF,Bochum,34-260,1987,3.2,0,0.00,0,0,0,0,0,0,0,0.00,0,0,0,0,0,0,Matches
439,Cedric Teuchert\f956479d,de GER,MFFW,Union Berlin,25-028,1997,1.2,3,2.57,2,0,0,1,0,0,0,0.00,0,0,0,0,0,0,Matches
440,Jan Thielmann\fd53759d,de GER,MFFW,Köln,19-261,2002,8.5,28,3.29,26,1,1,0,0,0,6,0.71,5,0,1,0,0,0,Matches
441,Erik Thommy\df8e7b62,de GER,FWDF,Stuttgart,27-175,1994,0.9,3,3.51,2,0,0,1,0,0,1,1.17,0,0,0,1,0,0,Matches
442,Marcus Thuram\6f8cd6d0,fr FRA,FWMF,M'Gladbach,24-189,1997,5.2,12,2.30,7,0,2,0,2,1,0,0.00,0,0,0,0,0,0,Matches
443,Alexis Tibidi\ca6f4846,fr FRA,FWMF,Stuttgart,18-100,2003,3.1,7,2.29,5,0,0,1,1,0,0,0.00,0,0,0,0,0,0,Matches
444,Steffen Tigges\6b8887c2,de GER,FWMF,Dortmund,23-195,1998,1.2,1,0.81,1,0,0,0,0,0,0,0.00,0,0,0,0,0,0,Matches
445,Malik Tillman\a5420709,de GER,FWMF,Bayern Munich,19-259,2002,1.2,3,2.60,3,0,0,0,0,0,0,0.00,0,0,0,0,0,0,Matches
446,Timothy Tillman\a5bea1fb,de GER,MF,Greuther Fürth,23-038,1999,11.0,24,2.18,12,5,3,1,1,2,3,0.27,2,0,0,0,0,1,Matches
447,Corentin Tolisso\652d4c37,fr FRA,MF,Bayern Munich,27-192,1994,6.4,21,3.28,20,1,0,0,0,0,4,0.62,4,0,0,0,0,0,Matches
448,Tiago Tomás\b492126a,pt POR,MF,Stuttgart,19-240,2002,0.1,0,0.00,0,0,0,0,0,0,0,0.00,0,0,0,0,0,0,Matches
449,Jordan Torunarigha\f86cabbd,de GER,DF,Hertha BSC,24-188,1997,5.4,3,0.56,2,0,1,0,0,0,1,0.19,1,0,0,0,0,0,Matches
450,Almamy Touré\c8c60119,ml MLI,DF,Eint Frankfurt,25-289,1996,4.5,2,0.45,2,0,0,0,0,0,0,0.00,0,0,0,0,0,0,Matches
451,Lucas Tousart\71ec39ef,fr FRA,MF,Hertha BSC,24-288,1997,8.8,14,1.59,12,0,0,0,0,2,0,0.00,0,0,0,0,0,0,Matches
452,Kevin Trapp\ce17b5eb,de GER,GK,Eint Frankfurt,31-218,1990,20.0,3,0.15,3,0,0,0,0,0,0,0.00,0,0,0,0,0,0,Matches
453,Christopher Trimmel\056d2d95,at AUT,DF,Union Berlin,34-352,1987,13.3,35,2.62,21,12,0,1,0,1,1,0.07,1,0,0,0,0,0,Matches
454,Tuta\35d64857,br BRA,DF,Eint Frankfurt,22-222,1999,12.6,6,0.48,4,1,0,0,1,0,0,0.00,0,0,0,0,0,0,Matches
455,Sven Ulreich\7d3e7da6,de GER,GK,Bayern Munich,33-192,1988,1.0,0,0.00,0,0,0,0,0,0,0,0.00,0,0,0,0,0,0,Matches
456,Dayot Upamecano\d248cd8f,fr FRA,DF,Bayern Munich,23-107,1998,14.1,15,1.07,13,0,0,1,0,1,3,0.21,3,0,0,0,0,0,Matches
457,Benjamin Uphoff\a9a6fc08,de GER,GK,Freiburg,28-187,1993,2.0,0,0.00,0,0,0,0,0,0,0,0.00,0,0,0,0,0,0,Matches
458,Mark Uth\a3ddb1b9,de GER,FWMF,Köln,30-171,1991,12.0,51,4.26,25,13,1,4,5,3,3,0.25,1,1,0,0,0,1,Matches
459,Ruben Vargas\6ecbddf6,ch SUI,MFFW,Augsburg,23-190,1998,14.9,32,2.14,26,0,3,2,0,1,2,0.13,2,0,0,0,0,0,Matches
460,Sebastian Vasiliadis\d3112d86,gr GRE,MF,Arminia,24-130,1997,5.9,7,1.18,7,0,0,0,0,0,1,0.17,1,0,0,0,0,0,Matches
461,Mickey van de Ven\8fe2a392,nl NED,DF,Wolfsburg,20-298,2001,0.4,0,0.00,0,0,0,0,0,0,0,0.00,0,0,0,0,0,0,Matches
462,Nick Viergever\e38f1636,nl NED,DF,Greuther Fürth,32-192,1989,10.7,5,0.47,5,0,0,0,0,0,0,0.00,0,0,0,0,0,0,Matches
463,Andreas Voglsammer\daa78200,de GER,FW,Union Berlin,30-033,1992,6.1,12,1.96,10,0,1,1,0,0,3,0.49,1,0,1,1,0,0,Matches
464,Kevin Vogt\1d8e9add,de GER,DF,Hoffenheim,30-141,1991,18.9,21,1.11,19,0,0,0,1,1,4,0.21,4,0,0,0,0,0,Matches
465,Aster Vranckx\f86cd5df,be BEL,MFFW,Wolfsburg,19-130,2002,8.6,18,2.09,11,1,4,2,0,0,1,0.12,1,0,0,0,0,0,Matches
466,Luca Waldschmidt\e5a35ae9,de GER,MFFW,Wolfsburg,25-268,1996,7.8,15,1.93,9,2,0,2,2,0,2,0.26,0,0,0,1,1,0,Matches
467,Paul Wanner\cb64672e,de GER,FWMF,Bayern Munich,16-050,2005,0.4,1,2.57,1,0,0,0,0,0,0,0.00,0,0,0,0,0,0,Matches
468,Wout Weghorst\c4e87b8b,nl NED,FW,Wolfsburg,29-188,1992,17.3,38,2.20,29,0,2,4,3,0,3,0.17,3,0,0,0,0,0,Matches
469,Noah Weißhaupt\dd676a97,de GER,MFFW,Freiburg,20-144,2001,0.5,2,4.09,2,0,0,0,0,0,0,0.00,0,0,0,0,0,0,Matches
470,Silvan Widmer\f68b64fc,ch SUI,DF,Mainz 05,28-343,1993,20.5,28,1.37,23,1,1,0,1,2,5,0.24,5,0,0,0,0,0,Matches
471,Jetro Willems\9050ddc4,nl NED,DF,Greuther Fürth,27-318,1994,13.1,18,1.38,16,1,0,1,0,0,1,0.08,1,0,0,0,0,0,Matches
472,Patrick Wimmer\cb11b429,at AUT,FWMF,Arminia,20-257,2001,12.5,51,4.08,27,6,6,5,3,4,7,0.56,5,0,0,1,1,0,Matches
473,Jonas Wind\2077ae86,dk DEN,FW,Wolfsburg,23-004,1999,0.7,2,2.81,1,0,0,0,1,0,0,0.00,0,0,0,0,0,0,Matches
474,Frederik Winther\a1257b5e,dk DEN,DF,Augsburg,21-038,2001,2.0,0,0.00,0,0,0,0,0,0,0,0.00,0,0,0,0,0,0,Matches
475,Florian Wirtz\e7fcf289,de GER,MFFW,Leverkusen,18-284,2003,16.3,84,5.16,60,10,7,2,2,3,21,1.29,13,3,4,0,0,1,Matches
476,Axel Witsel\5dfc6ad5,be BEL,MFDF,Dortmund,33-030,1989,11.6,7,0.60,7,0,0,0,0,0,1,0.09,1,0,0,0,0,0,Matches
477,Hannes Wolf\be42a291,at AUT,FWMF,M'Gladbach,22-301,1999,3.4,7,2.05,5,0,0,0,0,2,0,0.00,0,0,0,0,0,0,Matches
478,Marius Wolf\fa661778,de GER,DFFW,Dortmund,26-260,1995,6.4,16,2.50,10,0,1,4,1,0,1,0.16,1,0,0,0,0,0,Matches
479,Jeong Woo-yeong\6190474d,kr KOR,FWMF,Freiburg,22-144,1999,13.8,32,2.33,26,0,1,4,0,1,2,0.15,1,0,0,1,0,0,Matches
480,Joscha Wosz\80c9e555,de GER,DF,RB Leipzig,19-206,2002,0.1,0,0.00,0,0,0,0,0,0,0,0.00,0,0,0,0,0,0,Matches
481,Dan-Axel Zagadou\a4effc55,fr FRA,DF,Dortmund,22-253,1999,3.7,3,0.81,2,0,0,1,0,0,0,0.00,0,0,0,0,0,0,Matches
482,Denis Zakaria\384d58d9,ch SUI,MFDF,M'Gladbach,25-083,1996,15.5,25,1.61,19,0,1,2,2,1,4,0.26,2,0,0,1,1,0,Matches
483,Deyovaisio Zeefuik\58a2e9f6,nl NED,DFMF,Hertha BSC,23-337,1998,6.3,9,1.43,7,1,0,0,1,0,0,0.00,0,0,0,0,0,0,Matches
484,Robin Zentner\5c4bf6ba,de GER,GK,Mainz 05,27-106,1994,21.0,1,0.05,1,0,0,0,0,0,0,0.00,0,0,0,0,0,0,Matches
485,Andi Zeqiri\d01231f0,ch SUI,FWMF,Augsburg,22-234,1999,10.1,16,1.58,14,0,0,0,1,1,2,0.20,2,0,0,0,0,0,Matches
486,Simon Zoller\29f7cfd9,de GER,FW,Bochum,30-230,1991,4.0,7,1.75,6,0,0,0,1,0,2,0.50,2,0,0,0,0,0,Matches