,,,,,,,,,Pass Types,Pass Types,Pass Types,Pass Types,Pass Types,Pass Types,Pass Types,Pass Types,Corner Kicks,Corner Kicks,Corner Kicks,Height,Height,Height,Body Parts,Body Parts,Body Parts,Body Parts,Body Parts,,Outcomes,Outcomes,Outcomes,Outcomes,
Rk,Player,Nation,Pos,Squad,Age,Born,90s,Att,Live,Dead,FK,TB,Press,Sw,Crs,CK,In,Out,Str,Ground,Low,High,Left,Right,Head,TI,Other,Cmp,Off,Out,Int,Blocks,Matches
1,Dickson Abiama\cadd666a,ng NGA,FW,Greuther Fürth,23-100,1998,6.6,117,108,9,1,1,35,0,2,0,0,0,0,73,27,17,25,62,18,0,3,77,2,5,4,6,Matches
2,Ragnar Ache\dc38e3bc,de GER,FWMF,Eint Frankfurt,23-198,1998,1.4,56,54,2,0,0,22,1,6,0,0,0,0,30,13,13,8,32,2,2,0,29,1,2,3,5,Matches
3,Tyler Adams\2b09d998,us USA,MF,RB Leipzig,22-362,1999,11.3,715,688,27,14,1,117,4,3,0,0,0,0,559,67,89,107,542,35,13,3,623,3,5,18,16,Matches
4,Sargis Adamyan\22919e97,am ARM,FWMF,Hoffenheim,28-264,1993,3.7,99,94,5,0,0,27,0,6,0,0,0,0,67,13,19,20,59,7,5,3,73,0,3,6,7,Matches
5,Amine Adli\dcfb17f4,fr FRA,FWMF,Leverkusen,21-277,2000,9.9,361,346,15,1,1,79,2,9,2,0,0,0,292,50,19,287,44,8,8,4,277,4,4,25,13,Matches
6,Naouirou Ahamada\a6c58494,fr FRA,MF,Stuttgart,19-319,2002,0.7,33,32,1,1,0,7,2,0,0,0,0,0,28,2,3,4,28,1,0,0,29,0,1,1,0,Matches
7,Manuel Akanji\89ac64a6,ch SUI,DF,Dortmund,26-207,1995,16.4,1234,1199,35,34,0,115,51,1,0,0,0,0,1004,72,158,255,919,37,1,1,1125,1,16,16,9,Matches
8,Kevin Akpoguma\6ec6fde0,ng NGA,DF,Hoffenheim,26-298,1995,11.6,617,455,162,10,0,89,16,26,0,0,0,0,319,183,115,52,385,16,152,1,459,2,16,27,27,Matches
9,Lucas Alario\834d0be5,ar ARG,FW,Leverkusen,29-126,1992,2.5,50,48,2,0,1,14,0,1,0,0,0,0,33,14,3,2,37,4,0,2,35,0,0,2,1,Matches
10,Nadiem Amiri\555d5edd,de GER,MFFW,Leverkusen,25-107,1996,4.1,222,213,9,1,0,45,14,3,5,1,4,0,177,19,26,19,199,2,2,0,183,1,3,5,2,Matches
11,Sebastian Andersson\b4cf5806,se SWE,FW,Köln,30-211,1991,9.3,171,164,7,0,0,75,1,12,0,0,0,0,82,54,35,21,94,17,1,16,114,0,4,7,7,Matches
12,Andrés Andrade Cedeño\6ea23758,pa PAN,DF,Arminia,23-118,1998,7.7,332,259,73,4,0,44,8,8,0,0,0,0,156,71,105,200,28,25,69,1,219,1,7,17,8,Matches
13,Fredrik André Bjørkan\3724baa1,no NOR,DFMF,Hertha BSC,23-174,1998,0.5,20,16,4,0,0,4,0,1,0,0,0,0,13,4,3,9,6,1,4,0,17,0,0,0,1,Matches
14,Robert Andrich\e0b113a7,de GER,MF,Leverkusen,27-142,1994,12.5,558,541,17,15,4,85,6,1,0,0,0,0,382,81,95,93,398,41,2,5,455,2,13,12,13,Matches
15,Angeliño\30941e96,es ESP,DF,RB Leipzig,25-038,1997,16.4,987,794,193,29,2,124,45,89,34,15,8,1,495,163,329,755,60,32,130,1,714,3,17,23,30,Matches
16,Waldemar Anton\5e66fa06,de GER,DF,Stuttgart,25-206,1996,17.8,1162,1102,60,27,1,114,16,11,0,0,0,0,895,106,161,155,915,37,30,3,1004,2,22,18,14,Matches
17,Christopher Antwi-Adjei\0a3f6cde,gh GHA,FWMF,Bochum,28-004,1994,8.1,178,163,15,0,1,45,2,17,0,0,0,0,106,35,37,31,112,11,15,1,111,1,4,12,13,Matches
18,Charles Aránguiz\56413b1f,cl CHI,MF,Leverkusen,32-300,1989,8.6,490,476,14,11,1,83,21,3,0,0,0,0,328,74,88,38,418,21,3,4,414,2,4,14,11,Matches
19,Maximilian Arnold\86e119e0,de GER,MF,Wolfsburg,27-260,1994,20.5,1181,1024,157,100,1,141,75,36,53,33,19,0,720,109,352,886,233,34,4,6,932,7,22,35,19,Matches
20,Takuma Asano\13ddc856,jp JPN,FW,Bochum,27-093,1994,9.6,198,196,2,0,1,36,3,11,0,0,0,0,129,32,37,61,119,8,0,2,132,1,3,9,17,Matches
21,Santiago Ascacíbar\e26fcca3,ar ARG,MF,Hertha BSC,24-351,1997,17.1,860,807,53,47,0,140,23,2,0,0,0,0,616,124,120,160,610,62,6,3,718,3,16,29,25,Matches
22,Fisnik Asllani\35f67a30,xk KVX,MFFW,Hoffenheim,19-187,2002,0.1,7,7,0,0,0,4,0,0,0,0,0,0,5,2,0,1,6,0,0,0,6,0,0,0,0,Matches
23,Simon Asta\dfc85b89,de GER,DF,Greuther Fürth,21-017,2001,2.9,157,120,37,0,0,20,3,4,0,0,0,0,73,32,52,3,105,9,37,0,117,0,2,7,9,Matches
24,Taiwo Awoniyi\e5478b87,ng NGA,FW,Union Berlin,24-183,1997,14.0,262,259,3,0,2,101,0,3,0,0,0,0,162,61,39,44,161,17,0,15,172,1,7,18,16,Matches
25,Mitchel Bakker\a8567629,nl NED,DF,Leverkusen,21-236,2000,12.4,728,621,107,11,0,105,8,20,0,0,0,0,495,143,90,535,75,14,96,0,607,1,8,34,18,Matches
26,Ridle Baku\442b56fa,de GER,DFFW,Wolfsburg,23-309,1998,17.4,817,672,145,10,2,105,29,32,5,1,0,0,468,179,170,123,528,23,130,1,634,2,12,30,32,Matches
27,Aymen Barkok\a2a85828,ma MAR,FWMF,Eint Frankfurt,23-266,1998,1.1,43,32,11,0,0,6,1,0,1,0,1,0,21,6,16,4,20,4,10,2,30,0,3,3,1,Matches
28,Leandro Barreiro Martins\00242b75,lu LUX,MF,Mainz 05,22-039,2000,15.2,398,394,4,3,2,103,2,6,1,0,0,0,256,75,67,62,272,41,0,7,284,2,10,12,18,Matches
29,Jacob Barrett Laursen\c0d3bd23,dk DEN,DF,Arminia,27-086,1994,11.6,538,385,153,16,0,74,14,22,15,7,1,0,247,139,152,276,95,31,122,5,373,0,12,17,32,Matches
30,Abdourahmane Barry\8df328f4,fr FRA,DF,Greuther Fürth,21-355,2000,2.3,115,93,22,4,0,18,7,6,0,0,0,0,59,27,29,15,72,4,17,1,88,0,2,3,5,Matches
31,Maximilian Bauer\44a20f0c,de GER,DF,Greuther Fürth,22-002,2000,13.7,597,568,29,28,2,91,20,0,0,0,0,0,436,48,113,79,462,35,1,0,483,2,15,13,8,Matches
32,Oliver Baumann\47064058,de GER,GK,Hoffenheim,31-254,1990,20.0,926,761,165,40,0,91,20,0,0,0,0,0,621,29,276,158,637,1,0,108,735,3,28,3,1,Matches
33,Timo Baumgartl\bd7d2e6d,de GER,DF,Union Berlin,25-344,1996,15.1,743,709,34,30,0,84,25,4,0,0,0,0,528,63,152,172,502,33,4,4,603,2,21,20,6,Matches
34,Julian Baumgartlinger\69374ff5,at AUT,MF,Leverkusen,34-040,1988,0.1,8,8,0,0,0,0,0,0,0,0,0,0,5,3,0,0,7,1,0,0,7,0,0,0,0,Matches
35,Christoph Baumgartner\437f2b00,at AUT,MFFW,Hoffenheim,22-194,1999,10.0,359,349,10,1,0,92,9,15,2,1,0,0,213,64,82,52,260,18,7,5,263,0,9,14,11,Matches
36,Noah Joel Sarenren Bazee\fbbc8e15,ng NGA,MFFW,Augsburg,25-174,1996,1.2,25,21,4,0,0,8,1,6,0,0,0,0,13,7,5,3,16,1,4,0,19,0,1,0,1,Matches
37,Ihlas Bebou\a53b661f,tg TOG,FWDF,Hoffenheim,27-294,1994,14.4,396,351,45,1,0,90,6,27,0,0,0,0,224,110,62,37,274,18,37,11,283,0,6,23,24,Matches
38,Sheraldo Becker\8eb55dbb,sr SUR,FWMF,Union Berlin,27-002,1995,9.0,285,281,4,0,1,58,15,45,1,0,0,0,167,61,57,36,230,12,1,1,178,0,9,11,22,Matches
39,Kevin Behrens\30ae134d,de GER,FWMF,Union Berlin,31-008,1991,4.4,148,144,4,0,2,60,0,3,0,0,0,0,78,33,37,25,65,14,0,9,101,1,5,4,6,Matches
40,Ishak Belfodil\ff182fdc,dz ALG,FW,Hertha BSC,30-030,1992,10.3,260,239,21,1,0,73,0,13,0,0,0,0,168,51,41,14,196,19,1,7,181,2,4,15,8,Matches
41,Stefan Bell\857a5abe,de GER,DF,Mainz 05,30-171,1991,19.1,851,823,28,22,0,137,11,5,0,0,0,0,531,107,213,110,628,57,6,2,665,4,14,19,13,Matches
42,Armel Bella Kotchap\a39d11bc,de GER,DF,Bochum,20-062,2001,9.9,347,335,12,6,0,36,6,0,0,0,0,0,229,48,70,85,210,24,6,6,285,1,14,6,1,Matches
43,Karim Bellarabi\bee0bab1,de GER,FWMF,Leverkusen,31-309,1990,6.0,210,199,11,0,1,33,4,14,3,1,1,0,152,34,24,19,177,3,8,2,157,0,3,17,6,Matches
44,Jude Bellingham\57d88cf9,eng ENG,MF,Dortmund,18-227,2003,18.0,871,853,18,11,1,215,23,10,1,0,1,0,679,96,96,139,668,27,6,10,742,1,8,28,25,Matches
45,George Bello\aca0a525,us USA,DF,Arminia,20-020,2002,0.2,7,6,1,0,0,2,0,0,0,0,0,0,6,1,0,5,1,0,1,0,6,0,0,1,0,Matches
46,László Bénes\fe888e39,sk SVK,MF,M'Gladbach,24-155,1997,2.6,185,162,23,11,0,29,10,5,11,5,3,0,127,11,47,156,14,8,1,1,140,1,2,5,3,Matches
47,Keanan Bennetts\f4c7c708,eng ENG,FWDF,M'Gladbach,22-339,1999,0.6,23,21,2,0,0,5,2,2,0,0,0,0,18,3,2,10,10,0,2,0,17,0,0,1,1,Matches
48,Ramy Bensebaini\378825c7,dz ALG,DF,M'Gladbach,26-301,1995,11.5,697,615,82,22,1,86,16,8,0,0,0,0,470,120,107,445,151,25,57,0,568,5,14,24,13,Matches
49,Louis Beyer\9af1f9ff,de GER,DF,M'Gladbach,21-268,2000,6.5,457,432,25,8,0,42,11,3,0,0,0,0,363,50,44,64,356,14,17,3,415,0,4,9,5,Matches
50,Bartosz Bialek\763b8b37,pl POL,FW,Wolfsburg,20-092,2001,0.4,12,12,0,0,0,2,0,0,0,0,0,0,5,4,3,2,10,0,0,0,8,0,0,0,2,Matches
51,Danny Blum\eb61713c,de GER,FW,Bochum,31-035,1991,2.5,116,100,16,10,0,19,9,10,6,2,4,0,56,13,47,91,8,8,0,0,77,1,4,4,6,Matches
52,Kevin-Prince Boateng\f4ec4fd0,gh GHA,MFFW,Hertha BSC,34-342,1987,4.3,197,180,17,14,0,42,8,2,0,0,0,0,122,29,46,21,154,11,2,1,154,1,5,5,8,Matches
53,Herbert Bockhorn\5ad8c360,de GER,DFMF,Bochum,27-011,1995,5.2,200,167,33,0,0,33,4,9,0,0,0,0,99,53,48,39,110,9,33,0,139,1,7,10,11,Matches
54,Jean-Paul Boëtius\635f2732,nl NED,MF,Mainz 05,27-326,1994,12.7,551,494,57,31,2,96,33,19,23,13,9,1,345,83,123,98,422,15,3,8,401,6,8,22,14,Matches
55,Tarsis Bonga\6ebbc28a,de GER,FW,Bochum,25-032,1997,0.0,4,4,0,0,0,1,0,0,0,0,0,0,2,2,0,3,1,0,0,0,2,0,0,0,2,Matches
56,Solomon Bonnah\dd7b6eb8,nl NED,DF,RB Leipzig,18-176,2003,0.1,4,4,0,0,0,1,0,0,0,0,0,0,4,0,0,2,2,0,0,0,4,0,0,0,0,Matches
57,Sebastiaan Bornauw\01834aa0,be BEL,DF,Wolfsburg,22-326,1999,12.7,649,627,22,16,0,64,22,2,0,0,0,0,483,53,113,97,476,38,4,1,560,3,10,5,7,Matches
58,Rafael Borré\c68da769,co COL,FW,Eint Frankfurt,26-149,1995,18.6,501,461,40,2,2,157,7,15,1,0,0,0,317,116,68,28,392,23,5,15,364,2,9,18,28,Matches
59,Dedryck Boyata\7c473e12,be BEL,DF,Hertha BSC,31-075,1990,11.1,451,437,14,13,0,58,13,0,0,0,0,0,347,37,67,55,359,26,0,2,397,1,9,7,2,Matches
60,Julian Brandt\a167537f,de GER,MFFW,Dortmund,25-285,1996,14.1,846,774,72,11,3,146,35,28,53,20,27,0,617,93,136,158,643,25,6,9,653,3,16,39,22,Matches
61,Iker Bravo\db8c8860,es ESP,FW,Leverkusen,17-029,2005,0.1,0,0,0,0,0,0,0,0,0,0,0,0,0,0,0,0,0,0,0,0,0,0,0,0,0,Matches
62,Fabian Bredlow\d28339cb,de GER,GK,Stuttgart,26-346,1995,4.0,127,87,40,3,0,10,0,0,0,0,0,0,101,3,23,60,41,0,0,22,115,0,1,1,0,Matches
63,Josip Brekalo\d4a2533d,hr CRO,MF,Wolfsburg,23-233,1998,0.2,18,18,0,0,0,6,1,2,0,0,0,0,9,5,4,4,13,0,0,0,13,0,0,1,2,Matches
64,Brian Brobbey\4c184730,nl NED,FW,RB Leipzig,20-010,2002,1.5,38,36,2,0,0,15,0,0,0,0,0,0,26,8,4,1,29,4,0,1,32,0,0,1,1,Matches
65,John Brooks\e27da244,us USA,DF,Wolfsburg,29-014,1993,16.1,991,952,39,35,1,77,48,4,0,0,0,0,719,80,192,730,174,49,3,9,846,3,19,17,14,Matches
66,Daniel Brosinski\a7813ac4,de GER,DF,Mainz 05,33-209,1988,3.3,188,139,49,2,0,21,3,11,3,1,1,0,80,37,71,9,127,6,44,0,119,0,6,7,10,Matches
67,Cédric Brunner\f0a37d36,ch SUI,DF,Arminia,27-359,1994,19.0,860,634,226,24,2,126,21,38,11,3,3,0,344,144,372,79,500,60,191,4,550,4,23,30,26,Matches
68,Jacob Bruun Larsen\4e204552,dk DEN,FWMF,Hoffenheim,23-145,1998,5.2,175,164,11,0,2,31,2,5,3,3,0,0,120,25,30,36,117,14,7,0,130,0,4,7,10,Matches
69,Sascha Burchert\25bdea4b,de GER,GK,Greuther Fürth,32-104,1989,13.0,506,359,147,36,0,25,5,0,0,0,0,0,177,19,310,30,376,0,0,42,307,4,14,4,2,Matches
70,Delano Burgzorg\05e2d5ea,nl NED,MF,Mainz 05,23-096,1998,0.0,1,1,0,0,0,0,0,0,0,0,0,0,1,0,0,0,1,0,0,0,1,0,0,0,0,Matches
71,Jonathan Burkardt\05f99a4a,de GER,FW,Mainz 05,21-215,2000,17.7,363,341,22,0,0,113,7,12,0,0,0,0,247,65,51,67,252,13,1,14,260,2,6,18,21,Matches
72,Daniel Caligiuri\d1273f09,it ITA,MFDF,Augsburg,34-027,1988,12.6,482,373,109,31,1,121,17,27,31,13,16,1,217,122,143,60,350,10,43,3,312,7,14,23,22,Matches
73,Emre Can\a65ce836,de GER,MFDF,Dortmund,28-030,1994,8.1,638,625,13,8,0,88,16,1,0,0,0,0,477,63,98,117,477,25,5,1,556,0,4,11,9,Matches
74,Koen Casteels\db401046,be BEL,GK,Wolfsburg,29-231,1992,19.0,760,595,165,37,0,56,18,0,0,0,0,0,458,23,279,494,154,2,0,95,603,2,12,3,1,Matches
75,Gonzalo Castro\68829001,de GER,MF,Arminia,34-245,1987,0.5,25,20,5,2,0,8,2,1,3,2,1,0,13,6,6,5,19,1,0,0,12,0,0,2,5,Matches
76,Timothy Chandler\b3b7f5a6,us USA,DF,Eint Frankfurt,31-319,1990,9.8,387,286,101,2,0,53,6,13,0,0,0,0,152,120,115,59,197,18,99,1,258,1,7,24,20,Matches
77,Max Christiansen\e7b899b8,de GER,MF,Greuther Fürth,25-139,1996,13.5,538,519,19,16,0,110,9,0,1,1,0,0,375,82,81,22,457,39,0,1,440,1,9,19,15,Matches
78,Kingsley Coman\042e8a49,fr FRA,FWDF,Bayern Munich,25-243,1996,7.5,375,357,18,1,1,56,6,45,5,4,0,0,267,48,60,67,281,10,12,0,292,1,1,19,14,Matches
79,Lucas Copado\8356931a,de GER,FW,Bayern Munich,18-032,2004,0.2,6,6,0,0,0,2,0,0,0,0,0,0,5,1,0,1,5,0,0,0,4,0,1,1,0,Matches
80,Sergio Córdova\229cd98a,ve VEN,FWMF,Augsburg,24-186,1997,3.6,56,50,6,0,0,24,2,3,0,0,0,0,25,19,12,1,32,4,3,1,36,0,1,3,1,Matches
81,Danny da Costa\5ddb8f9f,de GER,DF,Eint Frankfurt,28-213,1993,5.3,207,162,45,0,0,31,0,3,0,0,0,0,108,55,44,21,130,7,45,0,134,1,6,17,9,Matches
82,Tanguy Coulibaly\05ba9d7c,fr FRA,DFFW,Stuttgart,20-358,2001,10.9,311,270,41,1,0,81,4,11,0,0,0,0,219,63,29,224,34,8,36,2,238,0,5,16,18,Matches
83,Mickaël Cuisance\5722eced,fr FRA,MF,Bayern Munich,22-179,1999,0.1,11,11,0,0,0,1,0,0,0,0,0,0,9,1,1,11,0,0,0,0,10,0,1,0,0,Matches
84,Matheus Cunha\dc62b55d,br BRA,FW,Hertha BSC,22-260,1999,0.7,13,9,4,0,0,0,0,0,0,0,0,0,11,1,1,1,11,1,0,0,12,0,0,1,0,Matches
85,Rafael Czichos\b0a0698b,de GER,DF,Köln,31-273,1990,15.6,1044,993,51,48,1,117,31,4,0,0,0,0,740,89,215,862,84,59,1,3,875,2,18,23,17,Matches
86,Lennart-Marten Czyborra\7ba1f1ef,de GER,DF,Arminia,22-284,1999,1.5,57,37,20,2,0,10,0,3,0,0,0,0,14,18,25,31,4,4,18,0,29,0,0,3,5,Matches
87,Moanes Dabbur\eac044ad,il ISR,FWMF,Hoffenheim,29-273,1992,8.9,295,271,24,1,3,89,1,7,0,0,0,0,220,46,29,19,256,10,2,4,228,0,3,19,12,Matches
88,Mahmoud Dahoud\db4ed67b,de GER,MF,Dortmund,26-041,1996,13.3,773,746,27,13,1,157,30,10,13,5,5,0,601,52,120,98,638,27,1,1,601,4,13,37,27,Matches
89,Márton Dárdai\41bff4fa,de GER,DF,Hertha BSC,19-364,2002,7.0,322,300,22,17,0,36,15,1,4,1,3,0,182,46,94,284,20,12,1,0,238,1,6,11,5,Matches
90,Vladimír Darida\3eb0f2df,cz CZE,MF,Hertha BSC,31-187,1990,12.0,613,551,62,32,3,110,21,15,12,6,5,0,366,97,150,102,468,25,8,4,460,3,11,23,22,Matches
91,Alphonso Davies\d781d855,ca CAN,DF,Bayern Munich,21-101,2000,14.1,954,817,137,17,1,82,20,43,0,0,0,0,674,191,89,681,123,21,120,1,805,0,13,39,23,Matches
92,Saulo Decarli\41df88b8,ch SUI,DF,Bochum,30-007,1992,0.1,6,6,0,0,0,0,0,0,0,0,0,0,5,1,0,0,6,0,0,0,6,0,0,0,0,Matches
93,Thomas Delaney\fe641c1a,dk DEN,MF,Dortmund,30-161,1991,0.2,15,15,0,0,0,1,0,0,0,0,0,0,11,2,2,8,5,1,0,1,11,0,1,1,0,Matches
94,Kerem Demirbay\54b4dc4e,de GER,MF,Leverkusen,28-223,1993,16.2,992,848,144,54,2,161,86,19,82,41,27,4,591,158,243,791,157,24,6,7,752,3,16,37,37,Matches
95,Ermedin Demirović\ed79b7d3,ba BIH,FWMF,Freiburg,23-323,1998,5.0,89,86,3,1,1,30,0,1,0,0,0,0,53,18,18,5,63,10,1,0,59,0,2,4,6,Matches
96,Mike van der Hoorn\25f50295,nl NED,DF,Arminia,29-119,1992,0.2,4,4,0,0,0,2,0,0,0,0,0,0,2,0,2,0,3,0,0,0,3,0,0,0,1,Matches
97,Moussa Diaby\aeed5c06,fr FRA,FWMF,Leverkusen,22-219,1999,17.9,533,518,15,1,8,92,14,38,1,0,0,0,390,78,65,381,130,3,13,5,394,4,6,34,31,Matches
98,Daniel Didavi\d3096421,de GER,FWMF,Stuttgart,31-355,1990,3.1,114,103,11,4,0,30,1,5,1,1,0,0,81,20,13,98,8,2,3,1,80,0,1,7,8,Matches
99,Javairô Dilrosun\34a0f5ff,nl NED,FW,Hertha BSC,23-234,1998,1.5,34,34,0,0,0,12,1,0,0,0,0,0,26,5,3,25,8,1,0,0,26,0,2,0,2,Matches
100,Lee Dongjun\96d0b6f0,kr KOR,MF,Hertha BSC,25-010,1997,0.4,7,7,0,0,0,1,0,1,0,0,0,0,3,3,1,1,5,1,0,0,3,0,1,0,1,Matches
101,Niklas Dorsch\7f73bdf4,de GER,MF,Augsburg,24-027,1998,16.2,717,671,46,41,1,138,53,1,5,0,4,0,497,63,157,76,600,31,0,1,611,3,13,16,14,Matches
102,Ondrej Duda\79ca3e23,sk SVK,MF,Köln,27-068,1994,14.4,546,506,40,10,3,105,16,11,10,2,4,0,341,111,94,77,418,27,4,5,406,6,22,28,19,Matches
103,Jeremy Dudziak\5a8d6540,tn TUN,MFFW,Greuther Fürth,26-167,1995,9.8,272,233,39,14,1,69,3,23,17,13,2,0,162,49,61,223,28,9,1,0,179,3,5,16,18,Matches
104,Erik Durm\cf623c78,de GER,DF,Eint Frankfurt,29-275,1992,5.3,274,207,67,2,0,32,6,13,0,0,0,0,135,57,82,37,157,10,65,2,190,1,7,8,8,Matches
105,Maximilian Eggestein\beb882a8,de GER,MF,Freiburg,25-065,1996,13.0,428,420,8,3,1,125,5,5,2,0,0,0,262,64,102,62,299,29,3,2,305,2,8,21,27,Matches
106,Lilian Egloff\2f7fec15,de GER,FWMF,Stuttgart,19-175,2002,0.3,9,9,0,0,0,2,1,0,0,0,0,0,6,2,1,2,5,0,0,1,6,0,0,0,1,Matches
107,Kingsley Ehizibue\76b2817e,nl NED,DF,Köln,26-262,1995,3.4,172,138,34,3,0,23,3,10,0,0,0,0,88,34,50,8,117,7,30,1,115,0,5,5,11,Matches
108,Jurgen Ekkelenkamp\73d6a176,nl NED,MFFW,Hertha BSC,21-312,2000,6.8,205,198,7,0,1,45,5,3,2,0,0,0,121,50,34,49,129,16,4,2,139,0,0,13,10,Matches
109,Nico Elvedi\48035304,ch SUI,DF,M'Gladbach,25-134,1996,17.3,1131,1064,67,51,0,105,25,1,0,0,0,0,976,74,81,272,766,51,7,1,1058,0,3,14,6,Matches
110,Breel Embolo\0b4f388a,ch SUI,FW,M'Gladbach,24-362,1997,13.2,325,307,18,2,3,101,3,2,0,0,0,0,243,65,17,28,254,10,1,16,250,2,0,22,13,Matches
111,Keita Endo\1a83027b,jp JPN,MF,Union Berlin,24-081,1997,0.4,17,17,0,0,0,4,0,2,0,0,0,0,12,2,3,6,9,1,0,0,11,0,0,1,2,Matches
112,Wataru Endo\c149016b,jp JPN,MF,Stuttgart,29-002,1993,20.8,1120,1102,18,14,0,237,20,5,1,0,0,0,854,117,149,171,860,45,3,1,952,4,4,32,18,Matches
113,Michael Esser\83e0eeb4,de GER,GK,Bochum,34-081,1987,1.0,43,29,14,1,0,4,0,0,0,0,0,0,21,1,21,5,30,0,0,6,29,1,2,0,0,Matches
114,Wahidullah Faghir\93c9e7d9,dk DEN,FW,Stuttgart,18-197,2003,1.4,33,32,1,1,0,12,0,0,0,0,0,0,22,6,5,1,25,1,0,3,21,0,1,1,0,Matches
115,Ömer Faruk Beyaz\8307b663,tr TUR,FWDF,Stuttgart,18-166,2003,0.8,39,39,0,0,0,10,0,0,0,0,0,0,29,3,7,30,7,1,0,0,29,0,1,1,3,Matches
116,Adrian Fein\60097ff6,de GER,MF,Greuther Fürth,22-330,1999,0.4,9,8,1,0,0,0,0,0,0,0,0,0,5,1,3,0,8,0,1,0,6,0,1,0,0,Matches
117,Ohis Felix Uduokhai\677da306,de GER,DF,Augsburg,24-155,1997,5.6,265,251,14,7,0,33,9,0,1,0,1,0,185,21,59,187,45,16,5,3,212,0,8,7,7,Matches
118,Edimilson Fernandes\3bb625ac,ch SUI,DFFW,Arminia,25-302,1996,3.1,124,118,6,1,0,32,5,8,3,0,1,0,80,17,27,13,101,4,2,1,93,0,2,0,6,Matches
119,Alfreð Finnbogason\f9e7c4ac,is ISL,FWMF,Augsburg,33-010,1989,1.6,36,35,1,0,1,12,1,1,0,0,0,0,19,7,10,7,23,4,0,1,23,0,0,3,4,Matches
120,Mark Flekken\a92ab7be,nl NED,GK,Freiburg,28-243,1993,19.0,783,580,203,53,0,50,32,0,0,0,0,0,328,24,431,134,540,0,0,76,532,4,26,4,5,Matches
121,Emil Forsberg\9a2e0ccc,se SWE,MFFW,RB Leipzig,30-111,1991,10.6,421,390,31,9,4,66,8,7,18,6,12,0,314,51,56,49,341,10,3,14,336,3,4,18,8,Matches
122,Philipp Förster\76fa965f,de GER,FWMF,Stuttgart,27-007,1995,9.5,394,378,16,2,1,91,2,1,2,0,0,0,315,52,27,318,48,7,9,3,344,1,2,16,11,Matches
123,Timothy Fosu-Mensah\a9142dc3,nl NED,DF,Leverkusen,24-040,1998,0.6,22,18,4,0,0,4,0,0,0,0,0,0,14,2,6,1,16,0,4,0,18,0,0,1,1,Matches
124,Raphael Framberger\626fab5f,de GER,DFMF,Augsburg,26-158,1995,6.2,263,205,58,4,0,29,6,14,0,0,0,0,116,70,77,25,168,13,54,1,175,2,10,9,10,Matches
125,Marvin Friedrich\b77f44a4,de GER,DF,M'Gladbach,26-060,1995,3.0,216,209,7,6,0,27,6,0,0,0,0,0,163,20,33,22,172,9,1,0,188,0,3,3,2,Matches
126,Marvin Friedrich\b77f44a4,de GER,DF,Union Berlin,26-060,1995,13.0,621,603,18,15,1,74,17,4,0,0,0,0,385,72,164,86,465,48,3,0,469,1,22,13,15,Matches
127,Jeremie Frimpong\74f2e748,nl NED,DF,Leverkusen,21-063,2000,18.8,974,778,196,19,0,121,5,37,0,0,0,0,626,222,126,85,676,18,177,0,789,4,9,24,36,Matches
128,Chris Führich\0cf778df,de GER,FWDF,Stuttgart,24-033,1998,8.4,326,280,46,15,1,62,7,17,9,2,5,0,232,45,49,32,259,10,20,0,271,0,3,7,8,Matches
129,Marius Funk\86314793,de GER,GK,Greuther Fürth,26-041,1996,8.0,362,266,96,27,0,18,6,0,0,0,0,0,155,12,195,44,275,0,0,28,226,3,20,3,2,Matches
130,Stephan Fürstner\18c2e247,de GER,MF,Mainz 05,34-153,1987,0.1,5,5,0,0,0,1,1,0,0,0,0,0,3,1,1,2,3,0,0,0,1,0,2,0,0,Matches
131,Mijat Gaćinović\16daec92,rs SRB,FWDF,Hoffenheim,27-003,1995,1.2,46,39,7,0,0,6,1,0,0,0,0,0,28,12,6,9,28,1,7,0,39,0,0,1,0,Matches
132,Cristian Gamboa\f27680d9,cr CRC,DF,Bochum,32-110,1989,8.6,406,293,113,8,1,40,10,11,0,0,0,0,156,69,181,17,248,25,105,2,289,2,10,18,8,Matches
133,Silvère Ganvoula M'Boussy\6c731625,cg CGO,FW,Bochum,25-234,1996,1.7,60,54,6,0,1,28,0,0,0,0,0,0,24,14,22,3,30,7,0,0,34,0,1,3,4,Matches
134,Linus Gechter\ad2b068c,de GER,DF,Hertha BSC,17-349,2004,2.5,107,105,2,2,0,19,1,1,0,0,0,0,67,10,30,12,88,5,0,0,79,1,3,0,3,Matches
135,Dennis Geiger\37f606f0,de GER,MF,Hoffenheim,23-246,1998,12.5,665,590,75,36,2,119,41,9,38,23,3,0,482,63,120,54,584,20,1,5,544,4,11,22,14,Matches
136,Yannick Gerhardt\62ab9184,de GER,MFDF,Wolfsburg,27-335,1994,10.5,523,478,45,4,2,79,7,20,2,1,1,0,342,82,99,364,80,30,34,2,394,2,12,21,23,Matches
137,Hamadi Al Ghaddioui\5723931e,ma MAR,FW,Stuttgart,31-142,1990,5.5,109,96,13,0,0,31,0,3,0,0,0,0,68,32,9,37,56,5,0,6,73,0,1,8,8,Matches
138,Niko Gießelmann\7242b495,de GER,DF,Union Berlin,30-138,1991,16.8,829,606,223,17,0,80,29,49,23,9,10,1,396,179,254,519,83,31,183,1,578,2,21,39,28,Matches
139,Rafał Gikiewicz\17376543,pl POL,GK,Augsburg,34-108,1987,21.0,749,516,233,68,0,54,17,0,0,0,0,0,310,37,402,86,536,1,1,86,488,5,16,9,6,Matches
140,Daniel Ginczek\e5f63987,de GER,MFFW,Wolfsburg,30-304,1991,0.1,4,4,0,0,0,2,0,0,0,0,0,0,2,0,2,1,2,0,0,0,1,0,0,0,1,Matches
141,Matthias Ginter\f521b80a,de GER,DF,M'Gladbach,28-023,1994,17.6,1245,1198,47,37,0,117,44,9,0,0,0,0,901,92,252,166,984,49,10,8,1045,9,14,32,17,Matches
142,Serge Gnabry\88e357ef,de GER,FWDF,Bayern Munich,26-212,1995,14.4,802,745,57,9,4,124,14,29,17,7,8,0,597,102,103,190,551,24,31,4,628,3,7,68,22,Matches
143,Leon Goretzka\cc86b9a3,de GER,MF,Bayern Munich,27-005,1995,9.9,577,567,10,6,2,93,8,1,0,0,0,0,431,68,78,39,490,23,2,10,485,3,10,18,13,Matches
144,Jeffrey Gouweleeuw\1025db8e,nl NED,DF,Augsburg,30-216,1991,15.9,641,607,34,34,1,82,25,4,0,0,0,0,375,63,203,55,533,27,0,3,475,6,19,24,9,Matches
145,Julian Green\ad1d6fa4,us USA,MF,Greuther Fürth,26-250,1995,6.8,233,188,45,23,0,42,12,14,19,8,10,0,149,23,61,32,187,8,3,0,170,1,4,7,3,Matches
146,Michael Gregoritsch\8e235926,at AUT,FWMF,Augsburg,27-299,1994,6.9,171,159,12,1,1,53,2,6,0,0,0,0,80,48,43,76,36,21,4,3,108,1,5,7,6,Matches
147,Sebastian Griesbeck\a8db7ebb,de GER,DFMF,Greuther Fürth,31-131,1990,16.1,486,476,10,10,0,88,16,0,0,0,0,0,314,72,100,98,327,38,0,1,392,1,12,9,12,Matches
148,Sebastian Griesbeck\a8db7ebb,de GER,MF,Union Berlin,31-131,1990,0.1,1,1,0,0,0,0,0,0,0,0,0,0,1,0,0,0,1,0,0,0,1,0,0,0,0,Matches
149,Vincenzo Grifo\54e4866f,it ITA,MFFW,Freiburg,28-310,1993,18.4,873,752,121,63,3,142,37,49,45,34,8,0,565,98,210,69,756,24,11,5,640,7,12,29,18,Matches
150,Lennart Grill\37998008,de GER,GK,Leverkusen,23-017,1999,1.0,45,32,13,4,0,9,0,0,0,0,0,0,25,2,18,9,29,0,0,6,31,0,1,0,1,Matches
151,Florian Grillitsch\ffbbc83b,at AUT,DFMF,Hoffenheim,26-188,1995,11.6,740,689,51,46,1,110,34,4,0,0,0,0,550,75,115,77,609,28,5,4,667,2,5,8,9,Matches
152,Carlos Gruezo\f2dd9a21,ec ECU,MF,Augsburg,26-298,1995,4.2,126,123,3,1,0,20,4,2,0,0,0,0,88,7,31,8,106,4,2,1,103,1,1,6,2,Matches
153,Raphaël Guerreiro\048a1cbc,pt POR,DF,Dortmund,28-051,1993,11.0,903,786,117,23,0,70,8,18,10,3,2,2,652,117,134,753,46,15,84,4,773,2,7,31,21,Matches
154,Josuha Guilavogui\e6c43eec,fr FRA,MFDF,Wolfsburg,31-145,1990,10.5,527,515,12,12,0,61,9,0,0,0,0,0,374,76,77,62,403,36,0,3,438,0,6,18,4,Matches
155,Péter Gulácsi\bcb2ccd8,hu HUN,GK,RB Leipzig,31-281,1990,20.0,699,531,168,52,0,58,11,0,0,0,0,0,422,18,259,80,496,1,0,89,536,1,18,7,1,Matches
156,Manuel Gulde\25ab9c9c,de GER,DF,Freiburg,30-364,1991,9.2,382,360,22,20,1,72,10,1,0,0,0,0,260,42,80,77,259,21,2,3,316,1,5,7,8,Matches
157,Robert Gumny\1df0c0b9,pl POL,DF,Augsburg,23-252,1998,19.2,783,639,144,9,1,100,12,22,0,0,0,0,396,188,199,94,451,76,135,5,597,2,19,30,19,Matches
158,Christian Günter\8593f88c,de GER,DF,Freiburg,28-348,1993,21.0,1076,791,285,25,0,133,48,83,62,33,14,3,503,260,313,704,140,23,198,3,757,3,22,39,47,Matches
159,Lasse Günther\00672803,de GER,DF,Augsburg,18-327,2003,0.6,19,18,1,0,0,2,0,1,0,0,0,0,15,3,1,17,1,0,1,0,11,0,2,3,1,Matches
160,Joško Gvardiol\5ad50391,hr CRO,DF,RB Leipzig,20-019,2002,18.8,1398,1307,91,33,6,199,21,7,0,0,0,0,1033,144,221,879,376,54,53,5,1154,6,23,40,46,Matches
161,Erling Haaland\1f44ac21,no NOR,FW,Dortmund,21-205,2000,12.7,291,265,26,0,2,72,2,7,0,0,0,0,185,69,37,192,50,25,1,4,204,2,6,17,17,Matches
162,Janik Haberer\70dcf94d,de GER,MF,Freiburg,27-315,1994,5.5,188,184,4,3,0,48,5,0,0,0,0,0,122,37,29,25,134,16,1,1,146,0,5,7,9,Matches
163,Alexander Hack\a5ec3ede,de GER,DF,Mainz 05,28-156,1993,13.5,611,570,41,34,0,90,19,2,0,0,0,0,374,88,149,465,71,41,7,0,472,2,8,24,19,Matches
164,Robin Hack\0174ba21,de GER,MFFW,Arminia,23-168,1998,9.1,298,275,23,6,1,64,10,12,6,3,0,0,198,34,66,38,240,14,4,1,218,2,7,9,16,Matches
165,André Hahn\cd82452e,de GER,FWMF,Augsburg,31-182,1990,14.8,264,258,6,1,0,79,10,25,0,0,0,0,126,61,77,34,168,26,2,7,147,1,6,10,20,Matches
166,Amadou Haidara\92432bc6,ml MLI,MF,RB Leipzig,24-011,1998,10.0,505,496,9,6,2,118,6,3,0,0,0,0,376,61,68,60,400,21,3,9,406,2,4,22,21,Matches
167,Genki Haraguchi\f24ea523,jp JPN,MF,Union Berlin,30-278,1991,12.9,385,382,3,2,0,80,6,11,0,0,0,0,240,68,77,49,281,43,0,4,288,0,8,19,19,Matches
168,Makoto Hasebe\9ab16552,jp JPN,DFMF,Eint Frankfurt,38-024,1984,9.7,620,600,20,19,1,74,11,0,0,0,0,0,447,64,109,105,472,27,0,2,527,1,8,16,9,Matches
169,Thorgan Hazard\50871bcc,be BEL,FWDF,Dortmund,28-319,1993,8.7,487,421,66,6,0,79,25,15,24,13,9,0,319,85,83,84,343,21,36,0,373,4,5,22,19,Matches
170,Jonas Hector\c2009df3,de GER,DF,Köln,31-260,1990,18.6,1021,854,167,20,0,149,21,47,1,1,0,0,571,176,274,624,184,38,146,3,782,2,13,35,32,Matches
171,Hwang Hee-chan\169fd162,kr KOR,FW,RB Leipzig,26-016,1996,0.5,8,8,0,0,0,2,0,1,0,0,0,0,6,1,1,2,5,0,0,0,6,0,0,0,0,Matches
172,Dominique Heintz\699fb8db,de GER,DF,Freiburg,28-180,1993,0.3,21,21,0,0,0,3,1,0,0,0,0,0,17,0,4,14,4,1,0,0,19,0,0,1,0,Matches
173,Dominique Heintz\699fb8db,de GER,DF,Union Berlin,28-180,1993,1.7,78,74,4,3,0,15,0,0,0,0,0,0,54,10,14,51,19,4,1,1,63,0,0,1,2,Matches
174,Benjamin Henrichs\0a89e877,de GER,DFMF,RB Leipzig,24-353,1997,6.1,339,294,45,2,0,63,4,13,0,0,0,0,216,75,48,74,206,8,43,3,266,2,6,12,11,Matches
175,Lucas Hernández\c3ee18ef,fr FRA,DF,Bayern Munich,25-362,1996,14.2,1230,1192,38,21,1,93,36,2,0,0,0,0,1028,73,129,1084,79,29,17,3,1128,1,8,17,10,Matches
176,Patrick Herrmann\dfb6490a,de GER,DFFW,M'Gladbach,30-364,1991,7.8,351,273,78,18,2,62,18,30,22,10,9,2,190,69,92,24,278,7,38,1,244,1,4,18,18,Matches
177,Piero Hincapié\0c7a48f8,ec ECU,DF,Leverkusen,20-033,2002,11.4,641,555,86,5,0,116,7,7,0,0,0,0,431,131,79,441,76,23,69,4,535,1,8,22,25,Matches
178,Martin Hinteregger\080440a4,at AUT,DF,Eint Frankfurt,29-157,1992,15.7,827,779,48,38,2,116,18,2,0,0,0,0,519,82,226,534,183,64,10,2,641,1,20,23,16,Matches
179,Marwin Hitz\2e7ff968,ch SUI,GK,Dortmund,34-146,1987,1.5,54,45,9,2,0,3,0,0,0,0,0,0,43,2,9,10,34,0,0,9,48,0,0,1,1,Matches
180,Nicolas Höfler\5d8e331f,de GER,MF,Freiburg,31-339,1990,18.0,713,692,21,12,1,154,6,6,0,0,0,0,482,97,134,199,420,53,2,5,586,1,9,17,14,Matches
181,Jonas Hofmann\2903a856,de GER,MFFW,M'Gladbach,29-212,1992,14.1,812,679,133,40,0,128,39,22,66,23,32,3,550,107,155,118,634,27,23,6,633,6,8,22,31,Matches
182,Lucas Höler\ca618d23,de GER,FWMF,Freiburg,27-216,1994,19.6,620,588,32,0,2,245,10,14,0,0,0,0,357,136,127,61,400,47,4,9,428,3,7,26,34,Matches
183,Gerrit Holtmann\2979c05a,ph PHI,FWMF,Bochum,26-323,1995,13.3,228,224,4,1,2,37,14,37,0,0,0,0,148,40,40,180,29,9,2,4,152,1,5,8,15,Matches
184,Justin Hoogma\816192f0,nl NED,DF,Greuther Fürth,23-245,1998,3.0,171,163,8,4,0,18,2,0,0,0,0,0,125,16,30,141,18,6,4,0,143,0,2,6,2,Matches
185,Jannes Horn\2b83fa49,de GER,DF,Köln,25-005,1997,1.5,79,62,17,1,0,12,1,6,0,0,0,0,32,15,32,43,11,6,16,0,51,0,0,6,2,Matches
186,Timo Horn\3cd9e95a,de GER,GK,Köln,28-275,1993,12.0,458,350,108,32,0,21,6,0,0,0,0,0,285,15,158,290,107,0,0,45,377,0,10,6,0,Matches
187,Lukáš Hrádecký\ad3389d5,fi FIN,GK,Leverkusen,32-079,1989,20.0,811,623,188,42,0,70,15,0,0,0,0,0,462,38,311,161,527,0,0,111,613,1,13,12,0,Matches
188,Branimir Hrgota\710fbdd1,se SWE,FW,Greuther Fürth,29-030,1993,18.3,454,401,53,8,2,109,10,29,12,6,5,0,317,71,66,300,110,18,7,5,319,2,10,31,28,Matches
189,Ajdin Hrustic\1f2d714c,au AUS,MF,Eint Frankfurt,25-221,1996,5.7,350,335,15,7,2,41,11,4,8,2,5,0,277,33,40,299,40,8,0,0,292,1,3,12,13,Matches
190,Timo Hübers\94302c52,de GER,DF,Köln,25-206,1996,8.4,578,537,41,33,0,61,18,1,0,0,0,0,433,47,98,106,420,34,0,2,481,1,12,11,7,Matches
191,Benjamin Hübner\99de6b6f,de GER,DF,Hoffenheim,32-222,1989,1.4,104,100,4,4,0,12,1,1,0,0,0,0,85,4,15,83,19,0,0,0,86,1,0,0,1,Matches
192,Mats Hummels\05d548d8,de GER,DF,Dortmund,33-057,1988,14.6,1123,1092,31,24,2,142,31,0,0,0,0,0,858,98,167,366,647,64,4,6,990,2,20,19,12,Matches
193,Iago\054849d2,br BRA,DF,Augsburg,24-325,1997,13.9,733,558,175,8,1,100,14,50,0,0,0,0,314,182,237,426,83,46,167,1,489,4,18,32,33,Matches
194,Stefan Ilsanker\8494acc4,at AUT,DFMF,Eint Frankfurt,32-269,1989,1.8,61,57,4,3,0,7,0,0,0,0,0,0,39,9,13,5,50,2,1,0,50,0,0,2,0,Matches
195,Marcus Ingvartsen\271b8617,dk DEN,FWMF,Mainz 05,26-038,1996,3.7,110,101,9,5,0,32,5,9,3,2,0,0,62,26,22,74,19,7,0,1,71,0,4,4,4,Matches
196,Marcus Ingvartsen\271b8617,dk DEN,MF,Union Berlin,26-038,1996,1.4,33,33,0,0,0,13,0,1,0,0,0,0,22,6,5,22,7,0,0,1,25,0,2,0,0,Matches
197,Hiroki Ito\204dded0,jp JPN,DF,Stuttgart,22-275,1999,14.9,1124,1079,45,19,1,103,34,6,1,1,0,0,782,106,236,925,115,39,25,2,918,5,22,22,13,Matches
198,Cedric Itten\ef233486,ch SUI,FW,Greuther Fürth,25-046,1996,7.1,152,146,6,0,0,75,1,4,0,0,0,0,58,57,37,6,89,16,0,7,91,0,6,7,8,Matches
199,Gian-Luca Itter\e6c15f6e,de GER,DF,Greuther Fürth,23-037,1999,5.2,291,224,67,5,0,32,7,10,1,1,0,0,165,60,66,199,19,7,61,1,220,1,6,6,9,Matches
200,Lee Jae-sung\34b0387f,kr KOR,MFFW,Mainz 05,29-185,1992,12.1,505,494,11,3,0,141,8,13,0,0,0,0,324,104,77,330,94,43,6,9,374,4,6,31,15,Matches
201,Paul Jaeckel\a93b6f4e,de GER,DF,Union Berlin,23-204,1998,11.7,590,569,21,16,0,59,12,1,0,0,0,0,440,52,98,123,410,30,5,4,482,1,12,18,13,Matches
202,Kristijan Jakić\a8ee54ad,hr CRO,MF,Eint Frankfurt,24-273,1997,11.1,413,403,10,8,1,76,9,5,0,0,0,0,254,77,82,41,300,50,2,2,299,2,13,24,13,Matches
203,Tony Jantschke\34b54da7,de GER,DF,M'Gladbach,31-310,1990,2.5,118,113,5,5,1,15,1,0,0,0,0,0,82,9,27,26,84,4,0,0,85,0,3,4,1,Matches
204,Dennis Jastrzembski\6bba916f,pl POL,DFFW,Hertha BSC,21-356,2000,2.5,104,74,30,1,0,11,3,7,4,2,1,0,54,22,28,57,14,4,25,2,67,0,0,9,1,Matches
205,Fredrik Jensen\3eeb80e0,fi FIN,MFFW,Augsburg,24-155,1997,4.6,113,105,8,1,0,20,6,12,5,1,3,0,57,22,34,6,83,14,2,0,62,0,5,7,9,Matches
206,Marco John\d9e196bf,de GER,DF,Hoffenheim,19-315,2002,0.4,10,8,2,0,0,0,0,0,0,0,0,0,7,2,1,7,0,1,2,0,9,0,0,0,0,Matches
207,Stevan Jovetić\f36c432f,me MNE,FWMF,Hertha BSC,32-101,1989,7.3,236,232,4,2,1,63,6,5,1,0,0,0,125,51,60,19,185,20,0,2,162,2,5,22,8,Matches
208,Gideon Jung\a2e7de6f,de GER,DF,Greuther Fürth,27-152,1994,1.0,35,32,3,3,0,2,1,0,0,0,0,0,28,2,5,2,32,1,0,0,29,0,2,0,0,Matches
209,Pavel Kadeřábek\79c90e45,cz CZE,DF,Hoffenheim,29-292,1992,5.6,350,282,68,3,0,41,4,26,0,0,0,0,172,98,80,25,227,18,65,0,267,4,2,13,17,Matches
210,Florian Kainz\94c18565,at AUT,MFFW,Köln,29-110,1992,16.4,671,571,100,40,3,115,42,69,51,31,15,1,376,86,209,179,458,14,9,3,407,7,23,25,42,Matches
211,Sasa Kalajdzic\15f24fe7,at AUT,FW,Stuttgart,24-219,1997,4.2,109,96,13,0,0,36,1,1,0,0,0,0,68,24,17,5,78,6,2,5,84,0,2,3,1,Matches
212,Felix Kalu Nmecha\091c86e2,eng ENG,MFFW,Wolfsburg,21-124,2000,2.3,93,90,3,0,0,24,2,2,0,0,0,0,55,19,19,3,70,6,3,3,62,1,1,3,2,Matches
213,Daichi Kamada\15b287da,jp JPN,MFFW,Eint Frankfurt,25-190,1996,15.7,552,525,27,0,1,136,16,13,12,6,4,1,417,71,64,81,424,28,3,7,426,2,10,26,14,Matches
214,Kevin Kampl\b825a650,si SVN,MF,RB Leipzig,31-125,1990,14.6,992,952,40,37,1,180,11,4,0,0,0,0,833,75,84,107,850,19,3,4,899,1,2,15,11,Matches
215,Stefanos Kapino\62ba5881,gr GRE,GK,Arminia,27-330,1994,1.0,31,20,11,1,0,1,0,0,0,0,0,0,12,1,18,6,22,0,0,2,20,0,1,1,0,Matches
216,Atakan Karazor\5762be5c,de GER,MFDF,Stuttgart,25-121,1996,10.4,589,558,31,30,0,109,10,1,0,0,0,0,428,74,87,85,453,31,0,3,488,2,9,18,10,Matches
217,Silas Katompa\de4cac2d,cd COD,FWMF,Stuttgart,23-128,1998,2.2,48,46,2,0,0,6,2,6,0,0,0,0,32,11,5,6,36,2,2,1,33,0,3,0,4,Matches
218,Noah Katterbach\e27de4fa,de GER,DF,Köln,20-304,2001,0.2,12,8,4,0,0,3,0,1,0,0,0,0,5,5,2,7,1,0,4,0,6,0,0,1,2,Matches
219,Yannik Keitel\d2c580ce,de GER,MF,Freiburg,21-361,2000,5.6,184,179,5,5,0,44,3,0,0,0,0,0,116,23,45,48,106,18,0,2,129,2,3,4,4,Matches
220,Marc-Oliver Kempf\815c314f,de GER,DF,Stuttgart,27-014,1995,9.3,578,551,27,20,1,71,15,2,0,0,0,0,389,79,110,439,81,27,6,4,478,1,15,11,9,Matches
221,Marc-Oliver Kempf\815c314f,de GER,DF,Hertha BSC,27-014,1995,1.0,40,34,6,6,0,14,1,0,0,0,0,0,20,6,14,28,6,3,0,0,27,0,1,1,2,Matches
222,Rani Khedira\59e4b92e,de GER,MF,Union Berlin,28-015,1994,19.0,584,569,15,7,0,130,9,9,0,0,0,0,358,91,135,89,413,45,4,5,429,4,16,12,20,Matches
223,Luca Kilian\610aa1e9,de GER,DF,Köln,22-163,1999,12.6,669,635,34,28,0,64,27,1,0,0,0,0,491,31,147,57,555,33,3,3,572,1,11,5,5,Matches
224,Luca Kilian\610aa1e9,de GER,FW,Mainz 05,22-163,1999,0.0,1,1,0,0,0,0,0,0,0,0,0,0,0,1,0,0,1,0,0,0,0,0,0,0,1,Matches
225,Joshua Kimmich\49296448,de GER,MFDF,Bayern Munich,27-003,1995,14.8,1366,1191,175,69,3,194,67,19,78,45,26,0,963,138,265,250,1039,35,27,8,1153,8,16,48,18,Matches
226,Philipp Klement\0cddeaa7,de GER,MFFW,Stuttgart,29-155,1992,3.8,272,239,33,11,3,38,12,2,16,6,5,0,184,31,57,232,25,6,5,1,214,2,4,11,7,Matches
227,Mateo Klimowicz\2b7c56b4,de GER,FWMF,Stuttgart,21-220,2000,6.6,191,181,10,1,0,32,4,3,1,0,0,0,142,33,16,56,123,6,5,1,143,1,5,9,11,Matches
228,Fabian Klos\e21042ae,de GER,FW,Arminia,34-071,1987,13.3,376,362,14,0,1,153,9,18,0,0,0,0,117,132,127,39,190,52,3,9,204,4,8,19,14,Matches
229,Lukas Klostermann\ca8033cb,de GER,DF,RB Leipzig,25-254,1996,12.0,639,582,57,11,1,66,2,4,0,0,0,0,451,80,108,97,461,26,46,2,545,1,9,12,16,Matches
230,Lukas Klünter\92948149,de GER,DF,Hertha BSC,25-261,1996,2.2,99,77,22,5,0,12,2,5,0,0,0,0,56,16,27,5,67,6,17,0,66,1,1,8,2,Matches
231,Ansgar Knauff\19a967ab,de GER,FWMF,Dortmund,20-032,2002,1.3,37,37,0,0,0,10,0,1,0,0,0,0,22,7,8,6,26,3,0,1,23,0,2,1,2,Matches
232,Ansgar Knauff\19a967ab,de GER,FW,Eint Frankfurt,20-032,2002,0.0,3,2,1,0,0,0,0,0,1,0,0,0,2,1,0,0,3,0,0,0,2,0,0,0,1,Matches
233,Robin Knoche\6bd5cd5d,de GER,DF,Union Berlin,29-265,1992,21.0,1077,1055,22,19,0,107,30,0,0,0,0,0,763,90,224,189,784,74,3,1,895,3,29,18,10,Matches
234,Gregor Kobel\cd59b9df,ch SUI,GK,Dortmund,24-067,1997,19.5,694,547,147,33,0,47,8,0,0,0,0,0,514,18,162,96,499,0,0,83,579,2,15,4,1,Matches
235,Dominik Kohr\0fbecd11,de GER,MF,Mainz 05,28-011,1994,8.7,432,417,15,15,1,70,4,2,0,0,0,0,273,79,80,66,317,32,0,1,323,1,7,16,9,Matches
236,Kouadio Koné\86574238,fr FRA,MF,M'Gladbach,20-270,2001,13.7,666,642,24,23,0,156,9,1,0,0,0,0,557,60,49,60,570,21,1,3,589,0,5,19,14,Matches
237,Odilon Kossonou\1f3afdcb,ci CIV,DF,Leverkusen,21-038,2001,11.4,676,651,25,13,1,81,22,1,0,0,0,0,523,80,73,99,528,23,12,1,593,0,18,6,9,Matches
238,Filip Kostić\b1cd37e6,rs SRB,DFFW,Eint Frankfurt,29-102,1992,17.1,928,710,218,37,3,115,59,121,65,25,35,2,435,211,282,724,63,17,116,1,586,4,24,42,57,Matches
239,Nianzou Kouassi\5853ac44,fr FRA,DFMF,Bayern Munich,19-249,2002,2.0,149,147,2,0,0,21,3,1,0,0,0,0,122,15,12,14,124,2,2,0,132,0,2,5,0,Matches
240,Andrej Kramarić\603cb947,hr CRO,FWMF,Hoffenheim,30-237,1991,18.2,673,624,49,6,6,125,17,40,6,1,2,0,472,109,92,94,527,23,18,5,525,5,12,30,18,Matches
241,Christoph Kramer\496aeede,de GER,MF,M'Gladbach,30-357,1991,5.2,271,257,14,13,0,41,3,5,0,0,0,0,188,41,42,44,211,13,1,0,215,1,6,10,10,Matches
242,Florian Krüger\f9f92b5f,de GER,FWMF,Arminia,22-363,1999,8.5,229,220,9,0,1,48,8,13,2,2,0,0,141,47,41,43,157,9,6,2,152,2,3,13,17,Matches
243,Max Kruse\f9446dcd,de GER,FW,Wolfsburg,33-329,1988,0.9,35,35,0,0,0,10,1,1,0,0,0,0,24,4,7,15,13,4,0,1,29,0,0,2,1,Matches
244,Max Kruse\f9446dcd,de GER,FWMF,Union Berlin,33-329,1988,14.1,475,413,62,22,6,122,31,30,20,10,5,0,268,84,123,312,123,16,5,4,347,2,15,20,13,Matches
245,Lukas Kübler\2a29eb9b,de GER,DF,Freiburg,29-165,1992,17.3,768,622,146,3,0,105,17,24,0,0,0,0,375,153,240,68,484,47,143,3,535,3,19,28,22,Matches
246,Fabian Kunze\d25fee56,de GER,MF,Arminia,23-242,1998,8.8,289,284,5,4,0,55,7,7,0,0,0,0,154,72,63,27,208,27,1,1,206,1,10,10,9,Matches
247,Maxence Lacroix\277c49ed,fr FRA,DF,Wolfsburg,21-311,2000,17.6,1017,988,29,29,0,128,36,2,0,0,0,0,726,91,200,158,756,64,0,4,830,4,17,28,16,Matches
248,Konrad Laimer\c1b7847c,at AUT,MF,RB Leipzig,24-260,1997,6.1,341,326,15,14,1,88,7,5,0,0,0,0,248,47,46,70,254,10,1,0,270,2,8,14,11,Matches
249,Stefan Lainer\4aea5077,at AUT,DF,M'Gladbach,29-168,1992,6.7,326,263,63,1,1,57,4,13,0,0,0,0,154,81,91,55,189,16,62,0,241,2,1,14,10,Matches
250,Vassilis Lambropoulos\591477c9,gr GRE,DF,Bochum,31-317,1990,13.0,420,412,8,6,0,60,22,3,0,0,0,0,281,40,99,59,310,28,2,2,351,2,7,2,6,Matches
251,Sam Lammers\c283ddef,nl NED,FW,Eint Frankfurt,24-287,1997,4.3,103,97,6,0,0,44,0,0,0,0,0,0,49,32,22,39,29,12,1,1,66,2,4,5,5,Matches
252,Bryan Lasme\ebac0ace,fr FRA,FWMF,Arminia,23-089,1998,6.9,150,146,4,0,0,65,5,12,0,0,0,0,71,49,30,9,92,18,0,5,90,0,5,5,9,Matches
253,Maxim Leitsch\7e12a98d,de GER,DF,Bochum,23-269,1998,7.1,350,345,5,2,0,46,10,3,0,0,0,0,260,31,59,272,51,15,3,1,298,1,4,8,5,Matches
254,Tim Lemperle\792ffa71,de GER,FWMF,Köln,20-006,2002,0.8,26,25,1,0,0,3,0,1,0,0,0,0,19,3,4,4,17,4,0,0,19,0,1,0,0,Matches
255,Christopher Lenz\bbd86530,de GER,DF,Eint Frankfurt,27-142,1994,4.9,351,270,81,11,0,45,11,13,12,6,2,1,202,65,84,228,52,8,58,0,258,0,9,14,12,Matches
256,Robert Lewandowski\8d78e732,pl POL,FW,Bayern Munich,33-174,1988,20.1,467,454,13,2,4,118,7,18,0,0,0,0,341,63,63,58,360,17,1,8,359,1,9,28,21,Matches
257,Jamie Leweling\13fe7b69,de GER,FWMF,Greuther Fürth,20-350,2001,12.5,208,200,8,0,2,67,6,23,0,0,0,0,141,37,30,47,145,8,0,2,133,0,6,12,16,Matches
258,Philipp Lienhart\302527b2,at AUT,DF,Freiburg,25-215,1996,20.9,1077,1030,47,43,1,93,32,3,0,0,0,0,798,99,180,141,833,72,4,1,928,2,26,17,9,Matches
259,Jesper Lindstrøm\37dc1a48,dk DEN,MFFW,Eint Frankfurt,21-347,2000,13.6,346,316,30,6,3,58,11,32,15,4,4,2,242,55,49,52,264,17,5,5,234,0,7,24,19,Matches
260,Dejan Ljubicic\c455a2b2,at AUT,MFFW,Köln,24-126,1997,14.2,501,493,8,4,0,92,11,30,0,0,0,0,344,70,87,50,420,17,0,6,361,2,7,25,29,Matches
261,Jürgen Locadia\6cc47ae1,nl NED,FW,Bochum,28-096,1993,1.7,48,43,5,0,1,14,0,0,0,0,0,0,34,8,6,9,30,4,0,1,40,0,0,3,2,Matches
262,Anthony Losilla\07c7eb0c,fr FRA,MF,Bochum,35-338,1986,19.6,725,699,26,22,0,122,41,5,0,0,0,0,407,114,204,79,501,85,3,3,574,2,10,25,11,Matches
263,Eduard Löwen\70678132,de GER,MF,Bochum,25-014,1997,11.0,450,363,87,46,1,94,39,23,37,16,16,0,235,72,143,53,357,14,2,5,304,9,11,13,19,Matches
264,Anderson Lucoqui\5569bf9a,ao ANG,DF,Mainz 05,24-220,1997,5.7,158,124,34,0,0,23,1,6,0,0,0,0,59,37,62,99,16,6,34,0,95,0,7,9,8,Matches
265,Dodi Lukebakio\0c61c77c,be BEL,FWMF,Wolfsburg,24-140,1997,8.9,267,257,10,1,0,64,6,15,0,0,0,0,198,30,39,180,63,7,5,3,204,1,3,10,10,Matches
266,Dodi Lukebakio\0c61c77c,be BEL,FW,Hertha BSC,24-140,1997,2.0,36,33,3,0,0,12,1,1,1,1,0,0,24,8,4,26,7,0,1,0,27,0,0,2,2,Matches
267,Andreas Luthe\7fe12375,de GER,GK,Union Berlin,34-338,1987,20.0,759,536,223,51,0,48,6,0,0,0,0,0,361,31,367,73,554,2,0,90,501,2,14,5,3,Matches
268,Matej Maglica\36cf2caf,hr CRO,DF,Stuttgart,23-139,1998,0.1,1,1,0,0,0,1,0,0,0,0,0,0,0,0,1,0,0,0,0,0,0,0,0,0,0,Matches
269,Arne Maier\ab700320,de GER,MF,Augsburg,23-034,1999,12.8,512,431,81,20,1,98,32,20,45,23,21,0,287,72,153,46,434,21,2,0,363,2,5,17,9,Matches
270,Donyell Malen\864163f3,nl NED,FW,Dortmund,23-023,1999,14.4,447,426,21,2,1,94,8,31,3,0,1,0,355,52,40,24,390,14,4,9,323,2,5,33,17,Matches
271,Lennard Maloney\75402e99,us USA,DF,Dortmund,22-126,1999,0.0,12,12,0,0,0,1,0,0,0,0,0,0,10,0,2,3,9,0,0,0,10,0,0,0,0,Matches
272,Orel Mangala\a572e291,be BEL,MF,Stuttgart,23-330,1998,13.5,595,585,10,8,0,105,11,3,0,0,0,0,517,44,34,98,475,7,0,9,514,1,11,18,15,Matches
273,Myziane Maolida\706a60e1,fr FRA,FWMF,Hertha BSC,22-362,1999,7.1,176,173,3,0,1,75,3,10,0,0,0,0,131,29,16,31,130,5,0,4,123,0,3,11,9,Matches
274,Omar Marmoush\0e0102eb,eg EGY,FWMF,Stuttgart,23-004,1999,9.1,226,187,39,9,0,58,11,10,15,1,9,2,131,58,37,21,171,12,4,5,159,1,7,8,10,Matches
275,Omar Marmoush\0e0102eb,eg EGY,FW,Wolfsburg,23-004,1999,0.3,9,8,1,0,0,6,0,0,0,0,0,0,5,3,1,0,7,0,1,0,6,0,0,1,1,Matches
276,Aarón Martín\2f3e911a,es ESP,DF,Mainz 05,24-295,1997,15.1,709,550,159,16,1,89,35,52,60,28,25,0,371,126,212,572,38,10,83,2,493,2,6,32,25,Matches
277,Josep Martinez\11d8aff0,es ESP,GK,RB Leipzig,23-260,1998,1.0,22,12,10,3,0,1,0,0,0,0,0,0,17,0,5,4,17,0,0,1,19,0,0,0,0,Matches
278,Erhan Mašović\a396fb61,rs SRB,DF,Bochum,23-081,1998,12.2,451,439,12,11,1,50,6,1,1,1,0,0,295,33,123,72,335,31,0,1,343,1,15,12,6,Matches
279,Roberto Massimo\fc62fdf4,de GER,DFFW,Stuttgart,21-122,2000,9.2,284,238,46,1,0,62,4,15,0,0,0,0,181,59,44,35,188,12,41,3,214,0,4,13,13,Matches
280,Konstantinos Mavropanos\00963611,gr GRE,DF,Stuttgart,24-062,1997,17.4,1128,997,131,34,0,117,61,3,0,0,0,0,721,184,223,179,776,45,97,3,917,7,22,32,24,Matches
281,Eric Maxim Choupo-Moting\0e6bc38c,cm CMR,FWMF,Bayern Munich,32-325,1989,1.7,60,60,0,0,0,14,0,2,0,0,0,0,47,5,8,11,44,2,0,1,43,0,2,2,6,Matches
282,Kevin Mbabu\493924a7,ch SUI,DF,Wolfsburg,26-298,1995,10.7,622,489,133,6,0,61,15,33,0,0,0,0,301,118,203,64,384,25,127,1,446,1,14,17,22,Matches
283,Nathan de Medina\d686dbc0,be BEL,DF,Arminia,24-126,1997,3.4,116,103,13,1,0,19,3,4,0,0,0,0,75,14,27,12,85,7,11,0,84,0,3,1,6,Matches
284,Admir Mehmedi\b500b384,ch SUI,MF,Wolfsburg,30-332,1991,0.0,6,6,0,0,0,1,0,0,0,0,0,0,4,1,1,1,4,1,0,0,4,0,0,0,1,Matches
285,Jorge Meré\9f979eb2,es ESP,DF,Köln,24-300,1997,5.4,300,289,11,10,0,32,11,1,0,0,0,0,221,20,59,40,233,20,0,0,260,1,5,8,3,Matches
286,Thomas Meunier\e162b013,be BEL,DF,Dortmund,30-152,1991,15.6,1151,1010,141,7,2,144,19,47,0,0,0,0,697,217,237,104,842,50,134,2,900,6,15,49,34,Matches
287,Marco Meyerhöfer\0b104510,de GER,DF,Greuther Fürth,26-085,1995,18.3,910,705,205,12,0,105,9,23,0,0,0,0,445,238,227,58,601,48,193,2,688,5,13,28,38,Matches
288,Sven Michel\1e274a0a,de GER,FW,Union Berlin,31-211,1990,0.3,7,7,0,0,0,2,0,0,0,0,0,0,4,3,0,5,0,0,0,1,7,0,0,0,0,Matches
289,Enzo Millot\f76022e7,fr FRA,MF,Stuttgart,19-209,2002,0.4,21,21,0,0,0,3,0,0,0,0,0,0,17,2,2,17,2,1,0,0,17,0,0,0,2,Matches
290,Maximilian Mittelstädt\88d4144a,de GER,DFFW,Hertha BSC,24-330,1997,11.6,551,457,94,7,2,113,15,30,12,7,5,0,288,133,130,343,87,25,75,3,382,4,9,31,25,Matches
291,Anthony Modeste\34e4343c,fr FRA,FW,Köln,33-303,1988,18.7,302,279,23,0,0,81,9,10,0,0,0,0,173,71,58,28,205,20,1,11,206,0,7,18,15,Matches
292,Kevin Möhwald\a5ce09f2,de GER,MF,Union Berlin,28-223,1993,1.5,71,69,2,1,0,12,1,2,0,0,0,0,48,11,12,7,55,4,1,1,55,0,3,1,3,Matches
293,Clinton Mola\29ddfb9c,eng ENG,DF,Stuttgart,20-333,2001,1.3,120,115,5,0,0,17,3,0,0,0,0,0,100,10,10,91,18,4,5,0,110,0,1,2,0,Matches
294,Jan Morávek\e7d22eae,cz CZE,MF,Augsburg,32-102,1989,3.6,125,123,2,2,0,23,7,3,0,0,0,0,77,15,33,18,92,13,0,1,91,1,0,5,4,Matches
295,Ilaix Moriba\f4c69aa6,gn GUI,MF,RB Leipzig,19-023,2003,0.4,20,18,2,2,0,8,1,0,0,0,0,0,17,2,1,3,16,0,0,1,17,0,0,1,0,Matches
296,Youssoufa Moukoko\6ce43701,de GER,FW,Dortmund,17-083,2004,1.3,25,21,4,0,0,7,0,1,0,0,0,0,19,6,0,16,6,1,0,1,21,0,0,2,1,Matches
297,Nordi Mukiele\ac73ec79,fr FRA,DF,RB Leipzig,24-102,1997,12.4,765,664,101,17,0,110,15,27,0,0,0,0,425,156,184,44,581,37,82,1,573,0,9,27,34,Matches
298,Florian Müller\cbac6ec9,de GER,GK,Stuttgart,24-090,1997,17.0,590,432,158,23,0,23,11,0,0,0,0,0,420,26,144,328,170,0,1,80,504,1,6,3,0,Matches
299,Thomas Müller\3c6089ab,de GER,MF,Bayern Munich,32-151,1989,19.2,1063,986,77,7,6,216,21,56,11,3,5,1,666,197,200,202,755,45,34,8,789,7,15,49,41,Matches
300,Torben Müsel\d01b9ad6,de GER,MF,M'Gladbach,22-201,1999,0.1,2,2,0,0,0,0,0,0,0,0,0,0,2,0,0,0,2,0,0,0,2,0,0,0,0,Matches
301,Jamal Musiala\2c0558b8,de GER,MFFW,Bayern Munich,18-350,2003,9.8,438,432,6,2,1,119,4,5,0,0,0,0,365,49,24,34,381,8,3,8,363,4,2,22,12,Matches
302,Obite N'Dicka\441197b8,fr FRA,DF,Eint Frankfurt,22-175,1999,19.0,1052,1020,32,21,0,133,16,6,0,0,0,0,787,91,174,800,142,50,11,4,886,3,25,14,11,Matches
303,Nikolas Nartey\30261ba1,dk DEN,MFDF,Stuttgart,21-354,2000,4.5,204,183,21,4,0,43,4,8,0,0,0,0,127,42,35,143,24,7,17,2,152,0,2,10,7,Matches
304,Paul Nebel\1b6d8083,de GER,MFFW,Mainz 05,19-124,2002,2.3,87,79,8,5,0,25,4,5,3,2,1,0,57,14,16,13,70,2,0,2,55,0,3,9,5,Matches
305,David Nemeth\da76715c,at AUT,DF,Mainz 05,20-330,2001,3.0,158,153,5,5,0,28,3,0,0,0,0,0,117,17,24,21,117,10,0,1,134,1,5,0,2,Matches
306,Luca Netz\e79269bd,de GER,DF,M'Gladbach,18-272,2003,9.0,324,264,60,5,0,45,6,7,8,5,0,0,203,47,74,234,29,6,47,2,260,0,7,9,8,Matches
307,Manuel Neuer\8778c910,de GER,GK,Bayern Munich,35-321,1986,20.0,892,744,148,30,0,46,21,0,0,0,0,0,595,88,209,187,571,3,0,118,783,3,12,7,2,Matches
308,Florian Neuhaus\36a59ba4,de GER,MFFW,M'Gladbach,24-332,1997,11.6,487,469,18,16,2,100,18,4,1,1,0,0,363,44,80,101,368,8,1,4,383,3,10,15,18,Matches
309,Moussa Niakhate\00242715,fr FRA,DF,Mainz 05,25-340,1996,15.5,882,731,151,27,0,114,13,23,0,0,0,0,558,92,232,585,116,36,123,2,687,1,25,25,12,Matches
310,Florian Niederlechner\d6862409,de GER,FW,Augsburg,31-110,1990,6.7,107,93,14,0,1,37,1,4,0,0,0,0,63,23,21,14,64,7,2,1,78,0,0,2,5,Matches
311,Håvard Nielsen\b18ef366,no NOR,MFFW,Greuther Fürth,28-211,1993,11.2,270,259,11,2,0,91,0,9,0,0,0,0,159,60,51,63,131,30,0,6,179,2,8,13,12,Matches
312,Joakim Nilsson\c562c5b4,se SWE,DF,Arminia,28-005,1994,19.4,658,624,34,30,0,98,15,0,0,0,0,0,420,68,170,477,84,56,3,2,533,1,14,11,8,Matches
313,Christopher Nkunku\7c56da38,fr FRA,FWMF,RB Leipzig,24-089,1997,19.5,711,679,32,8,2,176,18,37,10,5,3,0,516,90,105,94,567,23,6,6,563,2,10,28,26,Matches
314,Lukas Nmecha\0cc5f4a5,de GER,FWMF,Wolfsburg,23-059,1998,10.5,264,251,13,0,1,68,10,15,0,0,0,0,158,64,42,25,204,8,2,8,182,2,6,13,10,Matches
315,Håvard Nordtveit\6cafd68d,no NOR,DFFW,Hoffenheim,31-235,1990,0.8,74,70,4,2,0,12,2,0,0,0,0,0,52,6,16,6,59,5,2,0,60,0,1,3,2,Matches
316,Connor Noß\ccc6d365,ie IRL,MF,M'Gladbach,21-041,2001,0.0,0,0,0,0,0,0,0,0,0,0,0,0,0,0,0,0,0,0,0,0,0,0,0,0,0,Matches
317,Hugo Novoa\5458f670,es ESP,MFFW,RB Leipzig,19-041,2003,1.2,33,33,0,0,0,12,0,3,0,0,0,0,21,7,5,3,25,2,0,2,19,0,1,3,2,Matches
318,Soma Novothny\6fb91ea9,hu HUN,FWMF,Bochum,27-240,1994,0.9,17,17,0,0,0,6,1,1,0,0,0,0,7,7,3,1,9,3,0,0,12,0,0,0,0,Matches
319,Hans Nunoo Sarpei\9593331d,gh GHA,DFMF,Greuther Fürth,23-173,1998,7.1,319,305,14,13,0,34,8,0,0,0,0,0,235,31,53,37,254,18,1,3,264,2,7,7,3,Matches
320,Bastian Oczipka\d1661819,de GER,DF,Union Berlin,33-030,1989,3.9,197,155,42,5,0,39,2,7,2,0,1,0,105,50,42,118,36,4,35,0,149,0,3,5,14,Matches
321,Masaya Okugawa\63b9cc6d,jp JPN,MFFW,Arminia,25-303,1996,17.6,311,304,7,0,0,90,1,15,0,0,0,0,189,76,46,94,171,27,2,0,192,2,12,18,25,Matches
322,Dani Olmo\ae44e8e2,es ESP,MF,RB Leipzig,23-280,1998,2.4,111,108,3,0,0,33,2,1,0,0,0,0,78,16,17,17,86,3,1,3,82,1,4,9,4,Matches
323,Karim Onisiwo\f26834c7,at AUT,FW,Mainz 05,29-331,1992,15.8,336,315,21,0,1,130,6,33,0,0,0,0,196,73,67,56,217,19,1,13,211,3,8,17,25,Matches
324,Willi Orban\20030c06,hu HUN,DF,RB Leipzig,29-100,1992,16.4,1043,1002,41,32,0,124,5,0,0,0,0,0,821,88,134,135,806,58,3,9,928,2,6,19,7,Matches
325,Stefan Ortega\c1242d4e,de GER,GK,Arminia,29-097,1992,20.0,984,719,265,83,0,78,48,0,0,0,0,0,372,23,589,120,744,1,0,46,655,2,25,10,3,Matches
326,Patrick Osterhage\9662c9ec,de GER,MF,Bochum,22-010,2000,1.6,50,50,0,0,0,14,1,0,0,0,0,0,31,11,8,31,11,2,0,1,39,0,1,1,2,Matches
327,Tomáš Ostrák\3ba95f20,cz CZE,MFFW,Köln,22-006,2000,0.2,10,9,1,0,0,1,0,0,1,0,1,0,4,3,3,1,9,0,0,0,6,0,0,0,2,Matches
328,Paulo Otávio\1cbe4984,br BRA,DF,Wolfsburg,27-080,1994,4.0,201,159,42,0,0,20,5,15,0,0,0,0,82,59,60,135,12,9,42,1,146,0,6,7,7,Matches
329,Reece Oxford\8b6e0db2,eng ENG,DF,Augsburg,23-057,1998,17.0,610,597,13,8,0,87,36,2,0,0,0,0,427,54,129,68,474,42,3,2,491,4,17,15,6,Matches
330,Salih Özcan\15413fa5,de GER,MF,Köln,24-031,1998,14.6,723,688,35,30,0,123,14,13,0,0,0,0,522,88,113,130,498,56,4,4,599,5,5,15,15,Matches
331,Levin Öztunalı\66385c46,de GER,MFFW,Union Berlin,25-333,1996,5.4,149,145,4,2,0,45,5,6,0,0,0,0,92,23,34,23,114,4,0,2,108,2,6,9,5,Matches
332,Gonçalo Paciência\962e54cb,pt POR,FW,Eint Frankfurt,27-194,1994,1.8,59,59,0,0,0,17,4,3,0,0,0,0,26,16,17,13,33,9,0,2,32,0,1,6,2,Matches
333,Exequiel Palacios\e82adcab,ar ARG,MF,Leverkusen,23-129,1998,7.4,469,452,17,10,1,79,11,2,1,0,0,0,346,62,61,47,403,11,5,0,404,2,5,18,7,Matches
334,Miloš Pantović\5dc15574,rs SRB,MFFW,Bochum,25-219,1996,11.0,338,304,34,13,0,80,8,23,11,7,3,0,179,70,89,29,266,22,6,2,222,2,9,32,10,Matches
335,Antonios Papadopoulos\13d23b29,de GER,DF,Dortmund,22-154,1999,0.1,9,9,0,0,0,0,0,0,0,0,0,0,7,0,2,1,8,0,0,0,8,0,0,0,0,Matches
336,Matondo-Merveille Papela\b4b08774,de GER,MF,Mainz 05,21-024,2001,0.2,12,12,0,0,0,2,0,0,0,0,0,0,9,1,2,1,7,2,0,1,10,0,0,0,0,Matches
337,Felix Passlack\5c899683,de GER,DF,Dortmund,23-258,1998,2.2,180,153,27,2,0,12,2,6,0,0,0,0,121,31,28,27,123,5,25,0,154,0,2,7,4,Matches
338,Paulinho\53070b63,br BRA,FW,Leverkusen,21-211,2000,5.7,191,189,2,0,1,42,1,1,1,0,0,0,157,25,9,15,170,4,1,0,158,1,4,8,9,Matches
339,Benjamin Pavard\45a03961,fr FRA,DF,Bayern Munich,25-320,1996,12.5,1100,1018,82,13,3,108,19,15,0,0,0,0,812,113,175,53,911,48,69,2,966,2,10,28,14,Matches
340,Mads Pedersen\582a5247,dk DEN,DFMF,Augsburg,25-163,1996,10.1,321,244,77,9,0,61,15,16,13,2,10,0,150,74,97,217,32,11,55,2,210,1,8,17,15,Matches
341,Peter Pekarík\c18d22f5,sk SVK,DF,Hertha BSC,35-104,1986,12.4,618,504,114,13,0,86,10,17,0,0,0,0,349,138,131,17,448,42,101,2,499,4,15,16,21,Matches
342,Philipp Pentke\c41f7379,de GER,GK,Hoffenheim,36-286,1985,1.0,40,32,8,0,0,5,1,0,0,0,0,0,26,0,14,3,31,1,0,5,32,0,1,0,0,Matches
343,Ricardo Pepi\a2b1ed42,us USA,FW,Augsburg,19-033,2003,1.9,42,41,1,0,0,12,1,3,0,0,0,0,26,12,4,2,34,2,0,1,30,1,0,5,0,Matches
344,Pavao Pervan\c89e8aae,at AUT,GK,Wolfsburg,34-090,1987,2.0,51,38,13,2,0,1,0,0,0,0,0,0,30,2,19,5,33,0,0,10,38,0,1,0,0,Matches
345,Nils Petersen\f93e6e94,de GER,FWMF,Freiburg,33-067,1988,1.5,35,35,0,0,0,11,1,2,0,0,0,0,14,14,7,6,15,5,0,1,21,0,2,0,2,Matches
346,Jens Petter Hauge\12c35abe,no NOR,FWMF,Eint Frankfurt,22-122,1999,6.5,254,246,8,2,0,47,5,4,1,0,0,1,176,47,31,31,194,16,5,4,176,0,5,21,12,Matches
347,Maximilian Philipp\061e8e23,de GER,MF,Wolfsburg,27-347,1994,7.9,259,229,30,3,1,46,13,11,18,16,0,0,160,50,49,43,196,7,3,1,192,0,3,9,10,Matches
348,Krzysztof Piątek\17f3620a,pl POL,FW,Hertha BSC,26-225,1995,3.9,84,78,6,0,0,31,2,1,0,0,0,0,44,18,22,9,52,9,0,5,54,1,4,1,2,Matches
349,Amos Pieper\526ea7cc,de GER,DF,Arminia,24-025,1998,18.9,744,713,31,21,0,85,15,4,0,0,0,0,486,59,199,115,518,69,4,2,596,2,11,11,5,Matches
350,Marvin Plattenhardt\f7aa75bd,de GER,DF,Hertha BSC,30-016,1992,12.9,703,476,227,55,0,68,35,32,40,16,19,1,356,109,238,509,30,28,131,0,516,0,14,25,16,Matches
351,Alassane Pléa\bc6bd723,fr FRA,FWMF,M'Gladbach,28-338,1993,11.8,403,384,19,0,3,124,8,6,1,1,0,0,286,74,43,42,333,8,2,8,301,1,5,23,19,Matches
352,Joel Pohjanpalo\ea003d07,fi FIN,FW,Leverkusen,27-151,1994,0.1,3,3,0,0,0,2,0,0,0,0,0,0,1,1,1,0,1,0,0,1,1,0,0,0,0,Matches
353,Sebastian Polter\3745e8bd,de GER,FW,Bochum,30-316,1991,16.3,332,307,25,1,0,124,2,6,0,0,0,0,145,103,84,66,129,49,0,22,183,3,10,26,15,Matches
354,Marin Pongračić\2a6cd437,hr CRO,DF,Dortmund,24-153,1997,5.2,386,375,11,8,0,40,8,0,0,0,0,0,324,14,48,82,291,8,2,0,339,1,2,10,2,Matches
355,Stefan Posch\7f609bfc,at AUT,DF,Hoffenheim,24-273,1997,14.9,828,796,32,21,1,114,20,2,0,0,0,0,573,71,184,91,649,54,9,5,667,5,21,11,17,Matches
356,Yussuf Poulsen\d2416c2e,dk DEN,FWMF,RB Leipzig,27-241,1994,6.8,218,208,10,0,1,84,3,8,0,0,0,0,130,46,42,29,145,15,3,6,148,0,3,14,13,Matches
357,Manuel Prietl\901c0f97,at AUT,MF,Arminia,30-192,1991,16.4,439,432,7,5,1,81,9,1,1,0,0,0,296,54,89,126,261,34,1,1,336,1,8,16,14,Matches
358,Grischa Prömel\924f9191,de GER,MF,Union Berlin,27-033,1995,15.0,519,496,23,7,0,110,6,6,1,0,0,0,344,75,100,97,355,42,2,6,396,3,8,18,16,Matches
359,Afimico Pululu\32c016f8,fr FRA,FW,Greuther Fürth,22-325,1999,0.1,4,3,1,0,0,1,0,0,0,0,0,0,3,0,1,4,0,0,0,0,3,0,0,0,0,Matches
360,Sidney Raebiger\a8090a41,de GER,MF,RB Leipzig,16-300,2005,0.0,2,2,0,0,0,1,0,0,0,0,0,0,2,0,0,1,1,0,0,0,2,0,0,0,0,Matches
361,Diant Ramaj\b90c4a43,de GER,GK,Eint Frankfurt,20-145,2001,1.0,40,32,8,4,0,6,0,0,0,0,0,0,23,1,16,7,24,0,0,6,28,0,2,0,0,Matches
362,Guilherme Ramos\df9c3473,pt POR,DF,Arminia,24-184,1997,1.7,62,60,2,0,0,9,1,1,0,0,0,0,31,13,18,2,48,7,2,0,37,1,2,2,1,Matches
363,Tobias Raschl\bd992863,de GER,MF,Greuther Fürth,21-355,2000,0.2,14,13,1,1,0,1,0,0,0,0,0,0,13,0,1,2,12,0,0,0,14,0,0,0,0,Matches
364,David Raum\7d450ed3,de GER,DF,Hoffenheim,23-295,1998,18.7,1242,982,260,27,0,147,39,102,54,29,12,4,662,292,288,931,83,37,179,0,917,5,23,38,61,Matches
365,Reinier\6b21b7b5,br BRA,MFFW,Dortmund,20-023,2002,0.7,40,40,0,0,0,11,3,0,0,0,0,0,30,5,5,4,35,1,0,0,32,0,0,3,3,Matches
366,Panagiotis Retsos\4bd00a50,gr GRE,DFFW,Leverkusen,23-186,1998,0.4,12,11,1,1,0,2,0,0,0,0,0,0,11,1,0,5,7,0,0,0,10,0,0,1,0,Matches
367,Marco Reus\36a3ff67,de GER,MFFW,Dortmund,32-256,1989,19.0,889,833,56,33,1,172,16,23,7,3,2,0,701,97,91,198,657,17,4,7,718,3,5,48,28,Matches
368,Elvis Rexhbeçaj\1ae836b1,de GER,MF,Bochum,24-102,1997,18.7,560,513,47,24,0,96,17,24,16,7,2,0,337,81,142,395,100,44,3,5,370,2,12,32,27,Matches
369,Gio Reyna\7fa4e703,us USA,MF,Dortmund,19-090,2002,2.8,164,148,16,7,0,31,4,5,8,4,2,0,132,17,15,8,148,3,0,3,131,0,3,7,7,Matches
370,Chris Richards\0a3d6d2b,us USA,DF,Bayern Munich,21-320,2000,0.0,2,2,0,0,0,0,0,0,0,0,0,0,2,0,0,0,2,0,0,0,2,0,0,0,0,Matches
371,Chris Richards\0a3d6d2b,us USA,DF,Hoffenheim,21-320,2000,12.5,814,795,19,15,0,131,8,0,0,0,0,0,629,68,117,244,480,49,1,2,701,0,11,20,11,Matches
372,Omar Richards\f9b1b7bf,eng ENG,DF,Bayern Munich,23-361,1998,3.0,211,172,39,6,0,33,2,4,0,0,0,0,156,41,14,139,36,2,33,0,189,0,2,5,4,Matches
373,Marco Richter\f972644c,de GER,FWMF,Hertha BSC,24-079,1997,12.6,382,353,29,9,0,64,16,26,12,3,8,0,214,68,100,76,266,21,8,6,251,0,18,18,19,Matches
374,Manuel Riemann\9f941969,de GER,GK,Bochum,33-155,1988,20.0,1051,801,250,92,1,88,64,0,0,0,0,0,248,44,759,97,781,1,0,60,623,7,39,22,4,Matches
375,Marc Roca\da27e268,es ESP,MF,Bayern Munich,25-077,1996,3.7,246,236,10,5,0,34,14,0,4,0,4,0,190,16,40,186,43,14,1,1,209,0,2,4,5,Matches
376,Sebastian Rode\e12b0b5b,de GER,MF,Eint Frankfurt,31-123,1990,5.3,284,279,5,4,0,50,2,3,0,0,0,0,186,57,41,32,228,16,1,1,231,0,4,14,3,Matches
377,Romario Rösch\87ebfdb8,de GER,MF,Mainz 05,22-225,1999,0.0,0,0,0,0,0,0,0,0,0,0,0,0,0,0,0,0,0,0,0,0,0,0,0,0,0,Matches
378,Jérôme Roussillon\13203c45,fr FRA,DF,Wolfsburg,29-036,1993,11.6,592,488,104,6,0,63,11,28,0,0,0,0,323,141,128,415,48,20,98,2,450,6,9,20,28,Matches
379,Sebastian Rudy\80f36c88,de GER,MF,Hoffenheim,31-348,1990,6.7,322,302,20,6,0,64,4,5,8,3,0,1,204,59,59,29,265,15,5,4,239,4,4,15,14,Matches
380,Georginio Rutter\c64c01fc,fr FRA,FWMF,Hoffenheim,19-297,2002,11.0,205,201,4,0,1,72,7,12,0,0,0,0,125,43,37,90,77,11,1,9,126,0,4,12,17,Matches
381,Julian Ryerson\009a4f60,no NOR,DF,Union Berlin,24-086,1997,8.6,324,254,70,3,0,49,5,21,0,0,0,0,151,102,71,22,201,28,67,0,235,0,6,14,15,Matches
382,Frederik Rønnow\a70b8345,dk DEN,GK,Union Berlin,29-191,1992,1.0,45,38,7,2,0,5,0,0,0,0,0,0,19,2,24,7,32,0,0,3,25,0,0,0,1,Matches
383,Marcel Sabitzer\e280527c,at AUT,MFFW,RB Leipzig,27-331,1994,0.5,49,45,4,1,0,6,5,2,0,0,0,0,30,6,13,3,41,2,3,0,42,0,1,0,0,Matches
384,Marcel Sabitzer\e280527c,at AUT,MFDF,Bayern Munich,27-331,1994,5.7,445,414,31,6,0,67,9,9,0,0,0,0,297,73,75,64,323,22,25,5,363,1,3,15,17,Matches
385,Roland Sallai\bf075f6b,hu HUN,MFFW,Freiburg,24-265,1997,8.2,241,229,12,2,2,49,7,16,1,1,0,0,141,49,51,42,169,12,9,1,165,1,4,18,14,Matches
386,Diadie Samassékou\08593525,ml MLI,MF,Hoffenheim,26-031,1996,9.0,327,325,2,2,0,75,10,0,0,0,0,0,230,48,49,38,262,15,0,5,264,0,6,11,15,Matches
387,Leroy Sané\2b114be3,de GER,FWMF,Bayern Munich,26-031,1996,14.7,663,628,35,9,1,109,10,21,16,7,3,2,548,61,54,521,112,8,8,10,551,0,4,36,15,Matches
388,Mohamed Sankoh\be625686,nl NED,FW,Stuttgart,18-118,2003,0.0,0,0,0,0,0,0,0,0,0,0,0,0,0,0,0,0,0,0,0,0,0,0,0,0,0,Matches
389,Baptiste Santamaria\5e22e2a4,fr FRA,MF,Freiburg,26-339,1995,0.2,4,3,1,1,0,1,0,0,0,0,0,0,3,1,0,1,3,0,0,0,2,0,0,0,1,Matches
390,Bouna Sarr\1a4b9094,sn SEN,DF,Bayern Munich,30-011,1992,0.7,37,32,5,0,0,5,2,4,0,0,0,0,25,10,2,5,26,0,5,0,26,0,2,1,0,Matches
391,Joseph Scally\236f02cd,us USA,DF,M'Gladbach,19-042,2002,16.8,881,702,179,10,1,112,14,25,0,0,0,0,525,200,156,151,521,26,169,4,704,2,9,28,20,Matches
392,Kevin Schade\52afb588,de GER,FWMF,Freiburg,20-076,2001,8.5,175,164,11,0,0,46,3,14,0,0,0,0,78,47,50,18,93,21,10,5,98,0,7,20,6,Matches
393,Louis Schaub\b50ec54b,at AUT,MF,Köln,27-044,1994,5.2,223,211,12,2,1,38,7,16,7,5,1,0,141,40,42,173,33,9,3,0,150,4,6,11,12,Matches
394,Patrik Schick\5d4f7d61,cz CZE,FW,Leverkusen,26-018,1996,15.7,290,267,23,1,0,86,2,2,0,0,0,0,170,78,42,171,53,22,1,11,205,1,4,21,10,Matches
395,Kingsley Schindler\bd527260,de GER,DFMF,Köln,28-214,1993,2.4,117,93,24,1,0,21,1,9,0,0,0,0,57,19,41,12,74,3,23,1,66,1,4,2,8,Matches
396,Xaver Schlager\8f056768,at AUT,MF,Wolfsburg,24-136,1997,2.6,125,121,4,4,0,29,3,1,0,0,0,0,95,10,20,83,34,4,0,1,104,0,2,2,5,Matches
397,Keven Schlotterbeck\f6bdc830,de GER,DF,Freiburg,24-289,1997,2.1,84,83,1,1,0,14,1,0,0,0,0,0,60,6,18,50,24,4,0,0,69,0,4,1,1,Matches
398,Nico Schlotterbeck\34e12499,de GER,DF,Freiburg,22-072,1999,18.2,940,908,32,25,0,162,37,5,0,0,0,0,642,93,205,691,144,53,7,3,770,4,20,18,13,Matches
399,Jonathan Schmid\088ca1bd,fr FRA,DF,Freiburg,31-230,1990,2.1,74,60,14,2,0,15,1,3,0,0,0,0,34,15,25,12,48,2,12,0,56,1,0,3,2,Matches
400,Benno Schmitz\ad00b1a8,de GER,DF,Köln,27-086,1994,18.7,1143,906,237,9,0,141,11,51,0,0,0,0,525,246,372,140,698,56,228,1,818,4,20,62,39,Matches
401,Alessandro Schöpf\106bca06,at AUT,MF,Arminia,28-004,1994,17.4,668,616,52,21,0,168,19,19,22,10,11,1,429,107,132,159,453,31,1,6,512,1,3,31,18,Matches
402,Nico Schulz\fa274d97,de GER,DF,Dortmund,28-316,1993,6.8,521,439,82,5,0,57,2,9,0,0,0,0,368,88,65,319,100,15,77,1,431,0,7,19,17,Matches
403,Marvin Schwäbe\87436846,de GER,GK,Köln,26-292,1995,9.0,412,323,89,22,0,27,6,0,0,0,0,0,288,12,112,66,303,0,0,37,347,1,4,3,1,Matches
404,Alexander Schwolow\0d55d942,de GER,GK,Hertha BSC,29-254,1992,21.0,757,525,232,60,0,85,17,0,0,0,0,0,377,40,340,101,511,0,0,118,537,4,17,8,0,Matches
405,Paul Seguin\8872ed17,de GER,MF,Greuther Fürth,26-319,1995,18.0,848,803,45,36,0,198,19,18,8,0,8,0,588,96,164,93,682,45,0,3,660,4,17,31,28,Matches
406,Davie Selke\1238a3f9,de GER,FW,Hertha BSC,27-022,1995,5.4,97,84,13,0,0,42,0,2,0,0,0,0,43,23,31,3,50,10,0,3,56,0,2,3,6,Matches
407,Suat Serdar\b3325a30,de GER,MFFW,Hertha BSC,24-306,1997,16.0,376,369,7,4,2,122,15,3,0,0,0,0,255,65,56,39,305,14,2,3,270,4,5,28,16,Matches
408,Janni Serra\40b58bfc,de GER,FW,Arminia,23-335,1998,5.8,139,129,10,0,0,46,2,1,0,0,0,0,63,44,32,72,19,17,2,5,93,2,3,7,3,Matches
409,Zidan Sertdemir\eec1f7f4,dk DEN,MFFW,Leverkusen,17-007,2005,0.2,7,4,3,0,0,1,1,0,3,3,0,0,4,0,3,6,1,0,0,0,5,0,0,0,0,Matches
410,Nils Seufert\0da32a38,de GER,MF,Greuther Fürth,25-008,1997,1.1,29,28,1,1,0,3,0,0,0,0,0,0,21,3,5,5,22,2,0,0,22,0,2,0,1,Matches
411,Kiliann Sildillia\313254a3,fr FRA,DF,Freiburg,19-271,2002,1.2,64,50,14,2,0,7,2,3,0,0,0,0,39,8,17,5,46,1,12,0,42,0,1,1,7,Matches
412,André Silva\3effaa34,pt POR,FW,RB Leipzig,26-097,1995,15.5,372,340,32,1,1,133,3,11,0,0,0,0,240,85,47,40,268,30,6,5,275,1,7,19,17,Matches
413,Mohamed Simakan\fcb27134,fr FRA,DF,RB Leipzig,21-284,2000,14.5,867,833,34,31,0,95,10,3,0,0,0,0,689,75,103,86,712,38,0,7,769,5,12,11,6,Matches
414,Daley Sinkgraven\73000a79,nl NED,DF,Leverkusen,26-222,1995,2.6,155,126,29,2,1,21,2,5,0,0,0,0,93,39,23,101,20,4,27,0,126,1,3,3,4,Matches
415,Ellyes Skhiri\c2211709,tn TUN,MF,Köln,26-277,1995,8.6,404,381,23,22,0,67,8,2,0,0,0,0,295,42,67,46,320,25,1,4,354,1,2,8,6,Matches
416,Robert Skov\ff98492b,dk DEN,DFFW,Hoffenheim,25-267,1996,2.7,127,107,20,3,0,12,6,9,7,3,2,1,80,18,29,97,12,5,10,0,94,1,5,5,2,Matches
417,Danilo Soares\c05f2f8c,br BRA,DF,Bochum,30-105,1991,19.5,1139,872,267,29,0,140,6,31,1,0,0,0,589,250,300,580,238,55,237,7,851,6,36,44,37,Matches
418,Yann Sommer\420c18a1,ch SUI,GK,M'Gladbach,33-056,1988,21.0,865,676,189,56,0,71,20,0,0,0,0,0,530,38,297,159,580,0,1,93,672,1,17,11,2,Matches
419,Borna Sosa\af0d79a9,hr CRO,DF,Stuttgart,24-021,1998,16.8,1113,888,225,38,1,135,42,85,41,8,30,1,620,231,262,880,43,33,146,1,814,3,16,42,42,Matches
420,Djibril Sow\4c6facae,ch SUI,MF,Eint Frankfurt,25-005,1997,18.9,857,840,17,13,1,154,15,5,0,0,0,0,645,98,114,116,680,32,4,5,734,3,14,23,14,Matches
421,Jerry St. Juste\90339309,nl NED,DF,Mainz 05,25-115,1996,6.7,289,271,18,17,0,40,7,3,0,0,0,0,192,32,65,28,225,20,0,0,224,0,4,8,11,Matches
422,Anton Stach\0f59a7bf,de GER,MF,Mainz 05,23-088,1998,10.4,496,481,15,11,0,117,17,6,3,3,0,0,291,71,134,69,336,54,1,1,367,1,11,18,11,Matches
423,Kostas Stafylidis\861e0116,gr GRE,DF,Bochum,28-071,1993,10.2,463,356,107,13,0,54,17,15,1,0,1,0,222,83,158,253,84,26,93,0,346,1,6,17,10,Matches
424,Josip Stanišić\7ed08d5c,hr CRO,DF,Bayern Munich,21-315,2000,4.5,358,316,42,2,0,47,7,7,0,0,0,0,253,65,40,56,251,9,40,0,305,0,8,12,6,Matches
425,Niklas Stark\aad48be9,de GER,DF,Hertha BSC,26-303,1995,18.2,861,816,45,42,1,127,23,0,0,0,0,0,603,88,170,46,710,66,3,1,723,1,11,17,9,Matches
426,Renato Steffen\dd669209,ch SUI,FWMF,Wolfsburg,30-100,1991,9.1,331,311,20,2,0,54,12,17,0,0,0,0,212,60,59,251,34,22,16,1,259,5,8,11,11,Matches
427,Pascal Stenzel\99f7e9aa,de GER,DF,Stuttgart,25-328,1996,2.6,179,161,18,4,0,19,16,2,2,1,1,0,112,26,41,10,146,10,12,0,147,0,4,1,4,Matches
428,Angelo Stiller\3b1ed320,de GER,MF,Hoffenheim,20-313,2001,9.9,528,517,11,6,1,119,6,3,3,2,0,0,381,64,83,427,50,34,1,3,445,2,4,15,10,Matches
429,Lars Stindl\7cd6badb,de GER,MFFW,M'Gladbach,33-169,1988,14.3,619,605,14,1,5,161,9,8,0,0,0,0,468,94,57,112,475,11,2,8,509,2,6,24,18,Matches
430,Kevin Stöger\e5649a78,at AUT,MF,Mainz 05,28-168,1993,2.3,212,189,23,7,0,36,10,14,9,3,6,0,121,28,63,170,29,4,7,2,157,0,5,9,4,Matches
431,Tobias Strobl\17780d2b,de GER,MFDF,Augsburg,31-275,1990,3.6,94,91,3,3,0,35,5,1,0,0,0,0,53,17,24,8,72,6,0,0,68,1,3,5,4,Matches
432,Niklas Süle\e33c06cf,de GER,DF,Bayern Munich,26-161,1995,14.7,1185,1140,45,21,0,148,37,5,0,0,0,0,923,117,145,187,895,53,23,2,1070,3,13,19,13,Matches
433,Ádám Szalai\53e07d0b,hu HUN,FW,Mainz 05,34-064,1987,2.8,75,74,1,0,0,32,0,4,0,0,0,0,32,25,18,5,49,8,1,4,47,1,1,6,3,Matches
434,Dominik Szoboszlai\934e1968,hu HUN,MFFW,RB Leipzig,21-109,2000,12.3,720,637,83,24,3,137,32,33,46,23,14,3,476,111,133,63,600,20,13,11,560,4,8,20,20,Matches
435,Jonathan Tah\bd142efb,de GER,DF,Leverkusen,26-000,1996,20.9,1206,1164,42,25,3,128,29,3,0,0,0,0,977,90,139,212,906,50,3,0,1080,0,11,22,9,Matches
436,Edmond Tapsoba\a73c8f95,bf BFA,DF,Leverkusen,23-009,1999,7.7,471,457,14,8,0,49,17,2,0,0,0,0,386,31,54,66,388,12,0,0,413,2,8,11,6,Matches
437,Niklas Tauer\27270af4,de GER,MFDF,Mainz 05,20-359,2001,2.8,93,84,9,1,0,9,0,1,0,0,0,0,53,17,23,16,49,17,8,0,67,0,2,0,4,Matches
438,Robert Tesche\037130ca,de GER,MF,Bochum,34-260,1987,3.2,133,132,1,1,0,11,10,1,0,0,0,0,96,16,21,18,107,6,0,1,113,1,3,5,3,Matches
439,Cedric Teuchert\f956479d,de GER,MFFW,Union Berlin,25-028,1997,1.2,30,28,2,0,0,11,1,1,0,0,0,0,24,5,1,5,23,0,0,0,20,1,0,0,3,Matches
440,Jan Thielmann\fd53759d,de GER,MFFW,Köln,19-261,2002,8.5,286,277,9,2,1,61,12,25,0,0,0,0,149,67,70,21,226,22,6,1,178,3,9,14,25,Matches
441,Erik Thommy\df8e7b62,de GER,FWDF,Stuttgart,27-175,1994,0.9,26,26,0,0,0,4,0,1,0,0,0,0,23,1,2,5,20,1,0,0,23,0,0,1,0,Matches
442,Marcus Thuram\6f8cd6d0,fr FRA,FWMF,M'Gladbach,24-189,1997,5.2,124,114,10,0,0,49,1,4,0,0,0,0,86,24,14,18,83,7,0,2,91,0,2,9,5,Matches
443,Alexis Tibidi\ca6f4846,fr FRA,FWMF,Stuttgart,18-100,2003,3.1,73,70,3,2,0,21,2,2,0,0,0,0,59,8,6,11,59,1,0,0,58,0,1,1,3,Matches
444,Steffen Tigges\6b8887c2,de GER,FWMF,Dortmund,23-195,1998,1.2,43,42,1,0,0,14,1,2,0,0,0,0,29,11,3,31,5,2,0,0,24,0,1,7,0,Matches
445,Malik Tillman\a5420709,de GER,FWMF,Bayern Munich,19-259,2002,1.2,39,38,1,0,0,11,1,0,0,0,0,0,31,6,2,2,32,2,1,0,30,0,1,3,2,Matches
446,Timothy Tillman\a5bea1fb,de GER,MF,Greuther Fürth,23-038,1999,11.0,342,293,49,16,1,82,8,12,23,14,3,5,237,24,81,68,247,12,2,5,231,3,8,13,20,Matches
447,Corentin Tolisso\652d4c37,fr FRA,MF,Bayern Munich,27-192,1994,6.4,457,442,15,11,4,73,20,3,0,0,0,0,355,43,59,54,380,15,3,1,397,1,3,17,11,Matches
448,Tiago Tomás\b492126a,pt POR,MF,Stuttgart,19-240,2002,0.1,3,3,0,0,0,0,0,0,0,0,0,0,2,0,1,0,3,0,0,0,1,0,0,0,0,Matches
449,Jordan Torunarigha\f86cabbd,de GER,DF,Hertha BSC,24-188,1997,5.4,236,226,10,5,0,34,10,1,0,0,0,0,173,23,40,161,50,13,1,2,194,0,6,4,4,Matches
450,Almamy Touré\c8c60119,ml MLI,DF,Eint Frankfurt,25-289,1996,4.5,176,135,41,2,0,36,0,4,0,0,0,0,83,50,43,22,101,5,39,2,124,0,2,10,10,Matches
451,Lucas Tousart\71ec39ef,fr FRA,MF,Hertha BSC,24-288,1997,8.8,319,311,8,6,1,75,11,1,0,0,0,0,212,47,60,44,244,22,1,2,251,5,6,11,10,Matches
452,Kevin Trapp\ce17b5eb,de GER,GK,Eint Frankfurt,31-218,1990,20.0,812,607,205,47,0,66,13,0,0,0,0,0,372,11,429,107,568,0,0,89,530,4,23,9,3,Matches
453,Christopher Trimmel\056d2d95,at AUT,DF,Union Berlin,34-352,1987,13.3,701,505,196,23,0,100,32,44,40,13,24,2,316,193,192,72,447,34,133,0,485,8,11,27,33,Matches
454,Tuta\35d64857,br BRA,DF,Eint Frankfurt,22-222,1999,12.6,656,621,35,17,1,89,15,4,0,0,0,0,429,81,146,53,524,43,18,1,521,2,7,19,13,Matches
455,Sven Ulreich\7d3e7da6,de GER,GK,Bayern Munich,33-192,1988,1.0,46,42,4,1,0,4,0,0,0,0,0,0,34,1,11,2,38,0,0,6,42,0,2,0,0,Matches
456,Dayot Upamecano\d248cd8f,fr FRA,DF,Bayern Munich,23-107,1998,14.1,1265,1248,17,14,2,156,28,4,0,0,0,0,1018,95,152,135,1073,32,3,2,1142,2,14,31,11,Matches
457,Benjamin Uphoff\a9a6fc08,de GER,GK,Freiburg,28-187,1993,2.0,90,69,21,1,0,7,2,0,0,0,0,0,32,7,51,10,63,0,0,14,62,0,0,1,0,Matches
458,Mark Uth\a3ddb1b9,de GER,FWMF,Köln,30-171,1991,12.0,367,308,59,18,1,75,30,20,31,19,7,0,198,81,88,287,49,9,7,7,256,2,8,9,17,Matches
459,Ruben Vargas\6ecbddf6,ch SUI,MFFW,Augsburg,23-190,1998,14.9,418,399,19,2,0,100,15,23,0,0,0,0,272,70,76,59,318,18,13,1,290,2,12,20,25,Matches
460,Sebastian Vasiliadis\d3112d86,gr GRE,MF,Arminia,24-130,1997,5.9,159,155,4,2,0,37,1,4,0,0,0,0,94,24,41,17,110,22,2,1,104,2,7,8,6,Matches
461,Mickey van de Ven\8fe2a392,nl NED,DF,Wolfsburg,20-298,2001,0.4,20,17,3,3,0,5,0,0,0,0,0,0,17,3,0,16,1,0,0,0,18,0,0,1,1,Matches
462,Nick Viergever\e38f1636,nl NED,DF,Greuther Fürth,32-192,1989,10.7,441,410,31,29,0,48,7,0,0,0,0,0,272,41,128,368,30,30,2,7,341,1,7,8,7,Matches
463,Andreas Voglsammer\daa78200,de GER,FW,Union Berlin,30-033,1992,6.1,152,149,3,0,0,57,4,10,0,0,0,0,82,36,34,23,83,13,1,3,93,2,2,8,10,Matches
464,Kevin Vogt\1d8e9add,de GER,DF,Hoffenheim,30-141,1991,18.9,1476,1412,64,52,1,171,58,3,0,0,0,0,1127,102,247,88,1293,70,5,2,1302,2,18,28,13,Matches
465,Aster Vranckx\f86cd5df,be BEL,MFFW,Wolfsburg,19-130,2002,8.6,289,273,16,6,1,55,18,11,9,9,0,0,201,34,54,47,220,5,1,4,226,2,10,10,9,Matches
466,Luca Waldschmidt\e5a35ae9,de GER,MFFW,Wolfsburg,25-268,1996,7.8,247,240,7,2,0,42,5,5,2,0,0,0,180,30,37,177,47,15,1,4,195,1,4,12,9,Matches
467,Paul Wanner\cb64672e,de GER,FWMF,Bayern Munich,16-050,2005,0.4,15,14,1,1,0,2,0,0,0,0,0,0,13,1,1,9,5,1,0,0,12,0,0,0,0,Matches
468,Wout Weghorst\c4e87b8b,nl NED,FW,Wolfsburg,29-188,1992,17.3,453,428,25,1,2,141,4,2,0,0,0,0,245,119,89,47,307,41,4,13,323,2,2,22,12,Matches
469,Noah Weißhaupt\dd676a97,de GER,MFFW,Freiburg,20-144,2001,0.5,15,15,0,0,0,2,0,1,0,0,0,0,13,0,2,1,13,1,0,0,13,0,0,1,0,Matches
470,Silvan Widmer\f68b64fc,ch SUI,DF,Mainz 05,28-343,1993,20.5,955,743,212,13,1,121,8,29,1,0,1,0,484,172,299,90,592,55,198,0,680,2,12,29,23,Matches
471,Jetro Willems\9050ddc4,nl NED,DF,Greuther Fürth,27-318,1994,13.1,627,486,141,12,1,87,18,21,7,6,1,0,367,92,168,363,117,16,122,1,463,1,7,31,22,Matches
472,Patrick Wimmer\cb11b429,at AUT,FWMF,Arminia,20-257,2001,12.5,410,357,53,9,2,92,10,14,31,17,6,0,247,72,91,86,265,25,11,5,243,0,7,31,31,Matches
473,Jonas Wind\2077ae86,dk DEN,FW,Wolfsburg,23-004,1999,0.7,21,18,3,1,0,7,0,0,0,0,0,0,12,3,6,0,15,1,0,0,15,0,0,1,1,Matches
474,Frederik Winther\a1257b5e,dk DEN,DF,Augsburg,21-038,2001,2.0,113,109,4,2,0,14,6,0,0,0,0,0,74,10,29,91,9,5,2,0,91,0,2,4,2,Matches
475,Florian Wirtz\e7fcf289,de GER,MFFW,Leverkusen,18-284,2003,16.3,706,627,79,16,10,147,16,24,29,15,10,3,459,131,116,68,595,21,10,2,525,6,7,48,19,Matches
476,Axel Witsel\5dfc6ad5,be BEL,MFDF,Dortmund,33-030,1989,11.6,731,703,28,25,0,93,12,1,0,0,0,0,639,44,48,48,645,23,3,2,684,0,1,10,6,Matches
477,Hannes Wolf\be42a291,at AUT,FWMF,M'Gladbach,22-301,1999,3.4,105,97,8,1,0,34,1,4,0,0,0,0,74,17,14,45,49,4,7,0,74,0,2,7,7,Matches
478,Marius Wolf\fa661778,de GER,DFFW,Dortmund,26-260,1995,6.4,362,317,45,7,0,53,3,12,2,1,0,0,255,59,48,20,296,7,36,1,285,0,6,16,14,Matches
479,Jeong Woo-yeong\6190474d,kr KOR,FWMF,Freiburg,22-144,1999,13.8,438,433,5,0,0,103,7,19,0,0,0,0,291,81,66,78,303,35,2,6,318,1,5,23,19,Matches
480,Joscha Wosz\80c9e555,de GER,DF,RB Leipzig,19-206,2002,0.1,4,4,0,0,0,0,0,0,0,0,0,0,4,0,0,0,4,0,0,0,3,0,0,0,0,Matches
481,Dan-Axel Zagadou\a4effc55,fr FRA,DF,Dortmund,22-253,1999,3.7,335,322,13,10,0,49,10,0,0,0,0,0,280,18,37,263,46,10,0,1,301,2,2,3,2,Matches
482,Denis Zakaria\384d58d9,ch SUI,MFDF,M'Gladbach,25-083,1996,15.5,818,792,26,22,1,111,11,5,0,0,0,0,710,65,43,16,774,11,3,5,737,3,9,13,10,Matches
483,Deyovaisio Zeefuik\58a2e9f6,nl NED,DFMF,Hertha BSC,23-337,1998,6.3,258,198,60,7,0,35,4,9,0,0,0,0,146,63,49,15,162,19,53,0,198,1,9,14,6,Matches
484,Robin Zentner\5c4bf6ba,de GER,GK,Mainz 05,27-106,1994,21.0,652,461,191,31,0,55,8,0,0,0,0,0,370,39,243,75,446,1,0,115,475,2,14,1,6,Matches
485,Andi Zeqiri\d01231f0,ch SUI,FWMF,Augsburg,22-234,1999,10.1,155,147,8,0,0,38,5,3,1,0,0,0,86,33,36,85,37,15,1,7,102,0,6,7,9,Matches
486,Simon Zoller\29f7cfd9,de GER,FW,Bochum,30-230,1991,4.0,96,91,5,0,0,17,4,9,0,0,0,0,58,17,21,13,70,7,3,0,73,0,2,3,3,Matches