,,,,,,,Playing Time,Playing Time,Playing Time,Playing Time,Performance,Performance,Performance,Performance,Performance,Performance,Performance,Per 90 Minutes,Per 90 Minutes,Per 90 Minutes,Per 90 Minutes,Per 90 Minutes,Expected,Expected,Expected,Expected,Per 90 Minutes,Per 90 Minutes,Per 90 Minutes,Per 90 Minutes,Per 90 Minutes,
Rk,Player,Nation,Pos,Squad,Age,Born,MP,Starts,Min,90s,Gls,Ast,G-PK,PK,PKatt,CrdY,CrdR,Gls,Ast,G+A,G-PK,G+A-PK,xG,npxG,xA,npxG+xA,xG,xA,xG+xA,npxG,npxG+xA,Matches
1,Yunis Abdelhamid\32c2d95f,ma MAR,DF,Reims,34-136,1987,22,22,1980,22.0,1,0,1,0,0,4,0,0.05,0.00,0.05,0.05,0.05,1.0,1.0,0.2,1.2,0.05,0.01,0.06,0.05,0.06,Matches
2,Salis Abdul Samed\82464ce3,gh GHA,MF,Clermont Foot,21-322,2000,21,20,1730,19.2,0,0,0,0,0,7,1,0.00,0.00,0.00,0.00,0.00,0.6,0.6,0.8,1.4,0.03,0.04,0.07,0.03,0.07,Matches
3,Laurent Abergel\31626657,fr FRA,MF,Lorient,29-010,1993,21,21,1826,20.3,0,1,0,0,0,7,0,0.00,0.05,0.05,0.00,0.05,1.7,1.7,1.7,3.4,0.08,0.08,0.17,0.08,0.17,Matches
4,Charles Abi\469d3d84,fr FRA,FW,Saint-Étienne,21-305,2000,1,1,45,0.5,0,0,0,0,0,0,0,0.00,0.00,0.00,0.00,0.00,0.0,0.0,0.0,0.0,0.00,0.00,0.00,0.00,0.00,Matches
5,Matthis Abline\0e46fa2f,fr FRA,FW,Rennes,18-320,2003,7,1,103,1.1,0,0,0,0,0,0,0,0.00,0.00,0.00,0.00,0.00,0.3,0.3,0.0,0.4,0.30,0.03,0.32,0.30,0.32,Matches
6,Martin Adeline\7587446d,fr FRA,FWMF,Reims,18-071,2003,5,2,236,2.6,0,0,0,0,0,1,0,0.00,0.00,0.00,0.00,0.00,0.4,0.4,0.3,0.8,0.17,0.13,0.29,0.17,0.29,Matches
7,Yacine Adli\26777636,fr FRA,MFFW,Bordeaux,21-197,2000,23,18,1593,17.7,1,6,1,0,0,4,0,0.06,0.34,0.40,0.06,0.40,1.3,1.3,4.0,5.4,0.08,0.23,0.30,0.08,0.30,Matches
8,Lucien Agoume\8bc8829a,fr FRA,MF,Brest,20-002,2002,16,13,1126,12.5,0,0,0,0,0,4,0,0.00,0.00,0.00,0.00,0.00,0.7,0.7,0.3,1.0,0.06,0.02,0.08,0.06,0.08,Matches
9,Nayef Aguerd\288e1e13,ma MAR,DF,Rennes,25-318,1996,19,19,1700,18.9,2,1,2,0,0,1,0,0.11,0.05,0.16,0.11,0.16,1.4,1.4,0.3,1.7,0.07,0.01,0.09,0.07,0.09,Matches
10,Ruben Aguilar\3dd738a1,fr FRA,DF,Monaco,28-291,1993,18,13,1328,14.8,0,1,0,0,0,2,0,0.00,0.07,0.07,0.00,0.07,0.1,0.1,0.4,0.4,0.01,0.03,0.03,0.01,0.03,Matches
11,Anel Ahmedhodzic\eab957a3,ba BIH,DF,Bordeaux,22-322,1999,1,1,90,1.0,0,0,0,0,0,0,0,0.00,0.00,0.00,0.00,0.00,0.0,0.0,0.0,0.0,0.00,0.00,0.00,0.00,0.00,Matches
12,Jean-Eudes Aholou\48b28bfd,ci CIV,MF,Strasbourg,27-328,1994,15,7,585,6.5,1,1,1,0,0,0,0,0.15,0.15,0.31,0.15,0.31,0.8,0.8,0.8,1.6,0.13,0.12,0.25,0.13,0.25,Matches
13,Ludovic Ajorque\462475ed,re REU,FW,Strasbourg,27-351,1994,21,20,1698,18.9,10,7,8,2,2,4,1,0.53,0.37,0.90,0.42,0.80,8.5,7.0,3.2,10.3,0.45,0.17,0.62,0.37,0.54,Matches
14,Maghnes Akliouche\b625b241,fr FRA,FWMF,Monaco,19-351,2002,3,0,14,0.2,0,0,0,0,0,0,0,0.00,0.00,0.00,0.00,0.00,0.0,0.0,0.1,0.1,0.00,0.36,0.36,0.00,0.36,Matches
15,Sofiane Alakouch\5314e067,ma MAR,DFMF,Metz,23-197,1998,4,0,158,1.8,0,0,0,0,0,1,0,0.00,0.00,0.00,0.00,0.00,0.0,0.0,0.0,0.0,0.01,0.01,0.02,0.01,0.02,Matches
16,Josué Albert\3d738df0,gf GUF,DF,Clermont Foot,30-021,1992,1,0,17,0.2,0,0,0,0,0,0,0,0.00,0.00,0.00,0.00,0.00,0.0,0.0,0.0,0.0,0.00,0.00,0.00,0.00,0.00,Matches
17,Doğan Alemdar\9e17ccff,tr TUR,GK,Rennes,19-105,2002,4,4,360,4.0,0,0,0,0,0,0,0,0.00,0.00,0.00,0.00,0.00,0.0,0.0,0.0,0.0,0.00,0.00,0.00,0.00,0.00,Matches
18,Mohamed Ali Cho\f8405304,fr FRA,FW,Angers,18-023,2004,19,14,1181,13.1,2,0,2,0,0,2,0,0.15,0.00,0.15,0.15,0.15,4.6,4.6,1.1,5.6,0.35,0.08,0.43,0.35,0.43,Matches
19,Jim Allevinah\1956b948,ga GAB,FW,Clermont Foot,26-349,1995,17,10,920,10.2,0,2,0,0,0,1,0,0.00,0.20,0.20,0.00,0.20,1.9,1.9,1.7,3.6,0.19,0.16,0.35,0.19,0.35,Matches
20,Ibrahim Amadou\9260926b,fr FRA,DF,Metz,28-311,1993,2,2,180,2.0,0,0,0,0,0,1,0,0.00,0.00,0.00,0.00,0.00,0.2,0.2,0.0,0.2,0.08,0.00,0.08,0.08,0.08,Matches
21,Jordan Amavi\22721b88,fr FRA,DF,Nice,27-339,1994,2,2,164,1.8,0,0,0,0,0,1,0,0.00,0.00,0.00,0.00,0.00,0.0,0.0,0.0,0.0,0.00,0.00,0.00,0.00,0.00,Matches
22,Jordan Amavi\22721b88,fr FRA,DF,Marseille,27-339,1994,2,2,128,1.4,0,0,0,0,0,0,0,0.00,0.00,0.00,0.00,0.00,0.0,0.0,0.1,0.1,0.00,0.07,0.07,0.00,0.07,Matches
23,Benjamin André\ef9c1c95,fr FRA,MF,Lille,31-192,1990,21,21,1758,19.5,2,1,2,0,0,7,1,0.10,0.05,0.15,0.10,0.15,0.7,0.7,1.0,1.7,0.03,0.05,0.08,0.03,0.08,Matches
24,Houssem Aouar\a5db0bec,fr FRA,MFFW,Lyon,23-226,1998,21,20,1683,18.7,3,2,3,0,0,0,0,0.16,0.11,0.27,0.16,0.27,5.7,5.7,3.6,9.3,0.30,0.19,0.50,0.30,0.50,Matches
25,Adil Aouchiche\b94b8be1,fr FRA,MFFW,Saint-Étienne,19-211,2002,21,8,704,7.8,0,4,0,0,0,2,0,0.00,0.51,0.51,0.00,0.51,0.6,0.6,0.6,1.2,0.07,0.08,0.15,0.07,0.15,Matches
26,Dennis Appiah\feb5d3ab,fr FRA,DF,Nantes,29-247,1992,18,12,1147,12.7,0,0,0,0,0,2,0,0.00,0.00,0.00,0.00,0.00,0.0,0.0,0.3,0.3,0.00,0.03,0.03,0.00,0.03,Matches
27,Lorenz Assignon\b026bbf6,tg TOG,DF,Rennes,21-234,2000,13,5,551,6.1,0,0,0,0,0,0,0,0.00,0.00,0.00,0.00,0.00,0.6,0.6,0.5,1.1,0.10,0.08,0.18,0.10,0.18,Matches
28,Youcef Atal\6a827d8e,dz ALG,DF,Nice,25-270,1996,14,11,987,11.0,2,0,2,0,0,4,0,0.18,0.00,0.18,0.18,0.18,0.9,0.9,1.3,2.2,0.08,0.12,0.20,0.08,0.20,Matches
29,Jean-Kévin Augustin\97bfa797,fr FRA,FWMF,Nantes,24-240,1997,3,0,21,0.2,0,0,0,0,0,0,0,0.00,0.00,0.00,0.00,0.00,0.1,0.1,0.0,0.1,0.36,0.00,0.36,0.36,0.36,Matches
30,Karim Azamoum\eaf71a5e,fr FRA,DF,Troyes,32-025,1990,7,4,388,4.3,0,0,0,0,0,2,0,0.00,0.00,0.00,0.00,0.00,0.1,0.1,0.0,0.1,0.03,0.00,0.03,0.03,0.03,Matches
31,Loïc Bade\114bbdee,fr FRA,DF,Rennes,21-306,2000,14,11,985,10.9,0,1,0,0,0,3,1,0.00,0.09,0.09,0.00,0.09,0.3,0.3,0.1,0.4,0.02,0.01,0.03,0.02,0.03,Matches
32,Benoît Badiashile\06df8256,fr FRA,DF,Monaco,20-322,2001,12,9,771,8.6,0,0,0,0,0,3,0,0.00,0.00,0.00,0.00,0.00,0.4,0.4,0.0,0.4,0.04,0.00,0.04,0.04,0.04,Matches
33,Youssouph Badji\6a2b9aee,sn SEN,FW,Brest,20-053,2001,9,1,135,1.5,0,0,0,0,0,0,0,0.00,0.00,0.00,0.00,0.00,0.1,0.1,0.2,0.3,0.07,0.12,0.19,0.07,0.19,Matches
34,Stéphane Bahoken\5046b7d4,cm CMR,FW,Angers,29-259,1992,17,5,545,6.1,2,0,2,0,0,0,0,0.33,0.00,0.33,0.33,0.33,1.6,1.6,0.1,1.7,0.27,0.01,0.28,0.27,0.28,Matches
35,Dénys Bain\5065d67d,fr FRA,DF,Brest,28-224,1993,1,1,90,1.0,0,0,0,0,0,0,0,0.00,0.00,0.00,0.00,0.00,0.0,0.0,0.0,0.0,0.00,0.00,0.00,0.00,0.00,Matches
36,Stefan Bajic\be13e5a8,fr FRA,GK,Saint-Étienne,20-050,2001,7,4,510,5.7,0,0,0,0,0,0,0,0.00,0.00,0.00,0.00,0.00,0.0,0.0,0.0,0.0,0.00,0.00,0.00,0.00,0.00,Matches
37,Cédric Bakambu\0af4dcf0,cd COD,FWMF,Marseille,30-306,1991,2,1,80,0.9,1,0,1,0,0,0,0,1.13,0.00,1.13,1.13,1.13,0.7,0.7,0.1,0.8,0.77,0.10,0.86,0.77,0.86,Matches
38,Abdoulaye Bakayoko\ee95585f,fr FRA,DF,Saint-Étienne,19-058,2002,2,2,180,2.0,0,0,0,0,0,0,0,0.00,0.00,0.00,0.00,0.00,0.0,0.0,0.0,0.0,0.00,0.00,0.00,0.00,0.00,Matches
39,Dilane Bakwa\2b5a35e5,fr FRA,FW,Bordeaux,19-169,2002,2,0,12,0.1,0,0,0,0,0,0,0,0.00,0.00,0.00,0.00,0.00,0.0,0.0,0.0,0.0,0.00,0.00,0.00,0.00,0.00,Matches
40,Ibrahima Baldé\a30cb0d4,fr FRA,FWMF,Lens,19-025,2003,3,0,50,0.6,0,0,0,0,0,0,0,0.00,0.00,0.00,0.00,0.00,0.0,0.0,0.0,0.0,0.00,0.00,0.00,0.00,0.00,Matches
41,Leonardo Balerdi\7c3ed041,ar ARG,DF,Marseille,23-016,1999,14,9,876,9.7,0,0,0,0,0,4,1,0.00,0.00,0.00,0.00,0.00,0.1,0.1,0.0,0.1,0.01,0.00,0.01,0.01,0.01,Matches
42,Jonathan Bamba\b2bd0f6c,fr FRA,MF,Lille,25-322,1996,17,16,1328,14.8,0,1,0,0,0,1,0,0.00,0.07,0.07,0.00,0.07,1.5,1.5,1.4,2.9,0.10,0.09,0.19,0.10,0.19,Matches
43,Simon Banza\be47b750,fr FRA,FW,Lens,25-182,1996,4,1,124,1.4,1,1,1,0,0,0,0,0.73,0.73,1.45,0.73,1.45,1.2,1.2,0.6,1.8,0.86,0.47,1.33,0.86,1.33,Matches
44,Bradley Barcola\a0d55a09,fr FRA,MF,Lyon,19-162,2002,2,0,10,0.1,0,0,0,0,0,0,0,0.00,0.00,0.00,0.00,0.00,0.0,0.0,0.2,0.2,0.00,1.44,1.44,0.00,1.44,Matches
45,Melvin Bard\1ddbc7ca,fr FRA,DF,Nice,21-097,2000,18,17,1511,16.8,1,1,1,0,0,2,0,0.06,0.06,0.12,0.06,0.12,0.7,0.7,1.5,2.2,0.04,0.09,0.13,0.04,0.13,Matches
46,Toma Bašić\80556f08,hr CRO,MF,Bordeaux,25-078,1996,3,3,209,2.3,0,1,0,0,0,0,0,0.00,0.43,0.43,0.00,0.43,0.1,0.1,0.6,0.7,0.05,0.24,0.29,0.05,0.29,Matches
47,Amine Bassi\ced1d98f,fr FRA,MF,Metz,24-076,1997,5,2,184,2.0,0,0,0,0,0,0,0,0.00,0.00,0.00,0.00,0.00,0.2,0.2,0.4,0.6,0.12,0.18,0.29,0.12,0.29,Matches
48,Mohamed Bayo\01870104,gn GUI,FW,Clermont Foot,23-252,1998,18,16,1397,15.5,9,2,8,1,1,0,0,0.58,0.13,0.71,0.52,0.64,8.2,7.4,2.4,9.8,0.53,0.15,0.68,0.48,0.63,Matches
49,Haris Belkebla\2b1bed19,dz ALG,MF,Brest,28-014,1994,17,15,1260,14.0,0,0,0,0,0,0,0,0.00,0.00,0.00,0.00,0.00,0.0,0.0,0.1,0.1,0.00,0.01,0.01,0.00,0.01,Matches
50,Jean-Ricner Bellegarde\10f0fdd3,fr FRA,MF,Strasbourg,23-229,1998,21,14,1305,14.5,1,2,1,0,0,3,0,0.07,0.14,0.21,0.07,0.21,1.0,1.0,0.7,1.6,0.07,0.05,0.11,0.07,0.11,Matches
51,Hatem Ben Arfa\74dc806c,fr FRA,FW,Lille,34-341,1987,2,1,84,0.9,0,1,0,0,0,0,0,0.00,1.07,1.07,0.00,1.07,0.4,0.4,0.3,0.7,0.39,0.35,0.74,0.39,0.74,Matches
52,Wissam Ben Yedder\942b4f90,fr FRA,FW,Monaco,31-183,1990,22,15,1372,15.2,14,4,8,6,6,1,0,0.92,0.26,1.18,0.52,0.79,9.4,4.9,3.1,8.0,0.62,0.20,0.82,0.32,0.52,Matches
53,Darío Benedetto\bef0a7ac,ar ARG,FWMF,Marseille,31-270,1990,2,0,54,0.6,0,0,0,0,0,0,0,0.00,0.00,0.00,0.00,0.00,0.5,0.5,0.0,0.6,0.86,0.06,0.92,0.86,0.92,Matches
54,Walter Benítez\8a2248b4,ar ARG,GK,Nice,28-329,1993,22,22,1980,22.0,0,0,0,0,0,2,0,0.00,0.00,0.00,0.00,0.00,0.0,0.0,0.0,0.0,0.00,0.00,0.00,0.00,0.00,Matches
55,Loris Benito\f5b6fb78,ch SUI,DF,Bordeaux,30-035,1992,1,1,61,0.7,0,0,0,0,0,0,0,0.00,0.00,0.00,0.00,0.00,0.0,0.0,0.0,0.0,0.00,0.00,0.00,0.00,0.00,Matches
56,Nabil Bentaleb\3189f61a,dz ALG,MF,Angers,27-079,1994,3,3,217,2.4,0,0,0,0,0,0,0,0.00,0.00,0.00,0.00,0.00,0.1,0.1,0.0,0.1,0.02,0.00,0.02,0.02,0.02,Matches
57,Patrick Berg\e4114f5d,no NOR,MF,Lens,24-079,1997,4,1,109,1.2,0,0,0,0,0,0,0,0.00,0.00,0.00,0.00,0.00,0.0,0.0,0.0,0.0,0.00,0.04,0.04,0.00,0.04,Matches
58,Mitchell van Bergen\0b2c9aec,nl NED,FWMF,Reims,22-168,1999,10,5,523,5.8,0,0,0,0,0,1,0,0.00,0.00,0.00,0.00,0.00,0.4,0.4,0.3,0.8,0.08,0.06,0.14,0.08,0.14,Matches
59,Valon Berisha\d5575935,xk KVX,MFFW,Reims,29-004,1993,11,3,342,3.8,0,1,0,0,0,2,1,0.00,0.26,0.26,0.00,0.26,0.0,0.0,0.4,0.4,0.01,0.10,0.11,0.01,0.11,Matches
60,Paul Bernardoni\28dabd43,fr FRA,GK,Angers,24-299,1997,13,13,1170,13.0,0,0,0,0,0,0,0,0.00,0.00,0.00,0.00,0.00,0.0,0.0,0.0,0.0,0.00,0.00,0.00,0.00,0.00,Matches
61,Paul Bernardoni\28dabd43,fr FRA,GK,Saint-Étienne,24-299,1997,4,4,360,4.0,0,0,0,0,0,0,0,0.00,0.00,0.00,0.00,0.00,0.0,0.0,0.0,0.0,0.00,0.00,0.00,0.00,0.00,Matches
62,Juan Bernat\433dc9a2,es ESP,DF,Paris S-G,28-347,1993,7,6,462,5.1,0,0,0,0,0,1,0,0.00,0.00,0.00,0.00,0.00,0.0,0.0,0.4,0.4,0.00,0.09,0.09,0.00,0.09,Matches
63,Dimitry Bertaud\380a15e2,fr FRA,GK,Montpellier,23-250,1998,6,5,472,5.2,0,0,0,0,0,0,0,0.00,0.00,0.00,0.00,0.00,0.0,0.0,0.0,0.0,0.00,0.00,0.00,0.00,0.00,Matches
64,Jason Berthomier\03e91055,fr FRA,MF,Clermont Foot,32-036,1990,21,17,1342,14.9,1,3,1,0,0,0,0,0.07,0.20,0.27,0.07,0.27,1.5,1.5,3.5,5.0,0.10,0.23,0.33,0.10,0.33,Matches
65,Giulian Biancone\de40e38c,fr FRA,DF,Troyes,21-317,2000,20,16,1436,16.0,0,2,0,0,0,7,0,0.00,0.13,0.13,0.00,0.13,1.6,1.6,0.9,2.5,0.10,0.06,0.16,0.10,0.16,Matches
66,El Bilal Touré\47c609d5,ml MLI,FW,Reims,20-131,2001,15,11,840,9.3,1,2,0,1,1,2,0,0.11,0.21,0.32,0.00,0.21,3.2,2.4,0.7,3.1,0.34,0.07,0.41,0.26,0.33,Matches
67,Jean-Claude Billong\a3e1d20d,cm CMR,DF,Clermont Foot,28-045,1993,7,4,424,4.7,0,0,0,0,0,1,0,0.00,0.00,0.00,0.00,0.00,0.1,0.1,0.0,0.1,0.03,0.00,0.03,0.03,0.03,Matches
68,Nathan Bitu Mazala\0f697e02,fr FRA,DF,Paris S-G,19-063,2002,1,0,11,0.1,0,0,0,0,0,0,0,0.00,0.00,0.00,0.00,0.00,0.0,0.0,0.0,0.0,0.00,0.00,0.00,0.00,0.00,Matches
69,Marco Bizot\3d214e5f,nl NED,GK,Brest,30-338,1991,22,22,1980,22.0,0,1,0,0,0,1,0,0.00,0.05,0.05,0.00,0.05,0.0,0.0,0.3,0.3,0.00,0.01,0.01,0.00,0.01,Matches
70,Ludovic Blas\6191093d,fr FRA,FWMF,Nantes,24-042,1997,21,21,1821,20.2,7,1,5,2,2,5,0,0.35,0.05,0.40,0.25,0.30,6.8,5.3,1.7,7.0,0.34,0.08,0.42,0.26,0.34,Matches
71,Myron Boadu\5b479568,nl NED,FW,Monaco,21-028,2001,19,6,686,7.6,1,1,1,0,0,0,0,0.13,0.13,0.26,0.13,0.26,2.9,2.9,0.2,3.1,0.38,0.02,0.41,0.38,0.41,Matches
72,Jérôme Boateng\2db2fd7b,de GER,DF,Lyon,33-161,1988,17,16,1341,14.9,0,1,0,0,0,5,0,0.00,0.07,0.07,0.00,0.07,0.2,0.2,1.1,1.3,0.01,0.08,0.09,0.01,0.09,Matches
73,Antonin Bobichon\7d937aa1,fr FRA,MFFW,Angers,26-150,1995,4,0,38,0.4,0,0,0,0,0,0,0,0.00,0.00,0.00,0.00,0.00,0.0,0.0,0.0,0.0,0.00,0.00,0.00,0.00,0.00,Matches
74,Quentin Boisgard\f6496133,fr FRA,MF,Lorient,24-331,1997,15,5,584,6.5,0,0,0,0,0,2,0,0.00,0.00,0.00,0.00,0.00,0.7,0.7,1.8,2.4,0.10,0.27,0.37,0.10,0.37,Matches
75,Charles Boli\bbdd999a,fr FRA,MF,Lens,23-165,1998,4,0,32,0.4,0,0,0,0,0,0,0,0.00,0.00,0.00,0.00,0.00,0.0,0.0,0.0,0.0,0.00,0.13,0.13,0.00,0.13,Matches
76,Sven Botman\ccce7025,nl NED,DF,Lille,22-030,2000,16,16,1440,16.0,3,1,3,0,0,1,0,0.19,0.06,0.25,0.19,0.25,1.3,1.3,0.3,1.6,0.08,0.02,0.10,0.08,0.10,Matches
77,Denis Bouanga\0b0cbe5b,ga GAB,FWMF,Saint-Étienne,27-092,1994,19,14,1206,13.4,3,0,3,0,0,2,1,0.22,0.00,0.22,0.22,0.22,4.5,4.5,0.8,5.3,0.33,0.06,0.40,0.33,0.40,Matches
78,Hicham Boudaoui\f9d5908e,dz ALG,MF,Nice,22-141,1999,17,14,1107,12.3,2,1,2,0,0,5,0,0.16,0.08,0.24,0.16,0.24,0.8,0.8,2.1,2.9,0.06,0.17,0.24,0.06,0.24,Matches
79,Ryad Boudebouz\1001ae82,dz ALG,MFFW,Saint-Étienne,31-357,1990,17,14,1216,13.5,1,1,1,0,0,1,0,0.07,0.07,0.15,0.07,0.15,0.6,0.6,2.3,2.9,0.04,0.17,0.22,0.04,0.22,Matches
80,Sofiane Boufal\b0c71810,ma MAR,FWMF,Angers,28-147,1993,19,18,1527,17.0,5,3,3,2,2,4,0,0.29,0.18,0.47,0.18,0.35,5.5,4.0,4.3,8.3,0.33,0.25,0.58,0.24,0.49,Matches
81,Farid Boulaya\a0791826,dz ALG,FWMF,Metz,28-351,1993,13,10,875,9.7,3,1,3,0,0,0,1,0.31,0.10,0.41,0.31,0.41,1.1,1.1,1.6,2.7,0.11,0.17,0.28,0.11,0.28,Matches
82,Ismaëlben Boura\62e02107,fr FRA,DF,Lens,21-181,2000,5,1,95,1.1,0,0,0,0,0,0,0,0.00,0.00,0.00,0.00,0.00,0.0,0.0,0.0,0.0,0.01,0.00,0.01,0.01,0.01,Matches
83,Benjamin Bourigeaud\20e73fac,fr FRA,MFFW,Rennes,28-028,1994,23,23,1915,21.3,3,5,3,0,0,2,0,0.14,0.23,0.38,0.14,0.38,2.7,2.7,7.6,10.3,0.13,0.36,0.48,0.13,0.48,Matches
84,Redwan Bourles\5c7895a0,fr FRA,MFFW,Lorient,19-040,2003,4,0,16,0.2,0,0,0,0,0,0,0,0.00,0.00,0.00,0.00,0.00,0.0,0.0,0.0,0.0,0.00,0.00,0.00,0.00,0.00,Matches
85,Domagoj Bradarić\8bbe2df5,hr CRO,DFMF,Lille,22-063,1999,6,1,161,1.8,0,0,0,0,0,1,0,0.00,0.00,0.00,0.00,0.00,0.0,0.0,0.2,0.2,0.00,0.13,0.13,0.00,0.13,Matches
86,Bilal Brahimi\02bcaf8e,fr FRA,FWDF,Angers,21-334,2000,9,3,338,3.8,0,1,0,0,0,0,0,0.00,0.27,0.27,0.00,0.27,0.5,0.5,0.7,1.2,0.12,0.20,0.32,0.12,0.32,Matches
87,Bilal Brahimi\02bcaf8e,fr FRA,MF,Nice,21-334,2000,1,0,19,0.2,0,0,0,0,0,0,0,0.00,0.00,0.00,0.00,0.00,0.0,0.0,0.0,0.0,0.00,0.00,0.00,0.00,0.00,Matches
88,Lilian Brassier\5b146df3,fr FRA,DF,Brest,22-101,1999,17,12,1175,13.1,0,0,0,0,0,3,0,0.00,0.00,0.00,0.00,0.00,0.2,0.2,0.2,0.5,0.02,0.02,0.04,0.02,0.04,Matches
89,Jimmy Briand\f83c8d6c,fr FRA,FWMF,Bordeaux,36-193,1985,12,1,180,2.0,2,1,1,1,1,1,0,1.00,0.50,1.50,0.50,1.00,1.4,0.7,0.6,1.2,0.72,0.28,1.00,0.34,0.62,Matches
90,Dylan Bronn\edd81e2a,tn TUN,DF,Metz,26-237,1995,18,17,1530,17.0,1,1,1,0,0,8,1,0.06,0.06,0.12,0.06,0.12,1.1,1.1,0.1,1.2,0.07,0.01,0.07,0.07,0.07,Matches
91,Osman Bukari\eab85789,gh GHA,FWMF,Nantes,23-060,1998,12,6,577,6.4,1,1,1,0,0,0,0,0.16,0.16,0.31,0.16,0.31,0.4,0.4,0.7,1.1,0.06,0.11,0.17,0.06,0.17,Matches
92,Maxime Busi\7b082ec2,be BEL,DF,Reims,22-120,1999,3,2,225,2.5,0,0,0,0,0,1,0,0.00,0.00,0.00,0.00,0.00,0.0,0.0,0.2,0.2,0.01,0.08,0.09,0.01,0.09,Matches
93,Oriol Busquets\49712367,es ESP,MF,Clermont Foot,23-022,1999,5,1,83,0.9,0,0,0,0,0,0,0,0.00,0.00,0.00,0.00,0.00,0.0,0.0,0.1,0.1,0.00,0.06,0.06,0.00,0.06,Matches
94,Marcin Bułka\db87a2c4,pl POL,GK,Nice,22-130,1999,1,1,90,1.0,0,0,0,0,0,0,0,0.00,0.00,0.00,0.00,0.00,0.0,0.0,0.0,0.0,0.00,0.00,0.00,0.00,0.00,Matches
95,Jimmy Cabot\46359159,fr FRA,DF,Angers,27-299,1994,21,21,1856,20.6,0,5,0,0,0,2,0,0.00,0.24,0.24,0.00,0.24,0.6,0.6,2.3,3.0,0.03,0.11,0.14,0.03,0.14,Matches
96,Anthony Caci\0118c54c,fr FRA,DF,Strasbourg,24-225,1997,22,17,1532,17.0,0,3,0,0,0,3,0,0.00,0.18,0.18,0.00,0.18,0.6,0.6,2.2,2.8,0.03,0.13,0.16,0.03,0.16,Matches
97,Mathieu Cafaro\2a657da0,fr FRA,FWMF,Reims,24-323,1997,4,3,192,2.1,0,0,0,0,0,2,0,0.00,0.00,0.00,0.00,0.00,0.2,0.2,0.3,0.5,0.11,0.14,0.25,0.11,0.25,Matches
98,Yannick Cahuzac\677ee102,fr FRA,MF,Lens,37-024,1985,14,6,602,6.7,0,0,0,0,0,0,1,0.00,0.00,0.00,0.00,0.00,0.0,0.0,0.1,0.1,0.00,0.01,0.01,0.00,0.01,Matches
99,Marc-Aurèle Caillard\5ee6e943,fr FRA,GK,Metz,27-275,1994,6,5,453,5.0,0,0,0,0,0,0,0,0.00,0.00,0.00,0.00,0.00,0.0,0.0,0.0,0.0,0.00,0.00,0.00,0.00,0.00,Matches
100,Jens Cajuste\928a4a61,se SWE,MF,Reims,22-185,1999,2,2,108,1.2,0,0,0,0,0,0,0,0.00,0.00,0.00,0.00,0.00,0.0,0.0,0.0,0.0,0.00,0.00,0.00,0.00,0.00,Matches
101,Duje Ćaleta-Car\94f8d10c,hr CRO,DF,Marseille,25-147,1996,12,12,1010,11.2,1,0,1,0,0,2,0,0.09,0.00,0.09,0.09,0.09,0.6,0.6,0.0,0.6,0.05,0.00,0.05,0.05,0.05,Matches
102,Lucas Calodat\7a72e960,fr FRA,DF,Saint-Étienne,20-005,2002,1,0,4,0.0,0,0,0,0,0,0,0,0.00,0.00,0.00,0.00,0.00,0.0,0.0,0.0,0.0,0.00,0.00,0.00,0.00,0.00,Matches
103,Mahdi Camara\8577e60a,fr FRA,MFDF,Saint-Étienne,23-226,1998,21,20,1832,20.4,0,0,0,0,0,7,0,0.00,0.00,0.00,0.00,0.00,1.2,1.2,1.4,2.5,0.06,0.07,0.13,0.06,0.13,Matches
104,Mamadou Camara\316e70c7,fr FRA,FW,Troyes,21-004,2001,2,0,39,0.4,0,0,0,0,0,0,0,0.00,0.00,0.00,0.00,0.00,0.0,0.0,0.0,0.0,0.00,0.00,0.00,0.00,0.00,Matches
105,Eduardo Camavinga\7b9c2d84,fr FRA,MF,Rennes,19-093,2002,4,1,143,1.6,0,0,0,0,0,0,0,0.00,0.00,0.00,0.00,0.00,0.0,0.0,0.0,0.0,0.00,0.01,0.01,0.00,0.01,Matches
106,Fali Candé\3cc4bb19,gw GNB,DF,Metz,24-018,1998,1,1,90,1.0,0,0,0,0,0,0,0,0.00,0.00,0.00,0.00,0.00,0.0,0.0,0.0,0.0,0.00,0.00,0.00,0.00,0.00,Matches
107,Pierrick Capelle\79b2399c,fr FRA,MFDF,Angers,34-302,1987,19,6,700,7.8,0,1,0,0,0,0,0,0.00,0.13,0.13,0.00,0.13,0.2,0.2,0.6,0.7,0.02,0.07,0.09,0.02,0.09,Matches
108,Maxence Caqueret\f81ef10d,fr FRA,MF,Lyon,21-361,2000,23,19,1704,18.9,0,0,0,0,0,3,0,0.00,0.00,0.00,0.00,0.00,0.8,0.8,1.3,2.1,0.04,0.07,0.11,0.04,0.11,Matches
109,Irvin Cardona\5e080f73,fr FRA,FW,Brest,24-187,1997,22,9,902,10.0,2,1,2,0,0,1,0,0.20,0.10,0.30,0.20,0.30,1.9,1.9,0.9,2.8,0.19,0.09,0.28,0.19,0.28,Matches
110,Igor Carioca\e3e32fbb,br BRA,DF,Lorient,25-174,1996,21,14,1335,14.8,0,0,0,0,0,3,0,0.00,0.00,0.00,0.00,0.00,0.5,0.5,1.1,1.6,0.04,0.07,0.11,0.04,0.11,Matches
111,Moreto Cassamã\f54d2149,gw GNB,MF,Reims,23-360,1998,16,11,776,8.6,2,0,2,0,0,1,0,0.23,0.00,0.23,0.23,0.23,1.1,1.1,0.7,1.7,0.12,0.08,0.20,0.12,0.20,Matches
112,Jean-Charles Castelletto\e0f3a1f6,cm CMR,DF,Nantes,27-016,1995,16,16,1435,15.9,1,0,1,0,0,5,0,0.06,0.00,0.06,0.06,0.06,0.8,0.8,0.1,1.0,0.05,0.01,0.06,0.05,0.06,Matches
113,Zeki Çelik\31a62dc7,tr TUR,DF,Lille,24-359,1997,19,17,1547,17.2,0,0,0,0,0,7,0,0.00,0.00,0.00,0.00,0.00,0.4,0.4,0.9,1.3,0.02,0.05,0.07,0.02,0.07,Matches
114,Fabien Centonze\3c6bbbab,fr FRA,DF,Metz,26-026,1996,17,17,1530,17.0,4,1,4,0,0,3,0,0.24,0.06,0.29,0.24,0.29,0.9,0.9,0.6,1.4,0.05,0.03,0.09,0.05,0.09,Matches
115,Leonardo César Jardim\f5dfc256,br BRA,GK,Lille,26-328,1995,2,2,180,2.0,0,0,0,0,0,0,0,0.00,0.00,0.00,0.00,0.00,0.0,0.0,0.0,0.0,0.00,0.00,0.00,0.00,0.00,Matches
116,Nassim Chadli\5c61496e,fr FRA,MFDF,Troyes,20-198,2001,8,1,96,1.1,0,0,0,0,0,1,0,0.00,0.00,0.00,0.00,0.00,0.2,0.2,0.0,0.2,0.19,0.03,0.21,0.19,0.21,Matches
117,Mehdi Chahiri\1787195f,ma MAR,MF,Strasbourg,25-201,1996,1,0,16,0.2,0,0,0,0,0,0,0,0.00,0.00,0.00,0.00,0.00,0.0,0.0,0.0,0.0,0.00,0.00,0.00,0.00,0.00,Matches
118,Dylan Chambost\dbde4959,fr FRA,MFFW,Troyes,24-176,1997,16,8,650,7.2,0,1,0,0,0,0,0,0.00,0.14,0.14,0.00,0.14,0.5,0.5,0.6,1.1,0.07,0.08,0.15,0.07,0.15,Matches
119,Brendan Chardonnet\16aa7d4c,fr FRA,DF,Brest,27-051,1994,19,19,1710,19.0,2,0,2,0,0,4,0,0.11,0.00,0.11,0.11,0.11,0.6,0.6,0.3,0.9,0.03,0.02,0.05,0.03,0.05,Matches
120,Xavier Chavalerin\279ddf6a,fr FRA,MFDF,Reims,30-341,1991,3,2,220,2.4,0,0,0,0,0,0,0,0.00,0.00,0.00,0.00,0.00,0.2,0.2,0.1,0.4,0.09,0.06,0.15,0.09,0.15,Matches
121,Xavier Chavalerin\279ddf6a,fr FRA,MF,Troyes,30-341,1991,19,18,1533,17.0,5,1,5,0,0,2,0,0.29,0.06,0.35,0.29,0.35,1.3,1.3,1.3,2.7,0.08,0.08,0.16,0.08,0.16,Matches
122,Rayan Cherki\b34c63a5,fr FRA,FWMF,Lyon,18-178,2003,16,3,440,4.9,0,1,0,0,0,1,0,0.00,0.20,0.20,0.00,0.20,0.7,0.7,0.7,1.4,0.15,0.13,0.28,0.15,0.28,Matches
123,Pedro Chirivella\68a26d51,es ESP,MF,Nantes,24-264,1997,21,21,1836,20.4,2,1,2,0,0,5,0,0.10,0.05,0.15,0.10,0.15,0.8,0.8,0.6,1.4,0.04,0.03,0.07,0.04,0.07,Matches
124,Joris Chotard\7909ffa4,fr FRA,MF,Montpellier,20-140,2001,22,21,1849,20.5,0,0,0,0,0,4,0,0.00,0.00,0.00,0.00,0.00,0.4,0.4,0.3,0.8,0.02,0.02,0.04,0.02,0.04,Matches
125,Alexis Claude-Maurice\741418c3,fr FRA,MF,Nice,23-250,1998,9,0,192,2.1,0,2,0,0,0,1,0,0.00,0.94,0.94,0.00,0.94,0.5,0.5,0.8,1.3,0.22,0.39,0.61,0.22,0.61,Matches
126,Jonathan Clauss\5219ab4a,fr FRA,DF,Lens,29-139,1992,22,21,1845,20.5,2,9,2,0,0,3,0,0.10,0.44,0.54,0.10,0.54,1.4,1.4,5.6,7.0,0.07,0.27,0.34,0.07,0.34,Matches
127,Marcus Coco\3010aefb,fr FRA,FWMF,Nantes,25-232,1996,16,5,496,5.5,0,0,0,0,0,1,0,0.00,0.00,0.00,0.00,0.00,0.3,0.3,0.5,0.8,0.05,0.09,0.14,0.05,0.14,Matches
128,Abdu Conté\cfa49cc1,pt POR,DFMF,Troyes,23-324,1998,3,3,270,3.0,0,0,0,0,0,0,0,0.00,0.00,0.00,0.00,0.00,0.1,0.1,0.6,0.7,0.02,0.21,0.23,0.02,0.23,Matches
129,Sébastien Corchia\0e7ccfc4,fr FRA,DF,Nantes,31-102,1990,17,7,735,8.2,0,3,0,0,0,0,1,0.00,0.37,0.37,0.00,0.37,0.3,0.3,0.3,0.7,0.04,0.04,0.08,0.04,0.08,Matches
130,Maxwel Cornet\beb391dd,ci CIV,DFMF,Lyon,25-137,1996,1,1,63,0.7,0,0,0,0,0,2,1,0.00,0.00,0.00,0.00,0.00,0.0,0.0,0.1,0.1,0.00,0.09,0.09,0.00,0.09,Matches
131,David Pereira da Costa\59948ef7,pt POR,FWMF,Lens,21-037,2001,18,6,637,7.1,1,2,1,0,0,1,0,0.14,0.28,0.42,0.14,0.42,1.0,1.0,1.9,2.9,0.13,0.27,0.41,0.13,0.41,Matches
132,Benoît Costil\2434f24a,fr FRA,GK,Bordeaux,34-223,1987,21,21,1890,21.0,0,0,0,0,0,1,0,0.00,0.00,0.00,0.00,0.00,0.0,0.0,0.0,0.0,0.00,0.00,0.00,0.00,0.00,Matches
133,Kalifa Coulibaly\9980269a,ml MLI,FW,Nantes,30-174,1991,10,4,337,3.7,1,0,1,0,0,1,0,0.27,0.00,0.27,0.27,0.27,1.3,1.3,0.5,1.8,0.35,0.13,0.47,0.35,0.47,Matches
134,Nicolas Cozza\8f325097,fr FRA,DF,Montpellier,23-034,1999,21,19,1684,18.7,2,2,2,0,0,1,0,0.11,0.11,0.21,0.11,0.21,0.8,0.8,0.5,1.3,0.04,0.03,0.07,0.04,0.07,Matches
135,Wylan Cyprien\3e092724,fr FRA,MF,Nantes,27-014,1995,12,8,679,7.5,1,1,1,0,0,0,0,0.13,0.13,0.27,0.13,0.27,0.4,0.4,1.1,1.6,0.06,0.15,0.21,0.06,0.21,Matches
136,Lucas Da Cunha\007faf7a,fr FRA,MF,Nice,20-247,2001,10,5,393,4.4,0,1,0,0,0,0,0,0.00,0.23,0.23,0.00,0.23,1.0,1.0,1.7,2.7,0.23,0.39,0.63,0.23,0.63,Matches
137,Lucas Da Cunha\007faf7a,fr FRA,FW,Clermont Foot,20-247,2001,1,1,72,0.8,1,0,1,0,0,0,0,1.25,0.00,1.25,1.25,1.25,0.1,0.1,0.0,0.1,0.09,0.00,0.09,0.09,0.09,Matches
138,Damien Da Silva\1ec7e1c5,fr FRA,DF,Lyon,33-270,1988,10,7,647,7.2,0,0,0,0,0,5,1,0.00,0.00,0.00,0.00,0.00,0.4,0.4,0.0,0.4,0.05,0.00,0.05,0.05,0.05,Matches
139,Colin Dagba\29c02c9f,fr FRA,DF,Paris S-G,23-155,1998,3,2,165,1.8,0,0,0,0,0,1,0,0.00,0.00,0.00,0.00,0.00,0.0,0.0,0.1,0.1,0.00,0.06,0.06,0.00,0.06,Matches
140,Flavius Daniliuc\7ef972c3,at AUT,DF,Nice,20-290,2001,13,7,637,7.1,0,0,0,0,0,1,0,0.00,0.00,0.00,0.00,0.00,0.0,0.0,0.0,0.0,0.00,0.00,0.00,0.00,0.00,Matches
141,Kevin Danso\6e33125f,at AUT,DF,Lens,23-145,1998,20,19,1654,18.4,0,0,0,0,0,4,1,0.00,0.00,0.00,0.00,0.00,1.0,1.0,0.1,1.1,0.06,0.00,0.06,0.06,0.06,Matches
142,Dante\fd2bc67d,br BRA,DF,Nice,38-116,1983,22,21,1935,21.5,0,0,0,0,0,4,0,0.00,0.00,0.00,0.00,0.00,0.8,0.8,0.3,1.1,0.03,0.01,0.05,0.03,0.05,Matches
143,Jonathan David\ce50fd99,ca CAN,FW,Lille,22-028,2000,23,19,1726,19.2,12,0,10,2,3,1,0,0.63,0.00,0.63,0.52,0.52,9.9,7.6,2.4,10.0,0.52,0.13,0.64,0.40,0.52,Matches
144,Konrad De La Fuente\4b77bb89,us USA,FWDF,Marseille,20-210,2001,16,9,785,8.7,0,2,0,0,0,1,0,0.00,0.23,0.23,0.00,0.23,1.1,1.1,1.5,2.6,0.12,0.17,0.29,0.12,0.29,Matches
145,Romain Del Castillo\0be95d34,fr FRA,FWMF,Brest,25-319,1996,8,3,301,3.3,0,0,0,0,0,1,0,0.00,0.00,0.00,0.00,0.00,0.5,0.5,0.5,0.9,0.14,0.14,0.28,0.14,0.28,Matches
146,Romain Del Castillo\0be95d34,fr FRA,MFFW,Rennes,25-319,1996,3,0,28,0.3,0,0,0,0,0,0,0,0.00,0.00,0.00,0.00,0.00,0.1,0.1,0.1,0.2,0.38,0.16,0.55,0.38,0.55,Matches
147,Thomas Delaine\8332db56,fr FRA,DF,Metz,29-324,1992,17,16,1401,15.6,0,2,0,0,0,1,0,0.00,0.13,0.13,0.00,0.13,0.5,0.5,2.0,2.5,0.03,0.13,0.16,0.03,0.16,Matches
148,Sacha Delaye\e4448c8c,fr FRA,MF,Montpellier,19-294,2002,3,0,27,0.3,0,0,0,0,0,0,0,0.00,0.00,0.00,0.00,0.00,0.0,0.0,0.0,0.0,0.00,0.00,0.00,0.00,0.00,Matches
149,Andy Delort\d33c706e,dz ALG,FW,Nice,30-125,1991,17,12,1241,13.8,6,1,5,1,1,3,0,0.44,0.07,0.51,0.36,0.44,6.9,6.1,2.9,9.0,0.50,0.21,0.71,0.44,0.66,Matches
150,Andy Delort\d33c706e,dz ALG,FW,Montpellier,30-125,1991,3,3,269,3.0,2,1,2,0,0,0,0,0.67,0.33,1.00,0.67,1.00,1.4,1.4,0.7,2.1,0.48,0.22,0.70,0.48,0.70,Matches
151,Moussa Dembélé\e7986081,fr FRA,FW,Lyon,25-214,1996,16,11,1060,11.8,7,1,4,3,3,3,0,0.59,0.08,0.68,0.34,0.42,7.3,5.1,1.6,6.7,0.62,0.14,0.76,0.44,0.57,Matches
152,Jason Denayer\47af88b8,be BEL,DF,Lyon,26-228,1995,14,11,912,10.1,3,0,3,0,0,2,0,0.30,0.00,0.30,0.30,0.30,1.4,1.4,0.0,1.4,0.14,0.00,0.14,0.14,0.14,Matches
153,Arthur Desmas\e8c5dd4d,fr FRA,GK,Clermont Foot,27-310,1994,13,13,1170,13.0,0,0,0,0,0,0,0,0.00,0.00,0.00,0.00,0.00,0.0,0.0,0.0,0.0,0.00,0.00,0.00,0.00,0.00,Matches
154,Ángel Di María\19cda00b,ar ARG,FW,Paris S-G,33-362,1988,16,14,1126,12.5,3,3,3,0,0,1,0,0.24,0.24,0.48,0.24,0.48,3.4,3.4,4.1,7.4,0.27,0.33,0.59,0.27,0.59,Matches
155,Yadaly Diaby\5630a6e0,fr FRA,FWMF,Clermont Foot,21-186,2000,5,0,67,0.7,0,0,0,0,0,1,1,0.00,0.00,0.00,0.00,0.00,0.1,0.1,0.0,0.1,0.17,0.00,0.17,0.17,0.17,Matches
156,Ibrahim Diakité\d8c19a60,fr FRA,MF,Reims,18-103,2003,1,0,4,0.0,0,0,0,0,0,0,0,0.00,0.00,0.00,0.00,0.00,0.0,0.0,0.0,0.0,0.00,0.00,0.00,0.00,0.00,Matches
157,Abdou Diallo\fc62f087,sn SEN,DF,Paris S-G,25-283,1996,9,9,766,8.5,0,1,0,0,0,1,0,0.00,0.12,0.12,0.00,0.12,0.1,0.1,0.6,0.6,0.01,0.06,0.08,0.01,0.08,Matches
158,Habib Diallo\6605d143,sn SEN,FW,Strasbourg,26-238,1995,17,10,996,11.1,8,1,7,1,1,2,0,0.72,0.09,0.81,0.63,0.72,6.3,5.5,1.5,7.0,0.57,0.14,0.70,0.50,0.63,Matches
159,Mouhamadou Diarra\6d0fe035,fr FRA,MF,Strasbourg,18-039,2004,1,0,2,0.0,0,0,0,0,0,0,0,0.00,0.00,0.00,0.00,0.00,0.0,0.0,0.0,0.0,0.00,0.00,0.00,0.00,0.00,Matches
160,Stéphane Diarra\29939a1d,fr FRA,FWMF,Lorient,23-064,1998,13,5,472,5.2,0,0,0,0,0,2,0,0.00,0.00,0.00,0.00,0.00,1.3,1.3,1.2,2.5,0.25,0.23,0.48,0.25,0.48,Matches
161,Krepin Diatta\8104e41e,sn SEN,MFDF,Monaco,22-351,1999,8,3,285,3.2,1,0,1,0,0,0,0,0.32,0.00,0.32,0.32,0.32,0.2,0.2,0.1,0.3,0.07,0.04,0.11,0.07,0.11,Matches
162,Bamba Dieng\40774c6b,sn SEN,FWMF,Marseille,21-325,2000,14,7,528,5.9,4,0,4,0,0,0,1,0.68,0.00,0.68,0.68,0.68,4.2,4.2,0.0,4.2,0.71,0.00,0.71,0.71,0.71,Matches
163,Elhadji Dieye\6a04bb7c,sn SEN,MFFW,Saint-Étienne,19-251,2002,5,0,34,0.4,0,0,0,0,0,0,0,0.00,0.00,0.00,0.00,0.00,0.0,0.0,0.0,0.0,0.08,0.00,0.08,0.08,0.08,Matches
164,Javairô Dilrosun\34a0f5ff,nl NED,FWMF,Bordeaux,23-234,1998,19,11,973,10.8,0,3,0,0,0,2,0,0.00,0.28,0.28,0.00,0.28,1.4,1.4,1.9,3.3,0.13,0.17,0.30,0.13,0.30,Matches
165,Junior Dina Ebimbe\95bb6ddc,fr FRA,MF,Paris S-G,21-082,2000,8,3,240,2.7,0,0,0,0,0,1,0,0.00,0.00,0.00,0.00,0.00,0.1,0.1,0.1,0.2,0.04,0.02,0.06,0.04,0.06,Matches
166,Tristan Dingomé\92b56413,cm CMR,MFFW,Troyes,30-359,1991,15,9,754,8.4,2,4,2,0,0,2,0,0.24,0.48,0.72,0.24,0.72,0.8,0.8,1.8,2.7,0.10,0.22,0.32,0.10,0.32,Matches
167,Sinaly Diomande\6de23ab0,ci CIV,DF,Lyon,20-308,2001,10,5,578,6.4,0,0,0,0,0,2,0,0.00,0.00,0.00,0.00,0.00,0.3,0.3,0.0,0.3,0.04,0.00,0.04,0.04,0.04,Matches
168,Sofiane Diop\19053e31,fr FRA,MFFW,Monaco,21-247,2000,22,19,1566,17.4,6,3,6,0,0,5,0,0.34,0.17,0.52,0.34,0.52,5.0,5.0,2.5,7.5,0.29,0.14,0.43,0.29,0.43,Matches
169,Andy Diouf\9b5237b1,fr FRA,MF,Rennes,19-270,2002,3,0,12,0.1,0,0,0,0,0,0,0,0.00,0.00,0.00,0.00,0.00,0.0,0.0,0.5,0.5,0.00,3.54,3.54,0.00,3.54,Matches
170,Assane Dioussé\7f622eef,sn SEN,MF,Saint-Étienne,24-144,1997,4,0,23,0.3,0,0,0,0,0,0,0,0.00,0.00,0.00,0.00,0.00,0.0,0.0,0.0,0.0,0.00,0.00,0.00,0.00,0.00,Matches
171,Axel Disasi\ad82197c,fr FRA,DF,Monaco,23-337,1998,19,17,1556,17.3,1,0,1,0,0,2,0,0.06,0.00,0.06,0.06,0.06,1.3,1.3,0.1,1.4,0.07,0.01,0.08,0.07,0.08,Matches
172,Tiago Djaló\b2336681,pt POR,DF,Lille,21-308,2000,15,14,1244,13.8,1,1,1,0,0,3,0,0.07,0.07,0.14,0.07,0.14,0.9,0.9,0.2,1.1,0.07,0.02,0.08,0.07,0.08,Matches
173,Alexander Djiku\43e7a164,gh GHA,DF,Strasbourg,27-186,1994,17,16,1442,16.0,0,0,0,0,0,7,1,0.00,0.00,0.00,0.00,0.00,1.5,1.5,0.4,1.8,0.09,0.02,0.11,0.09,0.11,Matches
174,Bryan Djile Nokoué\75186a6a,cm CMR,DFMF,Saint-Étienne,19-264,2002,2,0,57,0.6,0,0,0,0,0,0,0,0.00,0.00,0.00,0.00,0.00,0.0,0.0,0.0,0.0,0.00,0.00,0.00,0.00,0.00,Matches
175,Ouparine Djoco\62124972,sn SEN,GK,Clermont Foot,23-295,1998,10,10,900,10.0,0,0,0,0,0,0,0,0.00,0.00,0.00,0.00,0.00,0.0,0.0,0.0,0.0,0.00,0.00,0.00,0.00,0.00,Matches
176,Jeremy Doku\fffea3e5,be BEL,MFFW,Rennes,19-260,2002,9,4,392,4.4,1,1,1,0,0,1,0,0.23,0.23,0.46,0.23,0.46,0.8,0.8,1.1,1.9,0.18,0.25,0.43,0.18,0.43,Matches
177,Kasper Dolberg\cc83b74d,dk DEN,FW,Nice,24-128,1997,17,13,991,11.0,6,1,4,2,2,0,0,0.54,0.09,0.64,0.36,0.45,5.0,3.5,0.5,4.0,0.45,0.05,0.50,0.31,0.36,Matches
178,Brandon Domingues\2a00c6c0,fr FRA,MFFW,Troyes,21-250,2000,11,1,230,2.6,1,0,1,0,0,0,0,0.39,0.00,0.39,0.39,0.39,0.9,0.9,0.3,1.2,0.35,0.12,0.47,0.35,0.47,Matches
179,Anastasios Donis\0f26fd24,gr GRE,FWMF,Reims,25-166,1996,11,2,321,3.6,0,0,0,0,0,0,0,0.00,0.00,0.00,0.00,0.00,0.7,0.7,0.4,1.1,0.20,0.10,0.30,0.20,0.30,Matches
180,Gianluigi Donnarumma\08f5afaa,it ITA,GK,Paris S-G,22-351,1999,10,10,900,10.0,0,0,0,0,0,1,0,0.00,0.00,0.00,0.00,0.00,0.0,0.0,0.0,0.0,0.00,0.00,0.00,0.00,0.00,Matches
181,Jodel Dossou\a1dbfcb1,bj BEN,FW,Clermont Foot,29-331,1992,23,16,1396,15.5,1,1,1,0,0,2,0,0.06,0.06,0.13,0.06,0.13,3.5,3.5,2.0,5.5,0.23,0.13,0.36,0.23,0.36,Matches
182,Lucas Douath\3cd7820a,fr FRA,MF,Saint-Étienne,18-190,2003,17,9,903,10.0,0,0,0,0,0,4,0,0.00,0.00,0.00,0.00,0.00,0.9,0.9,0.1,1.0,0.09,0.01,0.10,0.09,0.10,Matches
183,Cheick Doucouré\ce4f40c7,ml MLI,MF,Lens,22-034,2000,20,19,1702,18.9,0,3,0,0,0,3,1,0.00,0.16,0.16,0.00,0.16,1.1,1.1,1.7,2.7,0.06,0.09,0.15,0.06,0.15,Matches
184,Fodé Doucouré\1bfe34dc,ml MLI,DF,Reims,21-008,2001,3,1,154,1.7,0,0,0,0,0,0,0,0.00,0.00,0.00,0.00,0.00,0.0,0.0,0.0,0.1,0.02,0.02,0.04,0.02,0.04,Matches
185,Kamory Doumbia\9226aa22,fr FRA,FW,Reims,18-358,2003,2,0,30,0.3,0,0,0,0,0,0,0,0.00,0.00,0.00,0.00,0.00,0.0,0.0,0.0,0.0,0.00,0.00,0.00,0.00,0.00,Matches
186,Souleyman Doumbia\9daeac61,ci CIV,DF,Angers,25-140,1996,15,15,1140,12.7,0,0,0,0,0,4,1,0.00,0.00,0.00,0.00,0.00,0.4,0.4,0.6,0.9,0.03,0.04,0.07,0.03,0.07,Matches
187,Julian Draxler\1a992676,de GER,FWMF,Paris S-G,28-144,1993,12,4,431,4.8,2,1,2,0,0,0,0,0.42,0.21,0.63,0.42,0.63,1.4,1.4,1.1,2.5,0.28,0.23,0.52,0.28,0.52,Matches
188,Matthieu Dreyer\fbf83734,fr FRA,GK,Lorient,32-328,1989,1,1,90,1.0,0,0,0,0,0,0,0,0.00,0.00,0.00,0.00,0.00,0.0,0.0,0.0,0.0,0.00,0.00,0.00,0.00,0.00,Matches
189,Leo Dubois\ff0ab48c,fr FRA,DF,Lyon,27-150,1994,17,15,1324,14.7,0,0,0,0,0,2,0,0.00,0.00,0.00,0.00,0.00,0.7,0.7,0.9,1.6,0.05,0.06,0.11,0.05,0.11,Matches
190,Jean-Kevin Duverne\0cbc8baa,fr FRA,DF,Brest,24-214,1997,23,19,1777,19.7,0,1,0,0,0,1,0,0.00,0.05,0.05,0.00,0.05,0.2,0.2,1.7,1.9,0.01,0.09,0.10,0.01,0.10,Matches
191,Enzo Ebosse\9ba7b4fa,cm CMR,DF,Angers,22-337,1999,12,7,634,7.0,0,0,0,0,0,0,0,0.00,0.00,0.00,0.00,0.00,0.0,0.0,0.2,0.2,0.00,0.03,0.03,0.00,0.03,Matches
192,Hugo Ekitike\5b92d896,fr FRA,FW,Reims,19-236,2002,19,12,1045,11.6,9,2,8,1,2,1,1,0.78,0.17,0.95,0.69,0.86,5.8,4.0,1.6,5.6,0.50,0.14,0.63,0.35,0.48,Matches
193,Alberth Elis\104b4ad3,hn HON,FWMF,Bordeaux,25-364,1996,15,12,1110,12.3,8,1,8,0,0,2,0,0.65,0.08,0.73,0.65,0.73,4.4,4.4,1.5,5.8,0.35,0.12,0.47,0.35,0.47,Matches
194,Sepe Elye Wahi\0d7b6576,fr FRA,FWMF,Montpellier,19-040,2003,21,11,950,10.6,6,1,6,0,0,1,0,0.57,0.09,0.66,0.57,0.66,3.0,3.0,0.9,3.9,0.28,0.08,0.37,0.28,0.37,Matches
195,Renaud Emond\5c9ac7f0,be BEL,MFFW,Nantes,30-068,1991,6,2,190,2.1,0,0,0,0,0,0,0,0.00,0.00,0.00,0.00,0.00,0.0,0.0,0.0,0.0,0.01,0.00,0.01,0.01,0.01,Matches
196,Maxime Estève\1a066e69,fr FRA,DF,Montpellier,19-261,2002,13,10,949,10.5,0,0,0,0,0,1,0,0.00,0.00,0.00,0.00,0.00,0.0,0.0,0.0,0.0,0.00,0.00,0.00,0.00,0.00,Matches
197,Fábio\bc7b4580,br BRA,DF,Nantes,31-217,1990,17,16,1193,13.3,0,1,0,0,0,5,1,0.00,0.08,0.08,0.00,0.08,0.6,0.6,0.6,1.2,0.05,0.05,0.09,0.05,0.09,Matches
198,Cesc Fàbregas\33508c78,es ESP,MF,Monaco,34-283,1987,2,0,38,0.4,0,0,0,0,0,0,0,0.00,0.00,0.00,0.00,0.00,0.0,0.0,0.1,0.1,0.00,0.30,0.30,0.00,0.30,Matches
199,Wout Faes\9c221d14,be BEL,DF,Reims,23-314,1998,22,22,1980,22.0,3,0,3,0,0,2,0,0.14,0.00,0.14,0.14,0.14,1.3,1.3,0.1,1.5,0.06,0.01,0.07,0.06,0.07,Matches
200,Romain Faivre\745ca0a3,fr FRA,FW,Lyon,23-212,1998,1,0,45,0.5,0,0,0,0,0,0,0,0.00,0.00,0.00,0.00,0.00,0.0,0.0,0.0,0.0,0.04,0.00,0.04,0.04,0.04,Matches
201,Romain Faivre\745ca0a3,fr FRA,MF,Brest,23-212,1998,21,20,1795,19.9,7,5,2,5,5,1,0,0.35,0.25,0.60,0.10,0.35,6.2,2.4,3.4,5.8,0.31,0.17,0.48,0.12,0.29,Matches
202,Wuilker Faríñez\2c127b6f,ve VEN,GK,Lens,23-361,1998,3,2,225,2.5,0,0,0,0,0,0,0,0.00,0.00,0.00,0.00,0.00,0.0,0.0,0.0,0.0,0.00,0.00,0.00,0.00,0.00,Matches
203,Noah Fatar\2693f6bc,fr FRA,DFMF,Angers,19-361,2002,2,0,4,0.0,0,0,0,0,0,0,0,0.00,0.00,0.00,0.00,0.00,0.0,0.0,0.0,0.0,0.00,0.00,0.00,0.00,0.00,Matches
204,Julien Faussurier\767212e6,fr FRA,DFFW,Brest,35-028,1987,9,1,204,2.3,0,0,0,0,0,0,0,0.00,0.00,0.00,0.00,0.00,0.0,0.0,0.3,0.3,0.00,0.15,0.15,0.00,0.15,Matches
205,Jordan Ferri\375622c5,fr FRA,MF,Montpellier,29-336,1992,21,21,1833,20.4,0,1,0,0,0,9,1,0.00,0.05,0.05,0.00,0.05,0.2,0.2,1.5,1.6,0.01,0.07,0.08,0.01,0.08,Matches
206,Karol Fila\50ac8941,pl POL,DF,Strasbourg,23-243,1998,10,6,474,5.3,0,0,0,0,0,3,0,0.00,0.00,0.00,0.00,0.00,0.0,0.0,0.7,0.7,0.00,0.13,0.13,0.00,0.13,Matches
207,Alexis Flips\caef7840,fr FRA,FWMF,Reims,22-024,2000,16,8,704,7.8,1,3,0,1,1,2,0,0.13,0.38,0.51,0.00,0.38,1.4,0.6,1.3,1.9,0.18,0.17,0.34,0.08,0.25,Matches
208,Mamadou Fofana\4c4ffacc,ml MLI,DF,Metz,24-021,1998,1,0,33,0.4,0,0,0,0,0,0,0,0.00,0.00,0.00,0.00,0.00,0.0,0.0,0.0,0.0,0.00,0.00,0.00,0.00,0.00,Matches
209,Seko Fofana\5313ed43,ci CIV,MF,Lens,26-280,1995,23,23,2050,22.8,6,0,6,0,0,1,0,0.26,0.00,0.26,0.26,0.26,5.3,5.3,2.8,8.1,0.23,0.12,0.35,0.23,0.35,Matches
210,Youssouf Fofana\822d51d7,fr FRA,MF,Monaco,23-032,1999,19,10,982,10.9,0,3,0,0,0,4,0,0.00,0.27,0.27,0.00,0.27,0.4,0.4,0.9,1.3,0.04,0.08,0.12,0.04,0.12,Matches
211,Thomas Foket\90eb507d,be BEL,DF,Reims,27-139,1994,18,17,1393,15.5,1,0,1,0,0,3,0,0.06,0.00,0.06,0.06,0.06,0.3,0.3,2.0,2.3,0.02,0.13,0.15,0.02,0.15,Matches
212,Thomas Fontaine\9f90c06b,mg MAD,DF,Lorient,30-279,1991,2,2,167,1.9,0,0,0,0,0,1,0,0.00,0.00,0.00,0.00,0.00,0.0,0.0,0.0,0.0,0.00,0.00,0.00,0.00,0.00,Matches
213,José Fonte\90f87966,pt POR,DF,Lille,38-051,1983,23,23,2070,23.0,0,2,0,0,0,1,0,0.00,0.09,0.09,0.00,0.09,0.7,0.7,0.8,1.4,0.03,0.03,0.06,0.03,0.06,Matches
214,Steven Fortes\574aa9ec,cv CPV,DF,Lens,29-300,1992,1,1,90,1.0,0,0,0,0,0,0,0,0.00,0.00,0.00,0.00,0.00,0.0,0.0,0.0,0.0,0.00,0.00,0.00,0.00,0.00,Matches
215,Przemysław Frankowski\00a8d210,pl POL,DF,Lens,26-305,1995,23,19,1714,19.0,4,4,4,0,0,2,0,0.21,0.21,0.42,0.21,0.42,2.0,2.0,2.8,4.8,0.11,0.15,0.25,0.11,0.25,Matches
216,Fransérgio\deba6b05,br BRA,MF,Bordeaux,31-116,1990,19,10,961,10.7,0,1,0,0,0,5,0,0.00,0.09,0.09,0.00,0.09,0.8,0.8,0.2,1.1,0.08,0.02,0.10,0.08,0.10,Matches
217,Angelo Fulgini\4b96c347,fr FRA,MFFW,Angers,25-175,1996,22,22,1824,20.3,4,3,4,0,0,3,0,0.20,0.15,0.35,0.20,0.35,4.5,4.5,1.8,6.3,0.22,0.09,0.31,0.22,0.31,Matches
218,Gauthier Gallon\db3164e1,fr FRA,GK,Troyes,28-294,1993,23,23,2070,23.0,0,0,0,0,0,2,0,0.00,0.00,0.00,0.00,0.00,0.0,0.0,0.0,0.0,0.00,0.00,0.00,0.00,0.00,Matches
219,Kévin Gameiro\42276181,fr FRA,FWMF,Strasbourg,34-278,1987,20,15,1251,13.9,8,1,7,1,2,0,0,0.58,0.07,0.65,0.50,0.58,7.7,6.2,1.1,7.4,0.56,0.08,0.64,0.45,0.53,Matches
220,Idrissa Gana Gueye\72c812f3,sn SEN,MF,Paris S-G,32-138,1989,15,12,1093,12.1,3,0,3,0,0,1,0,0.25,0.00,0.25,0.25,0.25,1.0,1.0,1.4,2.4,0.08,0.11,0.20,0.08,0.20,Matches
221,Ignatius Ganago\23c63b7f,cm CMR,FW,Lens,22-360,1999,13,7,590,6.6,3,0,3,0,0,2,0,0.46,0.00,0.46,0.46,0.46,2.3,2.3,0.8,3.1,0.35,0.13,0.48,0.35,0.48,Matches
222,Johan Gastien\868eaba0,fr FRA,MF,Clermont Foot,34-017,1988,19,19,1588,17.6,0,1,0,0,0,4,2,0.00,0.06,0.06,0.00,0.06,0.5,0.5,1.1,1.7,0.03,0.06,0.10,0.03,0.10,Matches
223,Valère Germain\ea0ff634,fr FRA,FW,Montpellier,31-300,1990,19,14,1238,13.8,4,2,4,0,0,0,0,0.29,0.15,0.44,0.29,0.44,2.8,2.8,1.6,4.4,0.20,0.11,0.32,0.20,0.32,Matches
224,Gerson\8827bf46,br BRA,MFDF,Marseille,24-267,1997,20,15,1267,14.1,4,2,4,0,0,2,0,0.28,0.14,0.43,0.28,0.43,3.0,3.0,1.1,4.2,0.22,0.08,0.30,0.22,0.30,Matches
225,Willem Geubbels\9836e892,fr FRA,FWMF,Nantes,20-179,2001,10,2,251,2.8,1,1,1,0,0,1,0,0.36,0.36,0.72,0.36,0.72,0.5,0.5,0.8,1.2,0.17,0.27,0.44,0.17,0.44,Matches
226,Lamine Ghezali\ce84946a,fr FRA,DF,Saint-Étienne,22-220,1999,1,0,1,0.0,0,0,0,0,0,0,0,0.00,0.00,0.00,0.00,0.00,0.0,0.0,0.0,0.0,0.00,3.58,3.58,0.00,3.58,Matches
227,Nicholas Gioacchini\79ab7593,us USA,MFFW,Montpellier,21-201,2000,19,3,386,4.3,0,2,0,0,0,0,0,0.00,0.47,0.47,0.00,0.47,1.1,1.1,0.7,1.8,0.26,0.17,0.43,0.26,0.43,Matches
228,Jimmy Giraudon\6ba71da5,fr FRA,DF,Troyes,30-026,1992,19,18,1619,18.0,0,0,0,0,0,5,1,0.00,0.00,0.00,0.00,0.00,0.0,0.0,0.3,0.3,0.00,0.02,0.02,0.00,0.02,Matches
229,Andrei Girotto\3befc2b6,br BRA,DFMF,Nantes,29-359,1992,23,23,2012,22.4,5,1,5,0,0,5,0,0.22,0.04,0.27,0.22,0.27,1.7,1.7,0.9,2.6,0.08,0.04,0.12,0.08,0.12,Matches
230,Aleksandr Golovin\3708e9fa,ru RUS,FWMF,Monaco,25-257,1996,13,7,695,7.7,2,2,2,0,0,1,1,0.26,0.26,0.52,0.26,0.52,1.6,1.6,1.5,3.1,0.20,0.20,0.40,0.20,0.40,Matches
231,Angel Gomes\645a3363,eng ENG,MF,Lille,21-164,2000,13,6,475,5.3,0,0,0,0,0,1,0,0.00,0.00,0.00,0.00,0.00,0.4,0.4,0.8,1.2,0.08,0.14,0.22,0.08,0.22,Matches
232,Alfred Gomis\cecbce23,sn SEN,GK,Rennes,28-159,1993,18,18,1620,18.0,0,0,0,0,0,0,0,0.00,0.00,0.00,0.00,0.00,0.0,0.0,0.0,0.0,0.00,0.00,0.00,0.00,0.00,Matches
233,Vagner Gonçalves\743fd71f,cv CPV,MFFW,Metz,26-032,1996,3,0,86,1.0,0,0,0,0,0,1,0,0.00,0.00,0.00,0.00,0.00,0.3,0.3,0.1,0.3,0.27,0.08,0.35,0.27,0.35,Matches
234,Álvaro González\42dcf26d,es ESP,DF,Marseille,32-034,1990,6,5,451,5.0,0,0,0,0,0,1,0,0.00,0.00,0.00,0.00,0.00,0.2,0.2,0.0,0.2,0.04,0.00,0.04,0.04,0.04,Matches
235,Amine Gouiri\aad56ca3,fr FRA,FWMF,Nice,21-360,2000,23,20,1772,19.7,10,7,7,3,5,2,0,0.51,0.36,0.86,0.36,0.71,10.7,6.9,5.3,12.2,0.54,0.27,0.81,0.35,0.62,Matches
236,Jonathan Gradit\06c48679,fr FRA,DF,Lens,29-079,1992,22,22,1903,21.1,0,0,0,0,0,5,0,0.00,0.00,0.00,0.00,0.00,0.0,0.0,1.2,1.3,0.00,0.06,0.06,0.00,0.06,Matches
237,Andrew Gravillon\49136c42,fr FRA,DF,Reims,24-003,1998,20,20,1759,19.5,0,0,0,0,0,9,2,0.00,0.00,0.00,0.00,0.00,0.3,0.3,0.6,0.9,0.01,0.03,0.04,0.01,0.04,Matches
238,Adrian Grbić\4a987ffa,at AUT,FWMF,Lorient,25-191,1996,16,4,518,5.8,1,0,1,0,0,0,0,0.17,0.00,0.17,0.17,0.17,1.5,1.5,0.5,2.0,0.25,0.10,0.35,0.25,0.35,Matches
239,Ivo Grbić\3f034750,hr CRO,GK,Lille,26-024,1996,21,21,1890,21.0,0,0,0,0,0,3,0,0.00,0.00,0.00,0.00,0.00,0.0,0.0,0.0,0.0,0.00,0.00,0.00,0.00,0.00,Matches
240,Etienne Green\667b65da,eng ENG,GK,Saint-Étienne,21-207,2000,15,15,1197,13.3,0,0,0,0,0,1,1,0.00,0.00,0.00,0.00,0.00,0.0,0.0,0.3,0.3,0.00,0.02,0.02,0.00,0.02,Matches
241,Gabriel Gudmundsson\d5d22a58,se SWE,DFMF,Lille,22-288,1999,15,3,473,5.3,0,0,0,0,0,0,0,0.00,0.00,0.00,0.00,0.00,1.1,1.1,0.1,1.3,0.22,0.02,0.24,0.22,0.24,Matches
242,Noah Guede-Nadje\94b442c0,fr FRA,FW,Angers,18-091,2003,1,0,3,0.0,0,0,0,0,0,0,0,0.00,0.00,0.00,0.00,0.00,0.0,0.0,0.0,0.0,0.00,0.00,0.00,0.00,0.00,Matches
243,Mattéo Guendouzi\5ea8ef20,fr FRA,MF,Marseille,22-303,1999,23,21,1877,20.9,3,5,3,0,0,4,0,0.14,0.24,0.38,0.14,0.38,2.7,2.7,2.2,4.8,0.13,0.10,0.23,0.13,0.23,Matches
244,Yanis Guermouche\642f9f79,fr FRA,FW,Montpellier,20-302,2001,1,0,1,0.0,0,0,0,0,0,0,0,0.00,0.00,0.00,0.00,0.00,0.0,0.0,0.0,0.0,0.00,0.00,0.00,0.00,0.00,Matches
245,Evann Guessand\b73f17f8,fr FRA,FW,Nice,20-225,2001,10,1,187,2.1,1,1,1,0,0,2,0,0.48,0.48,0.96,0.48,0.96,0.9,0.9,0.5,1.3,0.42,0.22,0.64,0.42,0.64,Matches
246,Lamine Gueye\9d5dcc23,sn SEN,MFFW,Metz,23-335,1998,14,7,555,6.2,0,3,0,0,0,0,0,0.00,0.49,0.49,0.00,0.49,1.6,1.6,1.0,2.6,0.26,0.16,0.42,0.26,0.42,Matches
247,Pape Gueye\7155e3e1,sn SEN,MF,Marseille,23-018,1999,15,7,684,7.6,0,1,0,0,0,3,0,0.00,0.13,0.13,0.00,0.13,0.5,0.5,0.3,0.8,0.06,0.04,0.10,0.06,0.10,Matches
248,Josuha Guilavogui\e6c43eec,fr FRA,MF,Bordeaux,31-145,1990,1,1,90,1.0,0,0,0,0,0,0,0,0.00,0.00,0.00,0.00,0.00,0.0,0.0,0.0,0.0,0.00,0.00,0.00,0.00,0.00,Matches
249,Frederic Guilbert\5d8d7454,fr FRA,DF,Strasbourg,27-049,1994,19,16,1421,15.8,0,3,0,0,0,1,0,0.00,0.19,0.19,0.00,0.19,0.4,0.4,1.8,2.2,0.03,0.11,0.14,0.03,0.14,Matches
250,Bruno Guimarães\82518f62,br BRA,MF,Lyon,24-087,1997,20,19,1634,18.2,0,3,0,0,0,2,0,0.00,0.17,0.17,0.00,0.17,0.8,0.8,3.8,4.6,0.04,0.21,0.25,0.04,0.25,Matches
251,Sehrou Guirassy\923f4dda,fr FRA,FW,Rennes,25-336,1996,22,3,577,6.4,3,0,3,0,0,0,0,0.47,0.00,0.47,0.47,0.47,3.2,3.2,0.2,3.4,0.50,0.03,0.53,0.50,0.53,Matches
252,Malo Gusto\d56b9520,fr FRA,DF,Lyon,18-268,2003,17,11,978,10.9,0,1,0,0,0,2,0,0.00,0.09,0.09,0.00,0.09,0.7,0.7,1.4,2.2,0.07,0.13,0.20,0.07,0.20,Matches
253,Massadio Haïdara\5167c97e,ml MLI,DF,Lens,29-071,1992,11,4,476,5.3,0,0,0,0,0,4,0,0.00,0.00,0.00,0.00,0.00,0.2,0.2,0.3,0.5,0.04,0.05,0.09,0.04,0.09,Matches
254,Oualid El Hajjam\9f29c204,ma MAR,DF,Troyes,30-357,1991,17,11,977,10.9,1,1,1,0,0,2,0,0.09,0.09,0.18,0.09,0.18,0.9,0.9,1.0,2.0,0.08,0.10,0.18,0.08,0.18,Matches
255,Achraf Hakimi\e42d61c7,ma MAR,DF,Paris S-G,23-099,1998,19,17,1511,16.8,3,3,3,0,0,2,1,0.18,0.18,0.36,0.18,0.36,1.0,1.0,3.7,4.7,0.06,0.22,0.28,0.06,0.28,Matches
256,Pierre-Yves Hamel\a99da9ec,fr FRA,FWDF,Lorient,28-008,1994,3,0,30,0.3,0,0,0,0,0,1,0,0.00,0.00,0.00,0.00,0.00,0.0,0.0,0.1,0.1,0.00,0.39,0.39,0.00,0.39,Matches
257,Pierre-Yves Hamel\a99da9ec,fr FRA,FW,Clermont Foot,28-008,1994,13,6,485,5.4,0,0,0,0,0,2,0,0.00,0.00,0.00,0.00,0.00,2.4,2.4,0.2,2.6,0.45,0.03,0.48,0.45,0.48,Matches
258,Romain Hamouma\0b4d8274,fr FRA,FW,Saint-Étienne,34-319,1987,15,7,678,7.5,1,0,1,0,0,2,0,0.13,0.00,0.13,0.13,0.13,1.3,1.3,0.5,1.7,0.17,0.06,0.23,0.17,0.23,Matches
259,Amine Harit\e7d59f4f,ma MAR,FWDF,Marseille,24-238,1997,13,5,518,5.8,1,1,1,0,0,1,0,0.17,0.17,0.35,0.17,0.35,0.6,0.6,1.5,2.0,0.10,0.26,0.36,0.10,0.36,Matches
260,Henrique\f28474a4,br BRA,DF,Lyon,27-292,1994,8,6,533,5.9,0,0,0,0,0,0,0,0.00,0.00,0.00,0.00,0.00,0.6,0.6,0.1,0.7,0.10,0.02,0.13,0.10,0.13,Matches
261,Luis Henrique\f36d5624,br BRA,FWMF,Marseille,20-059,2001,15,7,603,6.7,0,1,0,0,0,0,0,0.00,0.15,0.15,0.00,0.15,0.9,0.9,0.4,1.3,0.13,0.05,0.19,0.13,0.19,Matches
262,Christophe Hérelle\3681cfff,mq MTQ,DF,Brest,29-173,1992,10,10,806,9.0,0,0,0,0,0,3,0,0.00,0.00,0.00,0.00,0.00,0.2,0.2,0.0,0.2,0.02,0.00,0.02,0.02,0.02,Matches
263,Jérôme Hergault\a84f9a4b,fr FRA,DFMF,Lorient,35-312,1986,7,5,341,3.8,0,0,0,0,0,2,2,0.00,0.00,0.00,0.00,0.00,0.1,0.1,0.1,0.2,0.02,0.03,0.05,0.02,0.05,Matches
264,Ander Herrera\436a9dd0,es ESP,MF,Paris S-G,32-181,1989,17,11,1008,11.2,3,2,3,0,0,1,0,0.27,0.18,0.45,0.27,0.45,1.0,1.0,1.9,2.9,0.09,0.17,0.26,0.09,0.26,Matches
265,Franck Honorat\db7849ca,fr FRA,MFFW,Brest,25-184,1996,22,22,1893,21.0,6,3,6,0,0,3,0,0.29,0.14,0.43,0.29,0.43,3.2,3.2,4.5,7.8,0.15,0.21,0.35,0.15,0.35,Matches
266,Fraser Hornby\29aee77c,sct SCO,FW,Reims,22-151,1999,2,0,31,0.3,0,0,0,0,0,0,0,0.00,0.00,0.00,0.00,0.00,0.1,0.1,0.0,0.1,0.17,0.00,0.17,0.17,0.17,Matches
267,Cédric Hountondji\00891164,bj BEN,DF,Clermont Foot,28-023,1994,17,17,1494,16.6,0,0,0,0,0,1,0,0.00,0.00,0.00,0.00,0.00,0.5,0.5,0.1,0.6,0.03,0.00,0.04,0.03,0.04,Matches
268,Suk Hyun-jun\7ffaf233,kr KOR,FWMF,Troyes,30-227,1991,9,0,153,1.7,0,0,0,0,0,0,0,0.00,0.00,0.00,0.00,0.00,0.4,0.4,0.5,0.9,0.22,0.28,0.50,0.22,0.50,Matches
269,Mauro Icardi\43b78598,ar ARG,FW,Paris S-G,28-357,1993,18,10,966,10.7,4,0,4,0,0,1,0,0.37,0.00,0.37,0.37,0.37,4.7,4.7,0.5,5.3,0.44,0.05,0.49,0.44,0.49,Matches
270,Jonathan Iglesias\639ca1cf,uy URU,MF,Clermont Foot,33-056,1988,15,5,579,6.4,0,0,0,0,0,0,0,0.00,0.00,0.00,0.00,0.00,0.0,0.0,0.2,0.2,0.01,0.03,0.03,0.01,0.03,Matches
271,Juan Ignacio Ramírez\ad513a6b,uy URU,FW,Saint-Étienne,25-010,1997,5,1,126,1.4,0,0,0,0,0,0,0,0.00,0.00,0.00,0.00,0.00,0.1,0.1,0.0,0.1,0.06,0.00,0.06,0.06,0.06,Matches
272,Danylo Ihnatenko\65bbfba3,ua UKR,MF,Bordeaux,24-335,1997,1,0,9,0.1,0,0,0,0,0,0,1,0.00,0.00,0.00,0.00,0.00,0.0,0.0,0.0,0.0,0.00,0.14,0.14,0.00,0.14,Matches
273,Jonathan Ikone\42eaa028,fr FRA,MFFW,Lille,23-285,1998,18,13,1062,11.8,1,0,1,0,0,1,0,0.08,0.00,0.08,0.08,0.08,2.3,2.3,2.1,4.4,0.20,0.17,0.37,0.20,0.37,Matches
274,Bonke Innocent\546bb36e,ng NGA,MF,Lorient,26-022,1996,1,1,90,1.0,0,0,0,0,0,0,0,0.00,0.00,0.00,0.00,0.00,0.0,0.0,0.0,0.0,0.00,0.00,0.00,0.00,0.00,Matches
275,Wilson Isidor\a671316d,fr FRA,FWMF,Monaco,21-168,2000,4,0,50,0.6,0,0,0,0,0,0,0,0.00,0.00,0.00,0.00,0.00,0.2,0.2,0.2,0.4,0.29,0.42,0.71,0.29,0.71,Matches
276,Ismail Jakobs\a0415710,de GER,DF,Monaco,22-178,1999,17,8,797,8.9,0,0,0,0,0,1,0,0.00,0.00,0.00,0.00,0.00,0.2,0.2,1.2,1.3,0.02,0.13,0.15,0.02,0.15,Matches
277,Abdel Jalil Medioub\4937a9f7,dz ALG,DF,Bordeaux,24-167,1997,8,4,447,5.0,0,0,0,0,0,0,0,0.00,0.00,0.00,0.00,0.00,0.1,0.1,0.0,0.1,0.01,0.00,0.01,0.01,0.01,Matches
278,Corentin Jean\7d9b37bf,fr FRA,FWDF,Lens,26-211,1995,14,1,229,2.5,0,0,0,0,0,2,0,0.00,0.00,0.00,0.00,0.00,0.5,0.5,0.1,0.6,0.19,0.06,0.25,0.19,0.25,Matches
279,Jemerson\7cab69b5,br BRA,DF,Metz,29-171,1992,9,9,675,7.5,0,0,0,0,0,2,1,0.00,0.00,0.00,0.00,0.00,0.5,0.5,0.0,0.6,0.07,0.00,0.07,0.07,0.07,Matches
280,Moritz Jenz\ee644761,de GER,DF,Lorient,22-287,1999,13,13,1134,12.6,1,0,1,0,0,4,1,0.08,0.00,0.08,0.08,0.08,0.8,0.8,0.1,0.9,0.06,0.01,0.07,0.06,0.07,Matches
281,Lenny Joseph\d1828392,fr FRA,FWMF,Metz,21-122,2000,4,0,77,0.9,0,0,0,0,0,1,0,0.00,0.00,0.00,0.00,0.00,0.0,0.0,0.0,0.0,0.00,0.00,0.00,0.00,0.00,Matches
282,Issa Kaboré\c066d1a5,bf BFA,DF,Troyes,20-275,2001,17,13,1061,11.8,0,1,0,0,0,5,1,0.00,0.08,0.08,0.00,0.08,0.1,0.1,1.6,1.7,0.01,0.13,0.14,0.01,0.14,Matches
283,Tino Kadewere\7d08063d,zw ZIM,FW,Lyon,26-037,1996,6,1,181,2.0,0,0,0,0,0,0,1,0.00,0.00,0.00,0.00,0.00,1.3,1.3,0.0,1.3,0.66,0.00,0.66,0.66,0.66,Matches
284,Gaël Kakuta\5b1bf5e3,cd COD,MFFW,Lens,30-235,1991,19,15,1251,13.9,2,1,2,0,0,1,0,0.14,0.07,0.22,0.14,0.22,2.4,2.4,2.8,5.2,0.17,0.20,0.38,0.17,0.38,Matches
285,Arnaud Kalimuendo\bf4c41f9,fr FRA,FW,Paris S-G,20-021,2002,2,0,8,0.1,0,0,0,0,0,0,0,0.00,0.00,0.00,0.00,0.00,0.0,0.0,0.0,0.0,0.00,0.00,0.00,0.00,0.00,Matches
286,Arnaud Kalimuendo\bf4c41f9,fr FRA,FW,Lens,20-021,2002,17,15,1160,12.9,6,0,5,1,1,1,1,0.47,0.00,0.47,0.39,0.39,4.9,4.1,1.0,5.1,0.38,0.08,0.46,0.32,0.40,Matches
287,Samuel Kalu\b8d22478,ng NGA,FWMF,Bordeaux,24-169,1997,11,3,328,3.6,1,1,1,0,0,1,0,0.27,0.27,0.55,0.27,0.55,0.8,0.8,0.2,1.0,0.23,0.05,0.28,0.23,0.28,Matches
288,Boubacar Kamara\cc77354e,fr FRA,MF,Marseille,22-080,1999,20,17,1530,17.0,1,0,1,0,0,4,0,0.06,0.00,0.06,0.06,0.06,0.8,0.8,0.9,1.7,0.05,0.05,0.10,0.05,0.10,Matches
289,Hassane Kamara\19a12bed,ci CIV,MFDF,Nice,27-145,1994,11,7,544,6.0,0,0,0,0,0,2,0,0.00,0.00,0.00,0.00,0.00,1.0,1.0,1.1,2.1,0.16,0.18,0.34,0.16,0.34,Matches
290,Jean-Armel Kana-Biyik\76a4233b,cm CMR,DF,Metz,32-223,1989,4,4,314,3.5,0,0,0,0,0,1,0,0.00,0.00,0.00,0.00,0.00,0.1,0.1,0.0,0.1,0.02,0.00,0.02,0.02,0.02,Matches
291,Nordine Kandil\c5908bc4,fr FRA,MFFW,Strasbourg,20-103,2001,4,0,84,0.9,0,1,0,0,0,1,0,0.00,1.07,1.07,0.00,1.07,0.1,0.1,0.4,0.4,0.09,0.39,0.48,0.09,0.48,Matches
292,Eiji Kawashima\a4527d33,jp JPN,GK,Strasbourg,38-328,1983,1,1,90,1.0,0,0,0,0,0,0,0,0.00,0.00,0.00,0.00,0.00,0.0,0.0,0.0,0.0,0.00,0.00,0.00,0.00,0.00,Matches
293,Ilan Kebbal\37d04e90,dz ALG,MFFW,Reims,23-217,1998,19,13,1220,13.6,1,4,1,0,0,1,0,0.07,0.30,0.37,0.07,0.37,0.9,0.9,2.2,3.1,0.07,0.16,0.23,0.07,0.23,Matches
294,Thilo Kehrer\51dbeea9,de GER,DF,Paris S-G,25-143,1996,16,11,1089,12.1,2,0,2,0,0,0,0,0.17,0.00,0.17,0.17,0.17,0.8,0.8,0.0,0.8,0.06,0.00,0.07,0.06,0.07,Matches
295,Habib Keita\cc588cbe,ml MLI,MFFW,Lyon,20-006,2002,3,0,7,0.1,0,0,0,0,0,0,0,0.00,0.00,0.00,0.00,0.00,0.2,0.2,0.0,0.2,2.80,0.00,2.80,2.80,2.80,Matches
296,Saîf-Eddine Khaoui\796b1c41,tn TUN,MF,Clermont Foot,26-290,1995,10,2,310,3.4,0,0,0,0,0,1,0,0.00,0.00,0.00,0.00,0.00,0.3,0.3,0.2,0.5,0.08,0.07,0.15,0.08,0.15,Matches
297,Wahbi Khazri\2677a1de,tn TUN,FWMF,Saint-Étienne,31-003,1991,20,19,1610,17.9,8,0,5,3,3,3,0,0.45,0.00,0.45,0.28,0.28,6.5,4.2,2.0,6.2,0.36,0.11,0.47,0.23,0.34,Matches
298,Presnel Kimpembe\aef6e670,fr FRA,DF,Paris S-G,26-182,1995,18,17,1508,16.8,1,0,1,0,0,3,0,0.06,0.00,0.06,0.06,0.06,0.7,0.7,0.1,0.8,0.04,0.01,0.05,0.04,0.05,Matches
299,Justin Kluivert\4c3a6744,nl NED,MF,Nice,22-282,1999,13,12,877,9.7,2,3,2,0,0,3,0,0.21,0.31,0.51,0.21,0.51,1.4,1.4,2.3,3.7,0.14,0.24,0.38,0.14,0.38,Matches
300,Philippe Koffi\9f1c2822,fr FRA,FW,Reims,19-339,2002,10,3,375,4.2,1,0,1,0,0,1,0,0.24,0.00,0.24,0.24,0.24,0.9,0.9,0.2,1.1,0.20,0.05,0.26,0.20,0.26,Matches
301,Sead Kolašinac\3935e52e,ba BIH,DF,Marseille,28-236,1993,1,1,63,0.7,0,0,0,0,0,0,0,0.00,0.00,0.00,0.00,0.00,0.0,0.0,0.0,0.0,0.00,0.00,0.00,0.00,0.00,Matches
302,Randal Kolo Muani\c0b3669f,fr FRA,FW,Nantes,23-068,1998,22,21,1864,20.7,8,2,8,0,0,2,0,0.39,0.10,0.48,0.39,0.48,5.4,5.4,2.1,7.5,0.26,0.10,0.36,0.26,0.36,Matches
303,Timothée Kolodziejczak\ab096c6f,fr FRA,DF,Saint-Étienne,30-133,1991,20,20,1718,19.1,1,2,1,0,0,2,1,0.05,0.10,0.16,0.05,0.16,1.6,1.6,0.8,2.4,0.08,0.04,0.12,0.08,0.12,Matches
304,Ghislain Konan\6b2c894b,ci CIV,DF,Reims,26-046,1995,18,18,1573,17.5,1,2,1,0,0,1,0,0.06,0.11,0.17,0.06,0.17,0.4,0.4,1.9,2.2,0.02,0.11,0.13,0.02,0.13,Matches
305,Ibrahima Koné\04bb2b06,ml MLI,FW,Lorient,22-240,1999,1,0,16,0.2,1,0,1,0,0,0,0,5.63,0.00,5.63,5.63,5.63,0.8,0.8,0.0,0.8,4.67,0.00,4.67,4.67,4.67,Matches
306,Youssouf Koné\e6eadfb8,ml MLI,DF,Troyes,26-221,1995,12,6,542,6.0,0,0,0,0,0,2,0,0.00,0.00,0.00,0.00,0.00,0.1,0.1,0.2,0.4,0.02,0.04,0.06,0.02,0.06,Matches
307,Laurent Koscielny\f5efb153,fr FRA,DF,Bordeaux,36-154,1985,11,11,933,10.4,0,1,0,0,0,2,0,0.00,0.10,0.10,0.00,0.10,0.1,0.1,0.1,0.2,0.01,0.01,0.02,0.01,0.02,Matches
308,Rominigue Kouamé\86a2ba20,ml MLI,MF,Troyes,25-056,1996,20,20,1781,19.8,1,1,1,0,0,3,0,0.05,0.05,0.10,0.05,0.10,1.5,1.5,1.2,2.7,0.07,0.06,0.13,0.07,0.13,Matches
309,Boubakar Kouyaté\562a4799,ml MLI,DF,Metz,24-302,1997,16,16,1405,15.6,1,0,1,0,0,3,1,0.06,0.00,0.06,0.06,0.06,0.7,0.7,0.1,0.9,0.05,0.01,0.06,0.05,0.06,Matches
310,Jean-Philippe Krasso\037f2523,fr FRA,FW,Saint-Étienne,24-209,1997,16,5,453,5.0,1,1,1,0,0,0,0,0.20,0.20,0.40,0.20,0.40,1.6,1.6,0.6,2.1,0.31,0.11,0.42,0.31,0.42,Matches
311,Mykola Kukharevych\8197a269,ua UKR,FW,Troyes,20-225,2001,2,0,15,0.2,0,0,0,0,0,0,0,0.00,0.00,0.00,0.00,0.00,0.1,0.1,0.0,0.1,0.45,0.00,0.45,0.45,0.45,Matches
312,Enock Kwateng\4bf69118,fr FRA,DF,Bordeaux,24-308,1997,20,16,1496,16.6,0,0,0,0,0,4,0,0.00,0.00,0.00,0.00,0.00,0.3,0.3,0.6,0.9,0.02,0.04,0.06,0.02,0.06,Matches
313,Grejohn Kyei\397ba086,fr FRA,FW,Clermont Foot,26-183,1995,1,0,27,0.3,0,0,0,0,0,0,0,0.00,0.00,0.00,0.00,0.00,0.0,0.0,0.0,0.0,0.00,0.05,0.05,0.00,0.05,Matches
314,Gaëtan Laborde\7cdda3bf,fr FRA,FW,Rennes,27-284,1994,19,19,1654,18.4,8,5,8,0,0,1,0,0.44,0.27,0.71,0.44,0.71,10.6,10.6,3.0,13.6,0.58,0.16,0.74,0.58,0.74,Matches
315,Gaëtan Laborde\7cdda3bf,fr FRA,FW,Montpellier,27-284,1994,4,4,341,3.8,3,0,3,0,0,1,0,0.79,0.00,0.79,0.79,0.79,1.8,1.8,0.5,2.3,0.48,0.12,0.59,0.48,0.59,Matches
316,Tom Lacoux\295ba708,fr FRA,MF,Bordeaux,20-017,2002,6,6,438,4.9,0,0,0,0,0,3,0,0.00,0.00,0.00,0.00,0.00,0.0,0.0,0.4,0.4,0.00,0.07,0.07,0.00,0.07,Matches
317,Lenny Lacroix\5413ef36,fr FRA,DF,Metz,19-005,2003,1,0,45,0.5,0,0,0,0,0,0,0,0.00,0.00,0.00,0.00,0.00,0.0,0.0,0.0,0.0,0.00,0.00,0.00,0.00,0.00,Matches
318,Alban Lafont\4e7db402,fr FRA,GK,Nantes,23-019,1999,23,23,2070,23.0,0,0,0,0,0,1,0,0.00,0.00,0.00,0.00,0.00,0.0,0.0,0.0,0.0,0.00,0.00,0.00,0.00,0.00,Matches
319,Julien Laporte\f066022d,fr FRA,DF,Lorient,28-099,1993,21,21,1811,20.1,2,0,2,0,0,5,0,0.10,0.00,0.10,0.10,0.10,0.6,0.6,0.4,1.0,0.03,0.02,0.05,0.03,0.05,Matches
320,Yasser Larouci\0ed063d6,dz ALG,DF,Troyes,21-041,2001,2,0,20,0.2,0,0,0,0,0,0,0,0.00,0.00,0.00,0.00,0.00,0.0,0.0,0.0,0.0,0.00,0.00,0.00,0.00,0.00,Matches
321,Paul Lasne\542cc80f,fr FRA,MF,Brest,33-026,1989,4,2,179,2.0,0,0,0,0,0,0,0,0.00,0.00,0.00,0.00,0.00,0.2,0.2,0.1,0.3,0.11,0.04,0.15,0.11,0.15,Matches
322,Armand Lauriente\2d22cea7,fr FRA,FWMF,Lorient,23-069,1998,20,16,1395,15.5,4,1,3,1,1,1,0,0.26,0.06,0.32,0.19,0.26,4.1,3.3,2.5,5.9,0.26,0.16,0.43,0.21,0.38,Matches
323,Théo Le Bris\afe39ca8,fr FRA,MF,Lorient,19-133,2002,4,0,61,0.7,0,0,0,0,0,0,0,0.00,0.00,0.00,0.00,0.00,0.0,0.0,0.0,0.0,0.00,0.00,0.00,0.00,0.00,Matches
324,Jérémy Le Douaron\88c4d190,fr FRA,FWMF,Brest,23-296,1998,23,14,1206,13.4,5,2,5,0,0,0,0,0.37,0.15,0.52,0.37,0.52,4.0,4.0,2.4,6.3,0.30,0.18,0.47,0.30,0.47,Matches
325,Enzo Le Fée\6f806d99,fr FRA,MF,Lorient,22-008,2000,22,16,1331,14.8,0,2,0,0,0,0,0,0.00,0.14,0.14,0.00,0.14,0.7,0.7,1.6,2.3,0.05,0.11,0.16,0.05,0.16,Matches
326,Vincent Le Goff\2321ea6e,fr FRA,DF,Lorient,32-119,1989,19,19,1710,19.0,1,0,1,0,0,1,0,0.05,0.00,0.05,0.05,0.05,1.0,1.0,1.5,2.6,0.05,0.08,0.13,0.05,0.13,Matches
327,Maxime Le Marchand\321a71a7,fr FRA,DF,Strasbourg,32-123,1989,8,7,650,7.2,1,0,1,0,0,4,0,0.14,0.00,0.14,0.14,0.14,0.3,0.3,0.1,0.3,0.04,0.01,0.05,0.04,0.05,Matches
328,Jean-Louis Leca\edbe46dc,fr FRA,GK,Lens,36-143,1985,21,21,1845,20.5,0,0,0,0,0,3,0,0.00,0.00,0.00,0.00,0.00,0.0,0.0,0.0,0.0,0.00,0.00,0.00,0.00,0.00,Matches
329,Félix Lemaréchal\8ca9415f,ci CIV,MF,Monaco,18-188,2003,1,0,9,0.1,0,0,0,0,0,0,0,0.00,0.00,0.00,0.00,0.00,0.0,0.0,0.0,0.0,0.00,0.00,0.00,0.00,0.00,Matches
330,Mario Lemina\2b471f99,ga GAB,MF,Nice,28-163,1993,20,16,1337,14.9,1,0,1,0,0,3,0,0.07,0.00,0.07,0.07,0.07,0.6,0.6,0.1,0.7,0.04,0.01,0.05,0.04,0.05,Matches
331,Fabien Lemoine\54d51e22,fr FRA,MF,Lorient,34-332,1987,12,10,853,9.5,0,1,0,0,0,3,0,0.00,0.11,0.11,0.00,0.11,0.1,0.1,0.8,0.9,0.01,0.08,0.09,0.01,0.09,Matches
332,Léo Leroy\fcc84a07,fr FRA,MF,Montpellier,21-362,2000,12,2,186,2.1,0,0,0,0,0,0,0,0.00,0.00,0.00,0.00,0.00,0.1,0.1,0.0,0.1,0.04,0.01,0.05,0.04,0.05,Matches
333,Yanis Lhery\cc972842,fr FRA,FWMF,Saint-Étienne,18-280,2003,5,0,72,0.8,0,0,0,0,0,0,0,0.00,0.00,0.00,0.00,0.00,0.3,0.3,0.0,0.3,0.39,0.00,0.39,0.39,0.39,Matches
334,Dimitri Liénard\f7691f63,fr FRA,DFMF,Strasbourg,33-363,1988,21,13,1199,13.3,2,2,2,0,0,3,0,0.15,0.15,0.30,0.15,0.30,1.0,1.0,1.9,2.9,0.08,0.14,0.21,0.08,0.21,Matches
335,Isaac Lihadji\57a46f3f,fr FRA,MFDF,Lille,19-307,2002,9,1,162,1.8,1,2,1,0,0,1,0,0.56,1.11,1.67,0.56,1.67,0.9,0.9,0.6,1.6,0.52,0.35,0.87,0.52,0.87,Matches
336,Pol Lirola\ff800ed8,es ESP,DFMF,Marseille,24-182,1997,20,14,1201,13.3,1,2,1,0,0,1,0,0.07,0.15,0.22,0.07,0.22,1.1,1.1,2.4,3.6,0.09,0.18,0.27,0.09,0.27,Matches
337,Banzouzi Locko\6bf7cabe,fr FRA,DFMF,Reims,19-281,2002,11,4,493,5.5,1,0,1,0,0,3,0,0.18,0.00,0.18,0.18,0.18,0.1,0.1,0.2,0.3,0.02,0.04,0.06,0.02,0.06,Matches
338,Anthony Lopes\f00de885,pt POR,GK,Lyon,31-133,1990,22,22,1963,21.8,0,0,0,0,0,1,1,0.00,0.00,0.00,0.00,0.00,0.0,0.0,0.0,0.0,0.00,0.00,0.00,0.00,0.00,Matches
339,Pau López\20b9f052,es ESP,GK,Marseille,27-060,1994,19,19,1710,19.0,0,0,0,0,0,2,0,0.00,0.00,0.00,0.00,0.00,0.0,0.0,0.0,0.0,0.00,0.00,0.00,0.00,0.00,Matches
340,Dion Lopy\64c14d49,sn SEN,MF,Reims,20-009,2002,13,9,781,8.7,0,0,0,0,0,3,0,0.00,0.00,0.00,0.00,0.00,0.3,0.3,0.1,0.4,0.04,0.01,0.05,0.04,0.05,Matches
341,Samuel Loric\9004f318,fr FRA,DF,Lorient,21-221,2000,3,3,269,3.0,0,0,0,0,0,0,0,0.00,0.00,0.00,0.00,0.00,0.1,0.1,0.0,0.1,0.04,0.00,0.04,0.04,0.04,Matches
342,Jordan Lotomba\fc4cf6a7,ch SUI,DF,Nice,23-135,1998,17,11,1006,11.2,0,0,0,0,0,1,0,0.00,0.00,0.00,0.00,0.00,0.1,0.1,0.7,0.8,0.01,0.06,0.07,0.01,0.07,Matches
343,Jean Lucas\a99138af,br BRA,MF,Monaco,23-234,1998,17,12,910,10.1,1,1,1,0,0,1,0,0.10,0.10,0.20,0.10,0.20,1.0,1.0,1.5,2.5,0.10,0.15,0.25,0.10,0.25,Matches
344,Castello Lukeba\5b9512c5,fr FRA,DF,Lyon,19-056,2002,10,10,855,9.5,1,0,1,0,0,1,0,0.11,0.00,0.11,0.11,0.11,0.7,0.7,0.1,0.8,0.08,0.01,0.09,0.08,0.09,Matches
345,Levi Lumeka\199ff86e,eng ENG,DFFW,Troyes,23-159,1998,5,0,67,0.7,0,0,0,0,0,0,0,0.00,0.00,0.00,0.00,0.00,0.0,0.0,0.0,0.0,0.00,0.00,0.00,0.00,0.00,Matches
346,Yannis M'Bemba\080de72a,fr FRA,DFFW,Nantes,20-225,2001,2,0,5,0.1,0,0,0,0,0,0,0,0.00,0.00,0.00,0.00,0.00,0.1,0.1,0.0,0.1,2.37,0.00,2.37,2.37,2.37,Matches
347,Deiver Machado\b3f8bdef,co COL,DF,Lens,28-162,1993,11,4,305,3.4,0,0,0,0,0,1,0,0.00,0.00,0.00,0.00,0.00,0.0,0.0,0.2,0.3,0.01,0.07,0.08,0.01,0.08,Matches
348,Yvann Macon\0bb6e193,fr FRA,DF,Saint-Étienne,23-133,1998,17,15,1235,13.7,0,0,0,0,0,5,0,0.00,0.00,0.00,0.00,0.00,0.4,0.4,1.5,1.8,0.03,0.11,0.13,0.03,0.13,Matches
349,Louis Mafouta\bec3d251,cf CTA,FW,Metz,27-224,1994,2,0,47,0.5,0,0,0,0,0,0,0,0.00,0.00,0.00,0.00,0.00,0.2,0.2,0.0,0.2,0.38,0.00,0.38,0.38,0.38,Matches
350,Hugo Magnetti\d4d35152,fr FRA,MF,Brest,23-257,1998,16,10,926,10.3,0,0,0,0,0,4,0,0.00,0.00,0.00,0.00,0.00,0.4,0.4,0.1,0.6,0.04,0.01,0.06,0.04,0.06,Matches
351,Yohann Magnin\caa7aaea,fr FRA,MFDF,Clermont Foot,24-235,1997,9,7,648,7.2,1,0,1,0,0,1,0,0.14,0.00,0.14,0.14,0.14,0.5,0.5,0.3,0.8,0.07,0.04,0.11,0.07,0.11,Matches
352,Habib Maïga\e768de1f,ci CIV,MFDF,Metz,26-041,1996,15,14,1112,12.4,1,0,1,0,0,5,0,0.08,0.00,0.08,0.08,0.08,0.6,0.6,0.6,1.2,0.05,0.05,0.10,0.05,0.10,Matches
353,Josh Maja\bc0bfc64,ng NGA,FW,Bordeaux,23-046,1998,2,0,9,0.1,0,0,0,0,0,0,0,0.00,0.00,0.00,0.00,0.00,0.0,0.0,0.1,0.1,0.00,0.99,0.99,0.00,0.99,Matches
354,Abdul Majeed Waris\46907171,gh GHA,MFFW,Strasbourg,30-145,1991,14,2,322,3.6,2,0,2,0,0,1,0,0.56,0.00,0.56,0.56,0.56,1.2,1.2,0.6,1.8,0.33,0.17,0.49,0.33,0.49,Matches
355,Lovro Majer\fc46aab1,hr CRO,MF,Rennes,24-025,1998,15,8,771,8.6,1,6,1,0,0,1,0,0.12,0.70,0.82,0.12,0.82,2.2,2.2,3.9,6.1,0.25,0.46,0.71,0.25,0.71,Matches
356,Béni Makouana\654f49ca,cg CGO,FWMF,Montpellier,19-136,2002,14,0,176,2.0,0,0,0,0,0,2,0,0.00,0.00,0.00,0.00,0.00,0.2,0.2,0.2,0.4,0.10,0.11,0.21,0.10,0.21,Matches
357,Hianga Mananga Mbock\0f86995c,fr FRA,MF,Brest,22-045,1999,13,8,737,8.2,0,0,0,0,0,3,0,0.00,0.00,0.00,0.00,0.00,0.2,0.2,0.0,0.3,0.03,0.00,0.03,0.03,0.03,Matches
358,Vincent Manceau\c26a3918,fr FRA,DF,Angers,32-216,1989,20,20,1800,20.0,0,0,0,0,0,0,0,0.00,0.00,0.00,0.00,0.00,0.0,0.0,0.3,0.4,0.00,0.02,0.02,0.00,0.02,Matches
359,Steve Mandanda\1d2d5cc8,fr FRA,GK,Marseille,36-320,1985,4,4,360,4.0,0,0,0,0,0,0,0,0.00,0.00,0.00,0.00,0.00,0.0,0.0,0.0,0.0,0.00,0.00,0.00,0.00,0.00,Matches
360,Reinildo Mandava\c20bdcd7,mz MOZ,DF,Lille,28-021,1994,18,18,1524,16.9,1,0,1,0,0,7,0,0.06,0.00,0.06,0.06,0.06,0.7,0.7,0.2,0.8,0.04,0.01,0.05,0.04,0.05,Matches
361,Eliaquim Mangala\f520049f,fr FRA,DF,Saint-Étienne,30-363,1991,1,1,76,0.8,0,0,0,0,0,1,0,0.00,0.00,0.00,0.00,0.00,0.0,0.0,0.0,0.0,0.00,0.00,0.00,0.00,0.00,Matches
362,Thomas Mangani\c801616a,fr FRA,MF,Angers,34-288,1987,21,20,1670,18.6,6,2,1,5,5,4,0,0.32,0.11,0.43,0.05,0.16,4.2,0.4,0.9,1.3,0.23,0.05,0.27,0.02,0.07,Matches
363,Ricardo Mangas\eef2d8ce,pt POR,DF,Bordeaux,23-329,1998,19,19,1640,18.2,1,1,1,0,0,2,0,0.05,0.05,0.11,0.05,0.11,1.4,1.4,0.2,1.6,0.08,0.01,0.09,0.08,0.09,Matches
364,Myziane Maolida\706a60e1,fr FRA,MFFW,Nice,22-362,1999,1,0,34,0.4,0,0,0,0,0,0,0,0.00,0.00,0.00,0.00,0.00,0.1,0.1,0.0,0.1,0.17,0.00,0.17,0.17,0.17,Matches
365,Sekou Mara\3544641e,fr FRA,FWMF,Bordeaux,19-196,2002,13,4,424,4.7,1,0,1,0,0,1,0,0.21,0.00,0.21,0.21,0.21,1.2,1.2,0.0,1.2,0.26,0.00,0.26,0.26,0.26,Matches
366,Marcelo\e3d0b0c4,br BRA,DF,Lyon,34-267,1987,2,2,180,2.0,0,0,0,0,0,1,0,0.00,0.00,0.00,0.00,0.00,0.1,0.1,0.0,0.1,0.03,0.00,0.03,0.03,0.03,Matches
367,Guillermo Maripán\d9764034,cl CHI,DF,Monaco,27-281,1994,17,16,1364,15.2,0,0,0,0,0,5,0,0.00,0.00,0.00,0.00,0.00,0.6,0.6,0.5,1.1,0.04,0.03,0.07,0.04,0.07,Matches
368,Marquinhos\d5f2f82b,br BRA,DF,Paris S-G,27-273,1994,18,18,1620,18.0,3,0,3,0,0,2,0,0.17,0.00,0.17,0.17,0.17,2.2,2.2,0.2,2.4,0.12,0.01,0.13,0.12,0.13,Matches
369,Jonas Martin\468fdbad,fr FRA,MF,Rennes,31-308,1990,15,15,1231,13.7,1,1,1,0,0,6,0,0.07,0.07,0.15,0.07,0.15,0.7,0.7,1.0,1.8,0.05,0.07,0.13,0.05,0.13,Matches
370,Gelson Martins\3ef0fa48,pt POR,FWMF,Monaco,26-276,1995,22,18,1408,15.6,3,2,3,0,0,1,0,0.19,0.13,0.32,0.19,0.32,3.3,3.3,2.1,5.4,0.21,0.14,0.35,0.21,0.35,Matches
371,Pape Matar Sarr\feb5d972,sn SEN,MF,Metz,19-150,2002,18,13,1248,13.9,1,1,1,0,0,5,0,0.07,0.07,0.14,0.07,0.14,0.9,0.9,0.6,1.5,0.07,0.04,0.11,0.07,0.11,Matches
372,Eliot Matazo\15944afd,be BEL,MF,Monaco,19-361,2002,13,7,684,7.6,0,0,0,0,0,1,0,0.00,0.00,0.00,0.00,0.00,0.1,0.1,0.1,0.2,0.01,0.02,0.03,0.01,0.03,Matches
373,Chrislain Matsima\cf1ef7ec,fr FRA,DF,Monaco,19-272,2002,4,1,116,1.3,0,0,0,0,0,0,0,0.00,0.00,0.00,0.00,0.00,0.1,0.1,0.0,0.1,0.07,0.00,0.07,0.07,0.07,Matches
374,Azor Matusiwa\a17a94d6,nl NED,MF,Reims,23-289,1998,15,15,1242,13.8,1,1,1,0,0,5,0,0.07,0.07,0.14,0.07,0.14,0.2,0.2,0.6,0.8,0.01,0.04,0.06,0.01,0.06,Matches
375,Stephy Mavididi\30144daa,eng ENG,FWMF,Montpellier,23-256,1998,21,20,1693,18.8,8,3,8,0,0,3,0,0.43,0.16,0.58,0.43,0.58,5.4,5.4,2.8,8.1,0.28,0.15,0.43,0.28,0.43,Matches
376,Kylian Mbappé\42fd9c7f,fr FRA,FW,Paris S-G,23-053,1998,21,20,1772,19.7,11,10,9,2,2,5,0,0.56,0.51,1.07,0.46,0.97,12.9,11.3,5.9,17.2,0.65,0.30,0.95,0.58,0.87,Matches
377,Amadou Mbengue\14d2670e,sn SEN,DFMF,Metz,20-037,2002,8,4,488,5.4,0,0,0,0,0,4,0,0.00,0.00,0.00,0.00,0.00,0.0,0.0,0.0,0.0,0.00,0.00,0.00,0.00,0.00,Matches
378,Jason Mbock\890bc029,fr FRA,FW,Angers,22-102,1999,1,0,17,0.2,0,0,0,0,0,1,0,0.00,0.00,0.00,0.00,0.00,0.0,0.0,0.0,0.0,0.00,0.00,0.00,0.00,0.00,Matches
379,Moustapha Mbow\3f3a2cba,sn SEN,DF,Reims,21-340,2000,1,1,90,1.0,0,0,0,0,0,0,0,0.00,0.00,0.00,0.00,0.00,0.0,0.0,0.0,0.0,0.00,0.00,0.00,0.00,0.00,Matches
380,Nathanael Mbuku\46750e9c,fr FRA,FWMF,Reims,19-332,2002,20,13,952,10.6,1,1,1,0,0,0,0,0.09,0.09,0.19,0.09,0.19,1.4,1.4,0.7,2.1,0.13,0.06,0.20,0.13,0.20,Matches
381,Facundo Medina\6f5ec8bb,ar ARG,DF,Lens,22-259,1999,20,19,1620,18.0,1,0,1,0,0,8,0,0.06,0.00,0.06,0.06,0.06,1.1,1.1,0.1,1.2,0.06,0.01,0.07,0.06,0.07,Matches
382,Farid El Melali\d21e361a,dz ALG,FW,Angers,24-213,1997,2,0,14,0.2,0,0,0,0,0,0,0,0.00,0.00,0.00,0.00,0.00,0.0,0.0,0.0,0.0,0.12,0.00,0.12,0.12,0.12,Matches
383,Birger Meling\70c52749,no NOR,DF,Rennes,27-056,1994,18,14,1241,13.8,0,2,0,0,0,3,0,0.00,0.15,0.15,0.00,0.15,0.1,0.1,0.8,0.9,0.01,0.06,0.07,0.01,0.07,Matches
384,Houboulang Mendes\1545cf15,fr FRA,DF,Lorient,23-283,1998,22,22,1966,21.8,0,0,0,0,0,3,1,0.00,0.00,0.00,0.00,0.00,1.3,1.3,0.5,1.8,0.06,0.02,0.08,0.06,0.08,Matches
385,Nuno Mendes\f20e4cc9,pt POR,DF,Paris S-G,19-237,2002,14,10,915,10.2,0,1,0,0,0,2,0,0.00,0.10,0.10,0.00,0.10,0.1,0.1,1.8,1.9,0.01,0.18,0.19,0.01,0.19,Matches
386,Thiago Mendes\c6e5d20f,br BRA,MFDF,Lyon,29-333,1992,17,9,858,9.5,1,0,1,0,0,1,0,0.10,0.00,0.10,0.10,0.10,0.4,0.4,0.5,0.9,0.04,0.05,0.09,0.04,0.09,Matches
387,Arial Mendy\9f0f4b49,sn SEN,FWDF,Clermont Foot,27-096,1994,10,5,453,5.0,0,0,0,0,0,1,0,0.00,0.00,0.00,0.00,0.00,0.3,0.3,1.0,1.3,0.06,0.19,0.26,0.06,0.26,Matches
388,Batista Mendy\e472a6f6,fr FRA,MFDF,Angers,22-030,2000,19,16,1426,15.8,0,0,0,0,0,3,0,0.00,0.00,0.00,0.00,0.00,0.1,0.1,0.3,0.5,0.01,0.02,0.03,0.01,0.03,Matches
389,Gideon Mensah\9bdd8118,gh GHA,DF,Bordeaux,23-208,1998,11,5,498,5.5,0,1,0,0,0,0,0,0.00,0.18,0.18,0.00,0.18,0.0,0.0,0.7,0.8,0.01,0.13,0.14,0.01,0.14,Matches
390,Quentin Merlin\0bfca6a1,fr FRA,DF,Nantes,19-271,2002,14,9,851,9.5,0,1,0,0,0,0,0,0.00,0.11,0.11,0.00,0.11,0.1,0.1,1.1,1.2,0.01,0.12,0.13,0.01,0.13,Matches
391,Lionel Messi\d70ce98e,ar ARG,FWMF,Paris S-G,34-232,1987,13,11,983,10.9,2,6,2,0,0,0,0,0.18,0.55,0.73,0.18,0.73,5.6,5.6,4.1,9.7,0.52,0.37,0.89,0.52,0.89,Matches
392,Mexer\ce492295,mz MOZ,DF,Bordeaux,33-156,1988,16,14,1227,13.6,1,0,1,0,0,2,0,0.07,0.00,0.07,0.07,0.07,0.4,0.4,0.0,0.4,0.03,0.00,0.03,0.03,0.03,Matches
393,Edouard Michut\fe6c1add,fr FRA,MF,Paris S-G,18-344,2003,2,0,23,0.3,0,1,0,0,0,0,0,0.00,3.91,3.91,0.00,3.91,0.0,0.0,0.1,0.1,0.00,0.47,0.47,0.00,0.47,Matches
394,Georges Mikautadze\4788cb6b,ge GEO,FW,Metz,21-103,2000,1,0,1,0.0,0,0,0,0,0,0,0,0.00,0.00,0.00,0.00,0.00,0.2,0.2,0.0,0.2,13.93,0.00,13.93,13.93,13.93,Matches
395,William Mikelbrencis\14df1d7f,fr FRA,DF,Metz,17-351,2004,1,1,60,0.7,0,0,0,0,0,0,0,0.00,0.00,0.00,0.00,0.00,0.0,0.0,0.0,0.0,0.04,0.00,0.04,0.04,0.04,Matches
396,Arkadiusz Milik\85613cf0,pl POL,FW,Marseille,27-348,1994,13,8,788,8.8,4,0,4,0,0,0,0,0.46,0.00,0.46,0.46,0.46,4.4,4.4,1.4,5.8,0.51,0.15,0.66,0.51,0.66,Matches
397,Terem Moffi\065dc209,ng NGA,FW,Lorient,22-262,1999,22,21,1760,19.6,3,3,2,1,1,0,0,0.15,0.15,0.31,0.10,0.26,7.9,7.2,2.5,9.7,0.41,0.13,0.53,0.37,0.49,Matches
398,Dion Moise Sahi\cdc4458b,ci CIV,FWMF,Strasbourg,20-053,2001,6,0,100,1.1,0,0,0,0,0,0,0,0.00,0.00,0.00,0.00,0.00,0.8,0.8,0.1,0.9,0.71,0.11,0.83,0.71,0.83,Matches
399,Florent Mollet\7e82a78f,fr FRA,FWMF,Montpellier,30-084,1991,20,19,1585,17.6,5,2,5,0,0,5,0,0.28,0.11,0.40,0.28,0.40,3.7,3.7,1.8,5.5,0.21,0.10,0.32,0.21,0.32,Matches
400,Thomas Monconduit\84d94b91,fr FRA,MF,Lorient,31-001,1991,20,15,1285,14.3,3,2,3,0,0,2,0,0.21,0.14,0.35,0.21,0.35,0.8,0.8,2.3,3.1,0.06,0.16,0.22,0.06,0.22,Matches
401,Jérémy Morel\e97150c0,mg MAD,DF,Lorient,37-315,1984,4,3,315,3.5,0,0,0,0,0,0,0,0.00,0.00,0.00,0.00,0.00,0.0,0.0,0.1,0.2,0.01,0.04,0.05,0.01,0.05,Matches
402,Lebo Mothiba\3eaf8817,za RSA,FW,Troyes,26-014,1996,1,0,45,0.5,0,0,0,0,0,0,0,0.00,0.00,0.00,0.00,0.00,0.0,0.0,0.0,0.0,0.00,0.08,0.08,0.00,0.08,Matches
403,Lebo Mothiba\3eaf8817,za RSA,FW,Strasbourg,26-014,1996,1,0,1,0.0,0,0,0,0,0,0,0,0.00,0.00,0.00,0.00,0.00,0.0,0.0,0.0,0.0,0.00,0.00,0.00,0.00,0.00,Matches
404,Baptiste Mouazan\81ac108d,fr FRA,MF,Lorient,20-137,2001,3,1,96,1.1,0,0,0,0,0,0,0,0.00,0.00,0.00,0.00,0.00,0.1,0.1,0.0,0.1,0.06,0.00,0.06,0.06,0.06,Matches
405,Aimen Moueffek\2591b066,fr FRA,MF,Saint-Étienne,20-308,2001,9,4,373,4.1,0,0,0,0,0,1,0,0.00,0.00,0.00,0.00,0.00,0.1,0.1,0.1,0.2,0.03,0.02,0.05,0.03,0.05,Matches
406,Harold Moukoudi\5f26e0c5,cm CMR,DF,Saint-Étienne,24-076,1997,14,13,1100,12.2,0,0,0,0,0,1,0,0.00,0.00,0.00,0.00,0.00,0.8,0.8,0.1,0.9,0.07,0.00,0.07,0.07,0.07,Matches
407,Steve Mounié\19ba6c6d,bj BEN,FW,Brest,27-135,1994,19,17,1529,17.0,5,1,4,1,1,2,0,0.29,0.06,0.35,0.24,0.29,8.0,7.2,0.8,8.1,0.46,0.05,0.50,0.41,0.46,Matches
408,Samuel Moutoussamy\af0c835b,cd COD,MF,Nantes,25-183,1996,21,9,902,10.0,0,1,0,0,0,3,0,0.00,0.10,0.10,0.00,0.10,1.0,1.0,0.2,1.2,0.10,0.02,0.12,0.10,0.12,Matches
409,Marshall Munetsi\2acf0cd7,zw ZIM,MF,Reims,25-234,1996,11,8,825,9.2,3,0,3,0,0,3,0,0.33,0.00,0.33,0.33,0.33,1.9,1.9,0.1,1.9,0.20,0.01,0.21,0.20,0.21,Matches
410,Kévin N'Doram\e50623a0,fr FRA,MFDF,Metz,26-020,1996,9,9,664,7.4,0,0,0,0,0,3,0,0.00,0.00,0.00,0.00,0.00,0.7,0.7,0.1,0.8,0.09,0.02,0.11,0.09,0.11,Matches
411,Vital N'Simba\249ac66d,cd COD,DF,Clermont Foot,28-218,1993,23,21,1866,20.7,1,2,1,0,0,2,0,0.05,0.10,0.14,0.05,0.14,0.5,0.5,2.4,3.0,0.03,0.12,0.14,0.03,0.14,Matches
412,Mickael Nade\a6b6fa6e,fr FRA,DF,Saint-Étienne,22-344,1999,16,15,1338,14.9,1,0,1,0,0,2,0,0.07,0.00,0.07,0.07,0.07,1.0,1.0,0.1,1.1,0.07,0.01,0.07,0.07,0.07,Matches
413,Paul Nardi\2d70dbe5,fr FRA,GK,Lorient,27-269,1994,22,22,1980,22.0,0,0,0,0,0,1,0,0.00,0.00,0.00,0.00,0.00,0.0,0.0,0.0,0.0,0.00,0.00,0.00,0.00,0.00,Matches
414,Keylor Navas\ecada4fc,cr CRC,GK,Paris S-G,35-058,1986,13,13,1144,12.7,0,0,0,0,0,0,1,0.00,0.00,0.00,0.00,0.00,0.0,0.0,0.0,0.0,0.00,0.00,0.00,0.00,0.00,Matches
415,Papa Ndiaga Yade\87e9c7cd,sn SEN,DFMF,Metz,22-037,2000,11,4,495,5.5,0,0,0,0,0,3,0,0.00,0.00,0.00,0.00,0.00,0.2,0.2,0.7,0.9,0.03,0.13,0.16,0.03,0.16,Matches
416,Tanguy Ndombele\5cdddffa,fr FRA,MF,Lyon,25-045,1996,1,0,45,0.5,0,0,0,0,0,0,0,0.00,0.00,0.00,0.00,0.00,0.0,0.0,0.0,0.0,0.00,0.04,0.04,0.00,0.04,Matches
417,Dan Ndoye\8e697a8f,ch SUI,FWMF,Nice,21-109,2000,3,2,205,2.3,0,1,0,0,0,0,0,0.00,0.44,0.44,0.00,0.44,0.1,0.1,0.6,0.7,0.06,0.25,0.31,0.06,0.31,Matches
418,Neymar\69384e5d,br BRA,FWMF,Paris S-G,30-006,1992,10,10,826,9.2,3,3,2,1,1,2,0,0.33,0.33,0.65,0.22,0.54,3.1,2.4,3.2,5.6,0.34,0.35,0.69,0.26,0.61,Matches
419,Yvan Neyou\0ad37003,cm CMR,MF,Saint-Étienne,25-039,1997,13,12,893,9.9,0,0,0,0,0,1,0,0.00,0.00,0.00,0.00,0.00,0.2,0.2,0.2,0.4,0.02,0.02,0.04,0.02,0.04,Matches
420,Opa Nguette\75a63397,sn SEN,FWMF,Metz,27-218,1994,16,9,807,9.0,2,2,2,0,0,0,0,0.22,0.22,0.45,0.22,0.45,2.0,2.0,0.3,2.3,0.22,0.03,0.25,0.22,0.25,Matches
421,Sikou Niakaté\8eef18aa,fr FRA,DF,Metz,22-216,1999,7,5,376,4.2,0,0,0,0,0,1,0,0.00,0.00,0.00,0.00,0.00,0.1,0.1,0.1,0.2,0.03,0.01,0.04,0.03,0.04,Matches
422,Ibrahima Niane\46faabfa,sn SEN,FW,Metz,22-337,1999,21,18,1352,15.0,3,1,2,1,1,2,0,0.20,0.07,0.27,0.13,0.20,4.2,3.4,1.3,4.7,0.28,0.08,0.36,0.23,0.31,Matches
423,M'Baye Niang\2054d037,sn SEN,FW,Bordeaux,27-054,1994,11,1,242,2.7,1,0,1,0,0,2,0,0.37,0.00,0.37,0.37,0.37,1.2,1.2,0.4,1.6,0.43,0.16,0.60,0.43,0.60,Matches
424,Cheikh Niasse\ff20acfe,sn SEN,MFFW,Lille,22-023,2000,4,0,44,0.5,0,0,0,0,0,1,0,0.00,0.00,0.00,0.00,0.00,0.0,0.0,0.0,0.0,0.00,0.00,0.00,0.00,0.00,Matches
425,Casimir Ninga\91f2da4c,td CHA,FW,Angers,28-270,1993,10,3,289,3.2,0,0,0,0,0,1,0,0.00,0.00,0.00,0.00,0.00,0.8,0.8,0.0,0.8,0.25,0.01,0.26,0.25,0.26,Matches
426,Arnaud Nordin\7b9a9e25,fr FRA,MFFW,Saint-Étienne,23-239,1998,21,11,1077,12.0,2,4,2,0,0,2,0,0.17,0.33,0.50,0.17,0.50,2.6,2.6,3.1,5.7,0.22,0.26,0.47,0.22,0.47,Matches
427,Alexander Nübel\afb0c500,de GER,GK,Monaco,25-134,1996,23,23,2070,23.0,0,0,0,0,0,1,0,0.00,0.00,0.00,0.00,0.00,0.0,0.0,0.0,0.0,0.00,0.00,0.00,0.00,0.00,Matches
428,Gerzino Nyamsi\6043997c,fr FRA,DF,Strasbourg,25-020,1997,19,18,1634,18.2,0,1,0,0,0,3,0,0.00,0.06,0.06,0.00,0.06,1.1,1.1,0.2,1.3,0.06,0.01,0.07,0.06,0.07,Matches
429,Florent Ogier\6993927b,fr FRA,DF,Clermont Foot,32-327,1989,20,20,1646,18.3,1,0,1,0,0,3,0,0.05,0.00,0.05,0.05,0.05,0.3,0.3,0.2,0.5,0.02,0.01,0.03,0.02,0.03,Matches
430,Warmed Omari\4534a352,fr FRA,DF,Rennes,21-294,2000,19,16,1453,16.1,0,0,0,0,0,3,0,0.00,0.00,0.00,0.00,0.00,0.3,0.3,0.1,0.5,0.02,0.01,0.03,0.02,0.03,Matches
431,Jonas Omlin\c631f952,ch SUI,GK,Montpellier,28-032,1994,18,18,1598,17.8,0,0,0,0,0,0,0,0.00,0.00,0.00,0.00,0.00,0.0,0.0,0.0,0.0,0.00,0.00,0.00,0.00,0.00,Matches
432,Amadou Onana\828657ff,be BEL,MF,Lille,20-179,2001,19,6,706,7.8,0,0,0,0,0,2,1,0.00,0.00,0.00,0.00,0.00,0.3,0.3,0.3,0.6,0.04,0.04,0.08,0.04,0.08,Matches
433,Jean Onana\b5bb8188,cm CMR,MF,Bordeaux,22-034,2000,11,11,869,9.7,2,1,2,0,0,2,1,0.21,0.10,0.31,0.21,0.31,0.4,0.4,0.9,1.3,0.04,0.09,0.14,0.04,0.14,Matches
434,Otávio\243f4a0b,br BRA,MF,Bordeaux,27-283,1994,16,13,1147,12.7,0,0,0,0,0,3,0,0.00,0.00,0.00,0.00,0.00,0.3,0.3,0.1,0.5,0.03,0.01,0.04,0.03,0.04,Matches
435,Dango Ouattara\2f9e4435,bf BFA,FWMF,Lorient,20-000,2002,11,3,329,3.7,0,0,0,0,0,2,0,0.00,0.00,0.00,0.00,0.00,0.5,0.5,0.1,0.6,0.13,0.03,0.16,0.13,0.16,Matches
436,Remi Oudin\ea02beaf,fr FRA,MFFW,Bordeaux,25-085,1996,20,14,1181,13.1,3,5,3,0,0,2,0,0.23,0.38,0.61,0.23,0.61,2.2,2.2,2.5,4.6,0.16,0.19,0.35,0.16,0.35,Matches
437,Alexandre Oukidja\ae7d0ecd,dz ALG,GK,Metz,33-207,1988,18,18,1617,18.0,0,0,0,0,0,2,0,0.00,0.00,0.00,0.00,0.00,0.0,0.0,0.0,0.0,0.00,0.00,0.00,0.00,0.00,Matches
438,Azzedine Ounahi\83299cc0,ma MAR,MF,Angers,21-298,2000,18,9,953,10.6,2,0,2,0,0,2,0,0.19,0.00,0.19,0.19,0.19,1.6,1.6,0.9,2.5,0.14,0.08,0.21,0.14,0.21,Matches
439,Ambroise Oyongo\e3e05edf,cm CMR,DF,Montpellier,30-234,1991,1,0,20,0.2,0,0,0,0,0,0,0,0.00,0.00,0.00,0.00,0.00,0.0,0.0,0.0,0.0,0.00,0.00,0.00,0.00,0.00,Matches
440,Vincent Pajot\f86ca403,fr FRA,MF,Metz,31-176,1990,20,18,1492,16.6,0,0,0,0,0,4,0,0.00,0.00,0.00,0.00,0.00,0.3,0.3,0.1,0.4,0.02,0.01,0.03,0.02,0.03,Matches
441,Nicolas Pallois\779847d6,fr FRA,DF,Nantes,34-145,1987,20,19,1644,18.3,0,0,0,0,0,6,1,0.00,0.00,0.00,0.00,0.00,0.2,0.2,0.0,0.2,0.01,0.00,0.01,0.01,0.01,Matches
442,Erik Palmer-Brown\e5c1e0ca,us USA,DF,Troyes,24-293,1997,6,5,444,4.9,0,0,0,0,0,0,0,0.00,0.00,0.00,0.00,0.00,0.1,0.1,0.0,0.1,0.01,0.00,0.01,0.01,0.01,Matches
443,Emerson Palmieri\e0bc6fdc,it ITA,DF,Lyon,27-192,1994,18,17,1467,16.3,1,1,1,0,0,2,1,0.06,0.06,0.12,0.06,0.12,0.8,0.8,1.7,2.5,0.05,0.11,0.16,0.05,0.16,Matches
444,Lucas Paquetá\9b6f7fd5,br BRA,FWMF,Lyon,24-168,1997,21,18,1537,17.1,7,3,6,1,1,3,0,0.41,0.18,0.59,0.35,0.53,8.2,7.5,2.8,10.3,0.48,0.16,0.64,0.44,0.60,Matches
445,Rubén Pardo\2306bfde,es ESP,MF,Bordeaux,29-112,1992,1,0,6,0.1,0,0,0,0,0,0,0,0.00,0.00,0.00,0.00,0.00,0.0,0.0,0.0,0.0,0.00,0.00,0.00,0.00,0.00,Matches
446,Leandro Paredes\dff153a4,ar ARG,MF,Paris S-G,27-227,1994,11,6,556,6.2,0,2,0,0,0,2,0,0.00,0.32,0.32,0.00,0.32,0.1,0.1,0.1,0.1,0.01,0.01,0.02,0.01,0.02,Matches
447,Strahinja Pavlović\25146df0,rs SRB,DF,Monaco,20-263,2001,7,5,451,5.0,0,0,0,0,0,4,1,0.00,0.00,0.00,0.00,0.00,0.5,0.5,0.0,0.5,0.09,0.00,0.09,0.09,0.09,Matches
448,Dimitri Payet\58ae47b2,fr FRA,FWMF,Marseille,34-319,1987,20,19,1734,19.3,8,9,5,3,3,1,0,0.42,0.47,0.88,0.26,0.73,5.6,3.3,8.0,11.3,0.29,0.42,0.71,0.17,0.59,Matches
449,Timothee Pembele\f8ce97ca,fr FRA,DF,Bordeaux,19-155,2002,22,14,1226,13.6,1,1,1,0,0,2,0,0.07,0.07,0.15,0.07,0.15,0.9,0.9,2.0,2.9,0.06,0.15,0.21,0.06,0.21,Matches
450,Mathias Pereira Lage\8846a40f,pt POR,DF,Angers,25-073,1996,15,3,399,4.4,1,1,1,0,0,0,0,0.23,0.23,0.45,0.23,0.45,0.4,0.4,0.6,1.0,0.09,0.14,0.23,0.09,0.23,Matches
451,Brayann Pereira\5c42e7ce,fr FRA,DF,Lens,18-266,2003,1,0,8,0.1,0,0,0,0,0,0,0,0.00,0.00,0.00,0.00,0.00,0.0,0.0,0.0,0.0,0.00,0.00,0.00,0.00,0.00,Matches
452,Danilo Pereira\8fd9996f,pt POR,MF,Paris S-G,30-155,1991,15,11,1063,11.8,4,0,4,0,0,2,0,0.34,0.00,0.34,0.34,0.34,2.1,2.1,0.0,2.1,0.18,0.00,0.18,0.18,0.18,Matches
453,Luan Peres Petroni\a5549ec1,br BRA,DF,Marseille,27-207,1994,23,20,1866,20.7,0,1,0,0,0,2,0,0.00,0.05,0.05,0.00,0.05,0.1,0.1,1.1,1.2,0.00,0.05,0.06,0.00,0.06,Matches
454,Lucas Perrin\49070d66,fr FRA,DF,Strasbourg,23-084,1998,19,17,1446,16.1,0,0,0,0,0,1,0,0.00,0.00,0.00,0.00,0.00,0.2,0.2,0.6,0.7,0.01,0.04,0.05,0.01,0.05,Matches
455,Danijel Petković\b98cea65,me MNE,GK,Angers,28-262,1993,10,10,900,10.0,0,0,0,0,0,1,0,0.00,0.00,0.00,0.00,0.00,0.0,0.0,0.0,0.0,0.00,0.00,0.00,0.00,0.00,Matches
456,Léo Pétrot\00638016,fr FRA,DF,Lorient,24-302,1997,9,9,753,8.4,0,0,0,0,0,0,0,0.00,0.00,0.00,0.00,0.00,0.2,0.2,0.0,0.2,0.02,0.00,0.02,0.02,0.02,Matches
457,Romain Philippoteaux\f98b15f0,fr FRA,MF,Brest,33-346,1988,1,0,24,0.3,0,0,0,0,0,0,0,0.00,0.00,0.00,0.00,0.00,0.0,0.0,0.0,0.0,0.00,0.00,0.00,0.00,0.00,Matches
458,Jérôme Phojo\ff44d058,fr FRA,DF,Clermont Foot,28-302,1993,1,0,6,0.1,0,0,0,0,0,0,0,0.00,0.00,0.00,0.00,0.00,0.0,0.0,0.0,0.0,0.00,0.00,0.00,0.00,0.00,Matches
459,Ronaël Pierre-Gabriel\64ba07c0,fr FRA,DF,Brest,23-243,1998,21,21,1835,20.4,0,1,0,0,0,5,0,0.00,0.05,0.05,0.00,0.05,0.5,0.5,0.7,1.2,0.03,0.03,0.06,0.03,0.06,Matches
460,Julian Pollersbeck\d6f6ce93,de GER,GK,Lyon,27-179,1994,2,1,105,1.2,0,0,0,0,0,0,0,0.00,0.00,0.00,0.00,0.00,0.0,0.0,0.0,0.0,0.00,0.00,0.00,0.00,0.00,Matches
461,Gaëtan Poussin\c252c705,fr FRA,GK,Bordeaux,23-029,1999,2,2,180,2.0,0,0,0,0,0,1,0,0.00,0.00,0.00,0.00,0.00,0.0,0.0,0.0,0.0,0.00,0.00,0.00,0.00,0.00,Matches
462,Sanjin Prcić\51c30111,ba BIH,MF,Strasbourg,28-083,1993,19,16,1295,14.4,1,0,1,0,0,2,0,0.07,0.00,0.07,0.07,0.07,0.8,0.8,1.6,2.3,0.05,0.11,0.16,0.05,0.16,Matches
463,Nicolas de Préville\b0547a87,fr FRA,FWMF,Metz,31-034,1991,15,13,1068,11.9,4,1,4,0,0,2,0,0.34,0.08,0.42,0.34,0.42,1.5,1.5,0.7,2.2,0.13,0.06,0.19,0.13,0.19,Matches
464,Nemanja Radonjić\0630eb63,rs SRB,MF,Marseille,25-361,1996,1,0,18,0.2,0,0,0,0,0,0,0,0.00,0.00,0.00,0.00,0.00,0.0,0.0,0.2,0.2,0.00,0.89,0.89,0.00,0.89,Matches
465,Rafinha\0c2ac3cb,br BRA,FWMF,Paris S-G,28-364,1993,5,3,220,2.4,0,0,0,0,0,0,0,0.00,0.00,0.00,0.00,0.00,0.4,0.4,0.1,0.5,0.16,0.05,0.21,0.16,0.21,Matches
466,Predrag Rajković\58ad9383,rs SRB,GK,Reims,26-103,1995,23,23,2070,23.0,0,0,0,0,0,2,0,0.00,0.00,0.00,0.00,0.00,0.0,0.0,0.0,0.0,0.00,0.00,0.00,0.00,0.00,Matches
467,Adil Rami\8dbff17c,fr FRA,DF,Troyes,36-046,1985,10,9,802,8.9,2,0,2,0,0,0,0,0.22,0.00,0.22,0.22,0.22,0.7,0.7,0.0,0.7,0.08,0.00,0.08,0.08,0.08,Matches
468,Sergio Ramos\08511d65,es ESP,DF,Paris S-G,35-318,1986,4,2,239,2.7,1,0,1,0,0,2,1,0.38,0.00,0.38,0.38,0.38,0.9,0.9,0.0,0.9,0.33,0.00,0.33,0.33,0.33,Matches
469,Elba Rashani\25749008,xk KVX,FW,Clermont Foot,28-278,1993,19,14,1187,13.2,5,3,5,0,0,2,0,0.38,0.23,0.61,0.38,0.61,2.6,2.6,2.5,5.0,0.20,0.19,0.38,0.20,0.38,Matches
470,Tiago Ribeiro\507d7569,pt POR,FW,Monaco,19-334,2002,1,0,2,0.0,0,0,0,0,0,0,0,0.00,0.00,0.00,0.00,0.00,0.0,0.0,0.0,0.0,0.00,0.00,0.00,0.00,0.00,Matches
471,Sergio Rico\5f0241b2,es ESP,GK,Paris S-G,28-163,1993,1,0,23,0.3,0,0,0,0,0,0,0,0.00,0.00,0.00,0.00,0.00,0.0,0.0,0.0,0.0,0.00,0.00,0.00,0.00,0.00,Matches
472,Renaud Ripart\beae3a73,fr FRA,FWDF,Troyes,28-334,1993,18,15,1294,14.4,1,1,1,0,0,0,0,0.07,0.07,0.14,0.07,0.14,2.1,2.1,1.2,3.3,0.14,0.08,0.23,0.14,0.23,Matches
473,Mihailo Ristić\ea0aa7e0,rs SRB,DF,Montpellier,26-103,1995,22,14,1360,15.1,1,2,1,0,0,2,0,0.07,0.13,0.20,0.07,0.20,0.4,0.4,1.7,2.1,0.03,0.11,0.14,0.03,0.14,Matches
474,Maxence Rivera\46a7b605,fr FRA,FW,Saint-Étienne,19-257,2002,1,0,5,0.1,0,0,0,0,0,0,0,0.00,0.00,0.00,0.00,0.00,0.0,0.0,0.0,0.0,0.00,0.00,0.00,0.00,0.00,Matches
475,Patrick Roberts\59d93937,eng ENG,DF,Troyes,25-006,1997,1,0,14,0.2,0,0,0,0,0,0,0,0.00,0.00,0.00,0.00,0.00,0.2,0.2,0.0,0.2,1.19,0.00,1.19,1.19,1.19,Matches
476,Stian Rode Gregersen\5f011e05,no NOR,DF,Bordeaux,26-270,1995,16,14,1271,14.1,1,0,1,0,0,4,0,0.07,0.00,0.07,0.07,0.07,1.4,1.4,0.0,1.4,0.10,0.00,0.10,0.10,0.10,Matches
477,Gerson Rodrigues\3814b753,lu LUX,FW,Troyes,26-236,1995,12,9,848,9.4,1,1,1,0,0,6,0,0.11,0.11,0.21,0.11,0.21,2.7,2.7,0.2,2.9,0.28,0.03,0.31,0.28,0.31,Matches
478,Valentin Rongier\ed45c4a5,fr FRA,MFDF,Marseille,27-066,1994,18,14,1256,14.0,0,1,0,0,0,2,0,0.00,0.07,0.07,0.00,0.07,1.8,1.8,0.7,2.4,0.13,0.05,0.17,0.13,0.17,Matches
479,Pablo Rosario\1a6b7ea4,nl NED,MF,Nice,25-035,1997,21,18,1580,17.6,0,2,0,0,0,6,0,0.00,0.11,0.11,0.00,0.11,1.0,1.0,0.5,1.5,0.05,0.03,0.08,0.05,0.08,Matches
480,Roli Pereira de Sa\60f58477,fr FRA,MF,Nantes,25-063,1996,12,4,441,4.9,0,0,0,0,0,0,0,0.00,0.00,0.00,0.00,0.00,0.4,0.4,0.5,0.9,0.08,0.09,0.18,0.08,0.18,Matches
481,Mathys Saban\7d9f3d69,fr FRA,FWMF,Saint-Étienne,19-272,2002,3,0,73,0.8,0,0,0,0,0,1,0,0.00,0.00,0.00,0.00,0.00,0.0,0.0,0.0,0.0,0.00,0.00,0.00,0.00,0.00,Matches
482,Falaye Sacko\6388e356,ml MLI,DF,Saint-Étienne,26-286,1995,1,1,90,1.0,0,0,0,0,0,0,0,0.00,0.00,0.00,0.00,0.00,0.0,0.0,0.0,0.0,0.00,0.00,0.00,0.00,0.00,Matches
483,Rafiki Said Ahamada\c2e5f306,fr FRA,MFFW,Brest,21-333,2000,9,0,63,0.7,0,0,0,0,0,0,0,0.00,0.00,0.00,0.00,0.00,0.3,0.3,0.0,0.3,0.37,0.00,0.37,0.37,0.37,Matches
484,Wesley Saïd\90fcf472,fr FRA,FWMF,Lens,26-298,1995,13,7,538,6.0,5,0,5,0,0,2,0,0.84,0.00,0.84,0.84,0.84,3.7,3.7,0.6,4.3,0.62,0.10,0.73,0.62,0.73,Matches
485,Mamadou Sakho\87935cf3,fr FRA,DF,Montpellier,31-363,1990,19,19,1693,18.8,0,0,0,0,0,2,0,0.00,0.00,0.00,0.00,0.00,0.0,0.0,0.1,0.1,0.00,0.00,0.00,0.00,0.00,Matches
486,Bakary Sako\381d7d54,ml MLI,FWMF,Saint-Étienne,33-291,1988,2,1,83,0.9,0,0,0,0,0,0,0,0.00,0.00,0.00,0.00,0.00,0.1,0.1,0.0,0.1,0.11,0.05,0.16,0.11,0.16,Matches
487,William Saliba\972aeb2a,fr FRA,DF,Marseille,20-324,2001,22,22,1980,22.0,0,0,0,0,0,2,0,0.00,0.00,0.00,0.00,0.00,1.2,1.2,0.6,1.8,0.05,0.03,0.08,0.05,0.08,Matches
488,Romain Salin\74733221,fr FRA,GK,Rennes,37-197,1984,1,1,90,1.0,0,0,0,0,0,0,0,0.00,0.00,0.00,0.00,0.00,0.0,0.0,0.0,0.0,0.00,0.00,0.00,0.00,0.00,Matches
489,Yoann Salmier\c3725db2,gf GUF,DF,Troyes,29-082,1992,20,20,1785,19.8,0,0,0,0,0,4,0,0.00,0.00,0.00,0.00,0.00,0.2,0.2,0.3,0.4,0.01,0.01,0.02,0.01,0.02,Matches
490,Mama Samba Baldé\fb14aa28,gw GNB,FWMF,Troyes,26-097,1995,19,15,1233,13.7,3,1,3,0,0,0,0,0.22,0.07,0.29,0.22,0.29,3.9,3.9,1.0,4.9,0.28,0.07,0.36,0.28,0.36,Matches
491,Junior Sambia\24eb7ed6,fr FRA,DFFW,Montpellier,25-157,1996,20,12,1107,12.3,1,0,1,0,0,5,1,0.08,0.00,0.08,0.08,0.08,1.1,1.1,0.4,1.4,0.09,0.03,0.12,0.09,0.12,Matches
492,Renato Sanches\032f894e,pt POR,MF,Lille,24-177,1997,14,11,934,10.4,1,3,1,0,0,4,0,0.10,0.29,0.39,0.10,0.39,0.3,0.3,2.2,2.4,0.03,0.21,0.23,0.03,0.23,Matches
493,Philippe Sandler\60740e70,nl NED,DF,Troyes,25-001,1997,2,1,70,0.8,0,0,0,0,0,0,0,0.00,0.00,0.00,0.00,0.00,0.0,0.0,0.0,0.0,0.00,0.00,0.00,0.00,0.00,Matches
494,Baptiste Santamaria\5e22e2a4,fr FRA,MF,Rennes,26-339,1995,19,13,1172,13.0,1,1,1,0,0,5,0,0.08,0.08,0.15,0.08,0.15,0.7,0.7,0.7,1.4,0.06,0.05,0.11,0.06,0.11,Matches
495,Pablo Sarabia\9744ff80,es ESP,FW,Paris S-G,29-276,1992,2,0,22,0.2,1,0,1,0,0,1,0,4.09,0.00,4.09,4.09,4.09,0.8,0.8,0.0,0.8,3.27,0.00,3.27,3.27,3.27,Matches
496,Martin Satriano\86383d0e,it ITA,FW,Brest,20-356,2001,2,0,32,0.4,0,0,0,0,0,0,0,0.00,0.00,0.00,0.00,0.00,0.0,0.0,0.0,0.0,0.00,0.00,0.00,0.00,0.00,Matches
497,Téji Savanier\6bde367b,fr FRA,MF,Montpellier,30-051,1991,18,18,1525,16.9,5,6,4,1,1,7,2,0.30,0.35,0.65,0.24,0.59,3.3,2.6,2.9,5.5,0.20,0.17,0.37,0.15,0.32,Matches
498,Morgan Schneiderlin\51b41c5c,fr FRA,MF,Nice,32-095,1989,10,2,226,2.5,0,1,0,0,0,0,1,0.00,0.40,0.40,0.00,0.40,0.2,0.2,0.1,0.3,0.09,0.04,0.13,0.09,0.13,Matches
499,Alidu Seidu\cea59f02,ci CIV,DFFW,Clermont Foot,21-252,2000,9,5,422,4.7,0,0,0,0,0,0,1,0.00,0.00,0.00,0.00,0.00,0.5,0.5,0.1,0.6,0.12,0.02,0.14,0.12,0.14,Matches
500,Matz Sels\834b5c4c,be BEL,GK,Strasbourg,29-350,1992,22,22,1980,22.0,0,0,0,0,0,1,0,0.00,0.00,0.00,0.00,0.00,0.1,0.1,0.0,0.1,0.00,0.00,0.00,0.00,0.00,Matches
501,Xherdan Shaqiri\6421ec64,ch SUI,FWMF,Lyon,30-124,1991,11,9,679,7.5,2,3,2,0,0,0,0,0.27,0.40,0.66,0.27,0.66,0.6,0.6,2.4,3.0,0.08,0.31,0.40,0.08,0.40,Matches
502,Mahame Siby\6d075c67,ml MLI,MFDF,Strasbourg,25-219,1996,2,0,17,0.2,0,0,0,0,0,0,0,0.00,0.00,0.00,0.00,0.00,0.0,0.0,0.0,0.0,0.00,0.00,0.00,0.00,0.00,Matches
503,Aboubakar Sidibé\ae5b93a0,fr FRA,FW,Clermont Foot,25-284,1996,1,0,6,0.1,0,0,0,0,0,0,0,0.00,0.00,0.00,0.00,0.00,0.0,0.0,0.0,0.0,0.00,0.00,0.00,0.00,0.00,Matches
504,Djibril Sidibé\4c5b714f,fr FRA,DF,Monaco,29-197,1992,12,9,735,8.2,0,0,0,0,0,4,0,0.00,0.00,0.00,0.00,0.00,0.1,0.1,0.9,1.0,0.01,0.11,0.12,0.01,0.12,Matches
505,Kaj Sierhuis\9c2b1f11,nl NED,FW,Reims,23-290,1998,2,1,80,0.9,0,0,0,0,0,0,0,0.00,0.00,0.00,0.00,0.00,0.1,0.1,0.1,0.2,0.10,0.11,0.21,0.10,0.21,Matches
506,Caio Henrique Oliveira Silva\30af8b93,br BRA,DF,Monaco,24-195,1997,21,18,1508,16.8,1,5,1,0,0,2,0,0.06,0.30,0.36,0.06,0.36,0.8,0.8,3.6,4.4,0.05,0.22,0.26,0.05,0.26,Matches
507,Gabriel Silva\4914ed4a,br BRA,DF,Saint-Étienne,30-274,1991,6,5,405,4.5,0,0,0,0,0,1,0,0.00,0.00,0.00,0.00,0.00,0.0,0.0,0.0,0.1,0.01,0.01,0.02,0.01,0.02,Matches
508,Moses Simon\5f3eaaf5,ng NGA,FWMF,Nantes,26-214,1995,19,18,1487,16.5,2,6,2,0,0,2,0,0.12,0.36,0.48,0.12,0.48,2.5,2.5,4.9,7.4,0.15,0.30,0.45,0.15,0.45,Matches
509,Xavi Simons\da4d670f,nl NED,MFFW,Paris S-G,18-296,2003,3,0,39,0.4,0,0,0,0,0,0,0,0.00,0.00,0.00,0.00,0.00,0.0,0.0,0.1,0.1,0.00,0.29,0.29,0.00,0.29,Matches
510,Issouf Sissokho\792a9d41,ml MLI,MF,Bordeaux,20-012,2002,7,6,436,4.8,0,0,0,0,0,3,1,0.00,0.00,0.00,0.00,0.00,0.1,0.1,0.4,0.5,0.03,0.07,0.10,0.03,0.10,Matches
511,Ibrahima Sissoko\0f8418aa,fr FRA,MFDF,Strasbourg,24-107,1997,20,18,1540,17.1,1,5,1,0,0,3,0,0.06,0.29,0.35,0.06,0.35,1.8,1.8,3.8,5.6,0.11,0.22,0.33,0.11,0.33,Matches
512,Nelson Sissoko\12bd0579,fr FRA,DF,Saint-Étienne,24-341,1997,1,1,45,0.5,0,0,0,0,0,1,0,0.00,0.00,0.00,0.00,0.00,0.0,0.0,0.0,0.0,0.00,0.00,0.00,0.00,0.00,Matches
513,Sambou Sissoko\e4bb1f08,fr FRA,MF,Reims,22-290,1999,6,0,102,1.1,0,0,0,0,0,0,0,0.00,0.00,0.00,0.00,0.00,0.2,0.2,0.1,0.3,0.14,0.09,0.23,0.14,0.23,Matches
514,Islam Slimani\ffec9769,dz ALG,FW,Lyon,33-238,1988,12,6,573,6.4,1,1,1,0,0,3,0,0.16,0.16,0.31,0.16,0.31,1.8,1.8,0.7,2.5,0.28,0.11,0.39,0.28,0.39,Matches
515,Florian Sotoca\7a42d0df,fr FRA,FWMF,Lens,31-109,1990,21,14,1317,14.6,4,4,2,2,2,4,0,0.27,0.27,0.55,0.14,0.41,5.5,4.0,1.9,5.9,0.38,0.13,0.51,0.27,0.40,Matches
516,Sambou Soumano\7cc00776,sn SEN,FWMF,Lorient,21-039,2001,9,1,146,1.6,3,0,3,0,0,1,0,1.85,0.00,1.85,1.85,1.85,2.2,2.2,0.1,2.3,1.36,0.06,1.42,1.36,1.42,Matches
517,Arnaud Souquet\4e0afc5d,fr FRA,DF,Montpellier,29-364,1992,20,13,1163,12.9,0,2,0,0,0,1,0,0.00,0.15,0.15,0.00,0.15,0.1,0.1,0.4,0.6,0.01,0.03,0.05,0.01,0.05,Matches
518,Saidou Sow\f6b94e8d,gn GUI,DF,Saint-Étienne,19-222,2002,11,9,835,9.3,2,1,2,0,0,2,0,0.22,0.11,0.32,0.22,0.32,0.4,0.4,0.6,1.0,0.04,0.06,0.10,0.04,0.10,Matches
519,Calvin Stengs\8f7e6783,nl NED,MF,Nice,23-055,1998,15,8,786,8.7,1,0,1,0,0,1,0,0.11,0.00,0.11,0.11,0.11,2.6,2.6,1.6,4.2,0.30,0.18,0.48,0.30,0.48,Matches
520,Kamaldeen Sulemana\a62f8bf1,gh GHA,MFFW,Rennes,19-361,2002,19,11,1004,11.2,4,2,4,0,0,3,0,0.36,0.18,0.54,0.36,0.54,2.6,2.6,1.4,4.0,0.23,0.12,0.36,0.23,0.36,Matches
521,Abdoulaye Sylla\2aeb43f1,gn GUI,DF,Nantes,21-307,2000,1,1,67,0.7,0,0,0,0,0,1,0,0.00,0.00,0.00,0.00,0.00,0.0,0.0,0.0,0.0,0.00,0.00,0.00,0.00,0.00,Matches
522,Waniss Taibi\95192fe4,fr FRA,MFDF,Angers,19-341,2002,5,1,121,1.3,0,0,0,0,0,2,0,0.00,0.00,0.00,0.00,0.00,0.1,0.1,0.0,0.1,0.04,0.00,0.04,0.04,0.04,Matches
523,Flavien Tait\a0f9b535,fr FRA,MF,Rennes,29-009,1993,16,15,1343,14.9,2,3,2,0,0,1,0,0.13,0.20,0.34,0.13,0.34,2.0,2.0,2.7,4.7,0.13,0.18,0.32,0.13,0.32,Matches
524,Florian Tardieu\ed39121c,fr FRA,MF,Troyes,29-295,1992,16,15,1372,15.2,0,1,0,0,0,2,0,0.00,0.07,0.07,0.00,0.07,0.3,0.3,2.1,2.4,0.02,0.14,0.16,0.02,0.16,Matches
525,Oussama Targhalline\abd56820,ma MAR,FW,Marseille,19-267,2002,1,0,1,0.0,0,0,0,0,0,0,0,0.00,0.00,0.00,0.00,0.00,0.0,0.0,0.0,0.0,0.00,0.00,0.00,0.00,0.00,Matches
526,Loum Tchaouna\a3c8b4d3,fr FRA,MFFW,Rennes,18-156,2003,5,0,43,0.5,0,0,0,0,0,0,0,0.00,0.00,0.00,0.00,0.00,0.2,0.2,0.0,0.2,0.45,0.00,0.45,0.45,0.45,Matches
527,Warren Tchimbembé\93b8f9f4,cg CGO,MF,Metz,23-296,1998,9,1,205,2.3,0,0,0,0,0,0,0,0.00,0.00,0.00,0.00,0.00,0.0,0.0,0.1,0.1,0.00,0.03,0.03,0.00,0.03,Matches
528,Aurélien Tchouaméni\4f255115,fr FRA,MF,Monaco,22-015,2000,22,20,1821,20.2,1,1,1,0,0,4,0,0.05,0.05,0.10,0.05,0.10,1.6,1.6,2.0,3.5,0.08,0.10,0.18,0.08,0.18,Matches
529,Mathys Tel\829aa60c,fr FRA,FWMF,Rennes,16-290,2005,4,0,41,0.5,0,0,0,0,0,0,0,0.00,0.00,0.00,0.00,0.00,0.0,0.0,0.1,0.1,0.00,0.18,0.18,0.00,0.18,Matches
530,Jordan Tell\4f093689,fr FRA,FW,Clermont Foot,24-246,1997,15,1,290,3.2,1,1,1,0,0,1,0,0.31,0.31,0.62,0.31,0.62,0.8,0.8,1.0,1.8,0.26,0.31,0.57,0.26,0.57,Matches
531,Martin Terrier\5148dcc5,fr FRA,FWMF,Rennes,24-344,1997,22,22,1535,17.1,11,0,11,0,0,1,0,0.64,0.00,0.64,0.64,0.64,7.4,7.4,2.0,9.4,0.43,0.12,0.55,0.43,0.55,Matches
532,Sada Thioub\f4bc42b1,sn SEN,DFFW,Saint-Étienne,26-255,1995,4,2,186,2.1,0,0,0,0,0,1,0,0.00,0.00,0.00,0.00,0.00,0.1,0.1,0.2,0.3,0.03,0.10,0.13,0.03,0.13,Matches
533,Sada Thioub\f4bc42b1,sn SEN,MF,Angers,26-255,1995,1,0,3,0.0,0,0,0,0,0,0,0,0.00,0.00,0.00,0.00,0.00,0.0,0.0,0.0,0.0,0.00,0.00,0.00,0.00,0.00,Matches
534,Romain Thomas\275e2c51,fr FRA,DF,Angers,33-244,1988,19,18,1647,18.3,2,0,2,0,0,3,0,0.11,0.00,0.11,0.11,0.11,1.0,1.0,0.1,1.1,0.05,0.00,0.06,0.05,0.06,Matches
535,Adrien Thomasson\c76b7567,fr FRA,MF,Strasbourg,28-063,1993,21,18,1628,18.1,7,4,7,0,0,2,1,0.39,0.22,0.61,0.39,0.61,5.9,5.9,3.0,8.9,0.33,0.17,0.49,0.33,0.49,Matches
536,Thuler\db23d9fc,br BRA,DF,Montpellier,22-338,1999,10,7,552,6.1,0,0,0,0,0,3,1,0.00,0.00,0.00,0.00,0.00,0.1,0.1,0.0,0.1,0.02,0.00,0.02,0.02,0.02,Matches
537,Khéphren Thuram-Ulie\7d9397f8,fr FRA,MF,Nice,20-322,2001,22,10,1033,11.5,3,2,3,0,0,1,0,0.26,0.17,0.44,0.26,0.44,2.1,2.1,1.5,3.6,0.19,0.13,0.32,0.19,0.32,Matches
538,Cheikh Tidiane Sabaly\9ddf7fae,sn SEN,FWMF,Metz,22-344,1999,6,2,150,1.7,0,0,0,0,0,0,0,0.00,0.00,0.00,0.00,0.00,0.1,0.1,0.1,0.2,0.06,0.06,0.12,0.06,0.12,Matches
539,Jean-Clair Todibo\88f130ed,fr FRA,DF,Nice,22-043,1999,22,21,1865,20.7,1,0,1,0,0,4,0,0.05,0.00,0.05,0.05,0.05,2.2,2.2,0.7,2.9,0.11,0.03,0.14,0.11,0.14,Matches
540,Karl Toko Ekambi\5ceba7fc,cm CMR,FW,Lyon,29-150,1992,17,14,1228,13.6,5,2,3,2,2,2,0,0.37,0.15,0.51,0.22,0.37,6.3,4.8,2.2,7.0,0.46,0.16,0.62,0.35,0.51,Matches
541,Yoann Touzghar\4e47507a,tn TUN,FW,Troyes,35-075,1986,16,13,1026,11.4,2,0,2,0,0,0,0,0.18,0.00,0.18,0.18,0.18,3.8,3.8,0.4,4.2,0.33,0.04,0.37,0.33,0.37,Matches
542,Amadou Traore\4eb0686f,fr FRA,FW,Bordeaux,19-341,2002,1,0,19,0.2,0,0,0,0,0,0,0,0.00,0.00,0.00,0.00,0.00,0.0,0.0,0.0,0.0,0.00,0.00,0.00,0.00,0.00,Matches
543,Boubacar Traoré\999ceb5f,ml MLI,MF,Metz,20-175,2001,17,7,897,10.0,1,0,1,0,0,3,0,0.10,0.00,0.10,0.10,0.10,0.6,0.6,0.2,0.8,0.06,0.02,0.08,0.06,0.08,Matches
544,Charles Traore\de488e56,ml MLI,DF,Nantes,30-041,1992,12,6,585,6.5,0,0,0,0,0,2,0,0.00,0.00,0.00,0.00,0.00,0.0,0.0,0.0,0.0,0.01,0.00,0.01,0.01,0.01,Matches
545,Hamari Traoré\a4b1028a,ml MLI,DF,Rennes,30-015,1992,18,18,1557,17.3,1,4,1,0,0,2,0,0.06,0.23,0.29,0.06,0.29,1.0,1.0,2.8,3.8,0.06,0.16,0.22,0.06,0.22,Matches
546,Ismaël Traoré\b666421b,ci CIV,DF,Angers,35-177,1986,22,22,1953,21.7,3,0,3,0,0,1,0,0.14,0.00,0.14,0.14,0.14,1.6,1.6,0.2,1.8,0.07,0.01,0.08,0.07,0.08,Matches
547,Miguel Trauco\e4b72e34,pe PER,DF,Saint-Étienne,29-170,1992,10,8,749,8.3,1,0,1,0,0,2,0,0.12,0.00,0.12,0.12,0.12,0.2,0.2,0.2,0.4,0.02,0.03,0.05,0.02,0.05,Matches
548,Adrien Truffert\5d0e0a1f,fr FRA,DF,Rennes,20-083,2001,16,9,836,9.3,3,1,3,0,0,2,0,0.32,0.11,0.43,0.32,0.43,1.6,1.6,0.9,2.5,0.17,0.10,0.27,0.17,0.27,Matches
549,Matthieu Udol\cc41f558,fr FRA,DF,Metz,25-328,1996,12,11,1007,11.2,1,0,1,0,0,0,0,0.09,0.00,0.09,0.09,0.09,0.5,0.5,0.4,0.9,0.04,0.04,0.08,0.04,0.08,Matches
550,Chimuanya Ugochukwu\1df4a109,fr FRA,MF,Rennes,17-322,2004,12,3,365,4.1,1,0,1,0,0,2,0,0.25,0.00,0.25,0.25,0.25,0.3,0.3,0.1,0.3,0.07,0.01,0.08,0.07,0.08,Matches
551,Hwang Ui-jo\a2d873dd,kr KOR,FW,Bordeaux,29-167,1992,18,17,1427,15.9,9,2,9,0,0,1,0,0.57,0.13,0.69,0.57,0.69,4.8,4.8,0.5,5.4,0.30,0.03,0.34,0.30,0.34,Matches
552,Cengiz Ünder\1880614f,tr TUR,FWMF,Marseille,24-212,1997,19,15,1379,15.3,7,1,7,0,0,2,1,0.46,0.07,0.52,0.46,0.52,3.9,3.9,2.8,6.7,0.25,0.18,0.44,0.25,0.44,Matches
553,Jere Uronen\d75f3980,fi FIN,DF,Brest,27-213,1994,7,6,442,4.9,0,0,0,0,0,0,0,0.00,0.00,0.00,0.00,0.00,0.0,0.0,0.1,0.1,0.01,0.01,0.02,0.01,0.02,Matches
554,Vanderson\ee45fd85,br BRA,FWMF,Monaco,20-235,2001,4,0,110,1.2,1,0,1,0,0,0,0,0.82,0.00,0.82,0.82,0.82,0.1,0.1,0.4,0.5,0.05,0.36,0.41,0.05,0.41,Matches
555,Jonathan Varane\4ade359f,fr FRA,MF,Lens,20-155,2001,1,0,1,0.0,0,0,0,0,0,0,0,0.00,0.00,0.00,0.00,0.00,0.0,0.0,0.0,0.0,0.00,0.00,0.00,0.00,0.00,Matches
556,Marco Verratti\1467af0d,it ITA,MF,Paris S-G,29-098,1992,13,12,981,10.9,2,1,2,0,0,8,0,0.18,0.09,0.28,0.18,0.28,0.4,0.4,1.5,2.0,0.04,0.14,0.18,0.04,0.18,Matches
557,Kevin Volland\64f69877,de GER,FWMF,Monaco,29-196,1992,20,17,1424,15.8,5,5,4,1,1,6,0,0.32,0.32,0.63,0.25,0.57,5.0,4.3,2.5,6.8,0.32,0.16,0.48,0.27,0.43,Matches
558,Timothy Weah\8eec784d,us USA,MFFW,Lille,21-354,2000,17,10,896,10.0,0,3,0,0,0,1,0,0.00,0.30,0.30,0.00,0.30,1.5,1.5,2.6,4.1,0.15,0.26,0.41,0.15,0.41,Matches
559,Georginio Wijnaldum\eb58eef0,nl NED,MF,Paris S-G,31-092,1990,18,11,979,10.9,1,2,1,0,0,1,0,0.09,0.18,0.28,0.09,0.28,2.2,2.2,1.5,3.6,0.20,0.14,0.33,0.20,0.33,Matches
560,Christopher Wooh\b003239d,fr FRA,DF,Lens,20-146,2001,8,5,510,5.7,0,1,0,0,0,2,0,0.00,0.18,0.18,0.00,0.18,1.0,1.0,0.4,1.4,0.17,0.07,0.24,0.17,0.24,Matches
561,Xeka\f3600c02,pt POR,MF,Lille,27-093,1994,15,11,956,10.6,1,0,1,0,0,6,0,0.09,0.00,0.09,0.09,0.09,0.9,0.9,1.2,2.1,0.08,0.12,0.20,0.08,0.20,Matches
562,Sekou Yansané\bce37ac0,gn GUI,FW,Paris S-G,18-289,2003,1,0,16,0.2,0,0,0,0,0,0,0,0.00,0.00,0.00,0.00,0.00,0.0,0.0,0.0,0.0,0.00,0.00,0.00,0.00,0.00,Matches
563,Yusuf Yazıcı\f5c8b425,tr TUR,MFFW,Lille,25-013,1997,15,5,510,5.7,1,1,1,0,0,3,0,0.18,0.18,0.35,0.18,0.35,0.9,0.9,1.3,2.2,0.16,0.23,0.40,0.16,0.40,Matches
564,Burak Yılmaz\165a2e40,tr TUR,FW,Lille,36-211,1985,20,18,1537,17.1,4,3,2,2,2,7,0,0.23,0.18,0.41,0.12,0.29,8.9,7.3,3.3,10.6,0.52,0.19,0.71,0.43,0.62,Matches
565,Zaydou Youssouf\e2f9bb5f,fr FRA,MF,Saint-Étienne,22-215,1999,19,12,1081,12.0,0,0,0,0,0,2,1,0.00,0.00,0.00,0.00,0.00,0.4,0.4,0.5,0.9,0.03,0.04,0.07,0.03,0.07,Matches
566,Akim Zedadka\0ff630d0,fr FRA,DF,Clermont Foot,26-257,1995,23,23,2058,22.9,0,1,0,0,0,2,0,0.00,0.04,0.04,0.00,0.04,0.7,0.7,1.1,1.8,0.03,0.05,0.08,0.03,0.08,Matches
567,Mehdi Zerkane\53f6306f,dz ALG,MFDF,Bordeaux,22-211,1999,6,0,83,0.9,0,0,0,0,0,0,0,0.00,0.00,0.00,0.00,0.00,0.0,0.0,0.0,0.0,0.03,0.02,0.05,0.03,0.05,Matches
568,Edon Zhegrova\34a88e3e,xk KVX,MF,Lille,22-317,1999,1,0,5,0.1,0,0,0,0,0,0,0,0.00,0.00,0.00,0.00,0.00,0.0,0.0,0.2,0.2,0.00,3.94,3.94,0.00,3.94,Matches
569,Banhie Zoukrou\aefa3050,fr FRA,DF,Troyes,18-280,2003,4,0,77,0.9,0,0,0,0,0,1,0,0.00,0.00,0.00,0.00,0.00,0.0,0.0,0.0,0.0,0.03,0.00,0.03,0.03,0.03,Matches