,,,,,,,,Tackles,Tackles,Tackles,Tackles,Tackles,Vs Dribbles,Vs Dribbles,Vs Dribbles,Vs Dribbles,Pressures,Pressures,Pressures,Pressures,Pressures,Pressures,Blocks,Blocks,Blocks,Blocks,,,,,
Rk,Player,Nation,Pos,Squad,Age,Born,90s,Tkl,TklW,Def 3rd,Mid 3rd,Att 3rd,Tkl,Att,Tkl%,Past,Press,Succ,%,Def 3rd,Mid 3rd,Att 3rd,Blocks,Sh,ShSv,Pass,Int,Tkl+Int,Clr,Err,Matches
1,Yunis Abdelhamid\32c2d95f,ma MAR,DF,Reims,34-136,1987,22.0,38,29,28,9,1,9,16,56.3,7,299,111,37.1,172,111,16,44,18,1,26,76,114,74,0,Matches
2,Salis Abdul Samed\82464ce3,gh GHA,MF,Clermont Foot,21-322,2000,19.2,41,25,20,19,2,12,44,27.3,32,409,128,31.3,138,218,53,21,1,0,20,38,79,13,0,Matches
3,Laurent Abergel\31626657,fr FRA,MF,Lorient,29-010,1993,20.3,69,40,31,32,6,33,91,36.3,58,536,161,30.0,192,288,56,30,1,0,29,50,119,9,0,Matches
4,Charles Abi\469d3d84,fr FRA,FW,Saint-Étienne,21-305,2000,0.5,0,0,0,0,0,0,1,0.0,1,14,1,7.1,0,11,3,1,0,0,1,0,0,0,0,Matches
5,Matthis Abline\0e46fa2f,fr FRA,FW,Rennes,18-320,2003,1.1,0,0,0,0,0,0,1,0.0,1,26,4,15.4,4,14,8,2,0,0,2,1,1,1,0,Matches
6,Martin Adeline\7587446d,fr FRA,FWMF,Reims,18-071,2003,2.6,10,8,5,4,1,4,9,44.4,5,63,15,23.8,20,26,17,2,0,0,2,10,20,4,0,Matches
7,Yacine Adli\26777636,fr FRA,MFFW,Bordeaux,21-197,2000,17.7,27,21,14,9,4,6,36,16.7,30,371,109,29.4,87,194,90,26,3,0,23,38,65,9,1,Matches
8,Lucien Agoume\8bc8829a,fr FRA,MF,Brest,20-002,2002,12.5,37,25,17,15,5,10,18,55.6,8,222,64,28.8,75,113,34,20,9,0,11,31,68,21,0,Matches
9,Nayef Aguerd\288e1e13,ma MAR,DF,Rennes,25-318,1996,18.9,16,8,11,5,0,3,10,30.0,7,104,39,37.5,58,42,4,20,10,0,10,31,47,98,1,Matches
10,Ruben Aguilar\3dd738a1,fr FRA,DF,Monaco,28-291,1993,14.8,61,35,30,23,8,33,52,63.5,19,250,89,35.6,120,96,34,21,3,0,18,37,98,49,0,Matches
11,Anel Ahmedhodzic\eab957a3,ba BIH,DF,Bordeaux,22-322,1999,1.0,2,2,2,0,0,2,2,100.0,0,4,2,50.0,4,0,0,1,0,0,1,2,4,1,0,Matches
12,Jean-Eudes Aholou\48b28bfd,ci CIV,MF,Strasbourg,27-328,1994,6.5,9,6,4,5,0,5,9,55.6,4,108,23,21.3,38,58,12,5,1,0,4,13,22,10,0,Matches
13,Ludovic Ajorque\462475ed,re REU,FW,Strasbourg,27-351,1994,18.9,30,16,3,11,16,5,24,20.8,19,296,74,25.0,37,128,131,18,5,0,13,8,38,19,1,Matches
14,Maghnes Akliouche\b625b241,fr FRA,FWMF,Monaco,19-351,2002,0.2,2,1,1,1,0,0,0,,0,8,2,25.0,1,6,1,1,0,0,1,0,2,0,0,Matches
15,Sofiane Alakouch\5314e067,ma MAR,DFMF,Metz,23-197,1998,1.8,8,6,4,4,0,3,6,50.0,3,52,12,23.1,21,24,7,6,0,0,6,6,14,2,0,Matches
16,Josué Albert\3d738df0,gf GUF,DF,Clermont Foot,30-021,1992,0.2,0,0,0,0,0,0,0,,0,0,0,,0,0,0,0,0,0,0,0,0,2,0,Matches
17,Doğan Alemdar\9e17ccff,tr TUR,GK,Rennes,19-105,2002,4.0,0,0,0,0,0,0,0,,0,0,0,,0,0,0,0,0,0,0,0,0,0,1,Matches
18,Mohamed Ali Cho\f8405304,fr FRA,FW,Angers,18-023,2004,13.1,9,6,2,3,4,1,7,14.3,6,285,64,22.5,15,126,144,10,0,0,10,8,17,0,0,Matches
19,Jim Allevinah\1956b948,ga GAB,FW,Clermont Foot,26-349,1995,10.2,14,9,4,6,4,4,14,28.6,10,122,29,23.8,35,47,40,7,2,0,5,8,22,1,0,Matches
20,Ibrahim Amadou\9260926b,fr FRA,DF,Metz,28-311,1993,2.0,4,1,2,2,0,3,3,100.0,0,35,11,31.4,10,22,3,3,1,0,2,1,5,3,0,Matches
21,Jordan Amavi\22721b88,fr FRA,DF,Nice,27-339,1994,1.8,5,2,4,1,0,5,11,45.5,6,22,7,31.8,18,3,1,5,0,0,5,8,13,4,0,Matches
22,Jordan Amavi\22721b88,fr FRA,DF,Marseille,27-339,1994,1.4,7,3,4,2,1,5,9,55.6,4,13,2,15.4,6,6,1,1,0,0,1,1,8,1,0,Matches
23,Benjamin André\ef9c1c95,fr FRA,MF,Lille,31-192,1990,19.5,71,46,22,44,5,17,60,28.3,43,454,139,30.6,153,251,50,52,8,0,44,58,129,42,0,Matches
24,Houssem Aouar\a5db0bec,fr FRA,MFFW,Lyon,23-226,1998,18.7,34,22,10,16,8,12,31,38.7,19,327,83,25.4,61,138,128,15,1,0,14,23,57,4,0,Matches
25,Adil Aouchiche\b94b8be1,fr FRA,MFFW,Saint-Étienne,19-211,2002,7.8,9,5,2,4,3,3,15,20.0,12,192,57,29.7,34,109,49,13,0,0,13,14,23,4,0,Matches
26,Dennis Appiah\feb5d3ab,fr FRA,DF,Nantes,29-247,1992,12.7,38,19,24,11,3,16,27,59.3,11,191,55,28.8,102,67,22,26,8,0,18,27,65,40,0,Matches
27,Lorenz Assignon\b026bbf6,tg TOG,DF,Rennes,21-234,2000,6.1,14,10,9,4,1,4,12,33.3,8,92,31,33.7,40,28,24,15,2,0,13,14,28,10,0,Matches
28,Youcef Atal\6a827d8e,dz ALG,DF,Nice,25-270,1996,11.0,31,20,22,6,3,11,24,45.8,13,137,45,32.8,52,49,36,18,1,0,17,34,65,16,0,Matches
29,Jean-Kévin Augustin\97bfa797,fr FRA,FWMF,Nantes,24-240,1997,0.2,0,0,0,0,0,0,0,,0,4,0,0.0,0,2,2,1,0,0,1,0,0,0,0,Matches
30,Karim Azamoum\eaf71a5e,fr FRA,DF,Troyes,32-025,1990,4.3,8,6,3,5,0,1,4,25.0,3,67,22,32.8,33,34,0,5,2,0,3,2,10,11,0,Matches
31,Loïc Bade\114bbdee,fr FRA,DF,Rennes,21-306,2000,10.9,5,3,3,2,0,2,5,40.0,3,52,14,26.9,34,17,1,19,10,0,9,23,28,63,1,Matches
32,Benoît Badiashile\06df8256,fr FRA,DF,Monaco,20-322,2001,8.6,19,12,13,6,0,4,11,36.4,7,72,28,38.9,40,27,5,6,4,0,2,26,45,31,0,Matches
33,Youssouph Badji\6a2b9aee,sn SEN,FW,Brest,20-053,2001,1.5,0,0,0,0,0,0,0,,0,39,10,25.6,1,20,18,0,0,0,0,0,0,0,0,Matches
34,Stéphane Bahoken\5046b7d4,cm CMR,FW,Angers,29-259,1992,6.1,8,4,1,5,2,3,8,37.5,5,108,21,19.4,7,40,61,8,0,0,8,4,12,2,0,Matches
35,Dénys Bain\5065d67d,fr FRA,DF,Brest,28-224,1993,1.0,2,2,1,1,0,0,0,,0,20,10,50.0,15,5,0,2,0,0,2,1,3,5,0,Matches
36,Stefan Bajic\be13e5a8,fr FRA,GK,Saint-Étienne,20-050,2001,5.7,0,0,0,0,0,0,0,,0,0,0,,0,0,0,0,0,0,0,0,0,0,0,Matches
37,Cédric Bakambu\0af4dcf0,cd COD,FWMF,Marseille,30-306,1991,0.9,0,0,0,0,0,0,0,,0,18,3,16.7,0,7,11,1,0,0,1,1,1,0,0,Matches
38,Abdoulaye Bakayoko\ee95585f,fr FRA,DF,Saint-Étienne,19-058,2002,2.0,9,5,8,1,0,2,4,50.0,2,32,10,31.3,21,11,0,7,4,0,3,7,16,8,0,Matches
39,Dilane Bakwa\2b5a35e5,fr FRA,FW,Bordeaux,19-169,2002,0.1,1,0,1,0,0,1,2,50.0,1,4,1,25.0,3,1,0,0,0,0,0,0,1,0,0,Matches
40,Ibrahima Baldé\a30cb0d4,fr FRA,FWMF,Lens,19-025,2003,0.6,0,0,0,0,0,0,0,,0,12,3,25.0,1,5,6,0,0,0,0,0,0,0,0,Matches
41,Leonardo Balerdi\7c3ed041,ar ARG,DF,Marseille,23-016,1999,9.7,11,7,11,0,0,5,16,31.3,11,88,36,40.9,55,30,3,19,5,0,14,29,40,33,0,Matches
42,Jonathan Bamba\b2bd0f6c,fr FRA,MF,Lille,25-322,1996,14.8,15,10,6,7,2,5,26,19.2,21,171,49,28.7,39,79,53,23,1,0,22,23,38,5,0,Matches
43,Simon Banza\be47b750,fr FRA,FW,Lens,25-182,1996,1.4,3,2,0,1,2,0,2,0.0,2,24,5,20.8,0,12,12,2,0,0,2,0,3,2,0,Matches
44,Bradley Barcola\a0d55a09,fr FRA,MF,Lyon,19-162,2002,0.1,1,1,0,0,1,1,1,100.0,0,4,1,25.0,0,2,2,0,0,0,0,0,1,0,0,Matches
45,Melvin Bard\1ddbc7ca,fr FRA,DF,Nice,21-097,2000,16.8,35,24,23,11,1,19,33,57.6,14,191,65,34.0,86,88,17,33,6,0,27,48,83,40,1,Matches
46,Toma Bašić\80556f08,hr CRO,MF,Bordeaux,25-078,1996,2.3,5,3,2,2,1,1,7,14.3,6,40,8,20.0,11,17,12,3,1,0,2,3,8,0,0,Matches
47,Amine Bassi\ced1d98f,fr FRA,MF,Metz,24-076,1997,2.0,4,4,1,2,1,1,2,50.0,1,36,11,30.6,4,24,8,7,0,0,7,4,8,2,0,Matches
48,Mohamed Bayo\01870104,gn GUI,FW,Clermont Foot,23-252,1998,15.5,6,6,0,3,3,1,14,7.1,13,163,43,26.4,11,84,68,10,1,0,9,7,13,5,0,Matches
49,Haris Belkebla\2b1bed19,dz ALG,MF,Brest,28-014,1994,14.0,31,18,17,10,4,7,24,29.2,17,320,98,30.6,123,164,33,20,5,0,15,29,60,18,1,Matches
50,Jean-Ricner Bellegarde\10f0fdd3,fr FRA,MF,Strasbourg,23-229,1998,14.5,38,30,11,19,8,8,21,38.1,13,241,89,36.9,83,110,48,27,2,0,25,20,58,18,0,Matches
51,Hatem Ben Arfa\74dc806c,fr FRA,FW,Lille,34-341,1987,0.9,1,1,1,0,0,0,1,0.0,1,11,3,27.3,1,7,3,1,0,0,1,1,2,0,0,Matches
52,Wissam Ben Yedder\942b4f90,fr FRA,FW,Monaco,31-183,1990,15.2,14,7,1,8,5,6,17,35.3,11,233,78,33.5,14,89,130,9,2,0,7,6,20,2,0,Matches
53,Darío Benedetto\bef0a7ac,ar ARG,FWMF,Marseille,31-270,1990,0.6,0,0,0,0,0,0,0,,0,6,2,33.3,0,4,2,1,0,0,1,0,0,0,0,Matches
54,Walter Benítez\8a2248b4,ar ARG,GK,Nice,28-329,1993,22.0,0,0,0,0,0,0,0,,0,1,0,0.0,1,0,0,1,0,0,1,0,0,1,0,Matches
55,Loris Benito\f5b6fb78,ch SUI,DF,Bordeaux,30-035,1992,0.7,1,0,1,0,0,0,0,,0,9,2,22.2,6,2,1,2,0,0,2,2,3,1,0,Matches
56,Nabil Bentaleb\3189f61a,dz ALG,MF,Angers,27-079,1994,2.4,10,8,4,3,3,4,5,80.0,1,73,22,30.1,24,36,13,8,3,0,5,7,17,2,0,Matches
57,Patrick Berg\e4114f5d,no NOR,MF,Lens,24-079,1997,1.2,3,1,0,3,0,1,2,50.0,1,35,12,34.3,7,25,3,2,0,0,2,2,5,1,0,Matches
58,Mitchell van Bergen\0b2c9aec,nl NED,FWMF,Reims,22-168,1999,5.8,4,3,3,0,1,2,6,33.3,4,103,28,27.2,26,41,36,14,1,0,13,2,6,2,0,Matches
59,Valon Berisha\d5575935,xk KVX,MFFW,Reims,29-004,1993,3.8,8,6,0,7,1,1,7,14.3,6,104,27,26.0,13,59,32,6,0,0,6,6,14,3,0,Matches
60,Paul Bernardoni\28dabd43,fr FRA,GK,Angers,24-299,1997,13.0,0,0,0,0,0,0,0,,0,2,2,100.0,2,0,0,0,0,0,0,0,0,0,2,Matches
61,Paul Bernardoni\28dabd43,fr FRA,GK,Saint-Étienne,24-299,1997,4.0,0,0,0,0,0,0,0,,0,0,0,,0,0,0,0,0,0,0,0,0,0,0,Matches
62,Juan Bernat\433dc9a2,es ESP,DF,Paris S-G,28-347,1993,5.1,14,8,6,6,2,6,9,66.7,3,57,17,29.8,22,21,14,10,0,0,10,3,17,6,0,Matches
63,Dimitry Bertaud\380a15e2,fr FRA,GK,Montpellier,23-250,1998,5.2,0,0,0,0,0,0,0,,0,0,0,,0,0,0,0,0,0,0,0,0,0,0,Matches
64,Jason Berthomier\03e91055,fr FRA,MF,Clermont Foot,32-036,1990,14.9,24,19,3,16,5,11,25,44.0,14,239,92,38.5,50,140,49,13,2,0,11,7,31,4,0,Matches
65,Giulian Biancone\de40e38c,fr FRA,DF,Troyes,21-317,2000,16.0,42,22,24,13,5,18,39,46.2,21,252,78,31.0,127,93,32,31,5,0,26,37,79,36,1,Matches
66,El Bilal Touré\47c609d5,ml MLI,FW,Reims,20-131,2001,9.3,15,9,2,8,5,2,5,40.0,3,156,40,25.6,28,80,48,15,3,0,12,5,20,11,0,Matches
67,Jean-Claude Billong\a3e1d20d,cm CMR,DF,Clermont Foot,28-045,1993,4.7,8,6,6,2,0,1,2,50.0,1,40,19,47.5,23,15,2,6,1,0,5,10,18,18,0,Matches
68,Nathan Bitu Mazala\0f697e02,fr FRA,DF,Paris S-G,19-063,2002,0.1,0,0,0,0,0,0,0,,0,1,0,0.0,0,1,0,1,0,0,1,0,0,0,0,Matches
69,Marco Bizot\3d214e5f,nl NED,GK,Brest,30-338,1991,22.0,0,0,0,0,0,0,0,,0,1,1,100.0,1,0,0,1,0,0,1,1,1,1,0,Matches
70,Ludovic Blas\6191093d,fr FRA,FWMF,Nantes,24-042,1997,20.2,23,16,3,15,5,7,15,46.7,8,343,107,31.2,49,165,129,14,2,0,12,23,46,5,1,Matches
71,Myron Boadu\5b479568,nl NED,FW,Monaco,21-028,2001,7.6,7,5,1,3,3,0,2,0.0,2,134,32,23.9,10,47,77,2,0,0,2,1,8,1,0,Matches
72,Jérôme Boateng\2db2fd7b,de GER,DF,Lyon,33-161,1988,14.9,18,12,11,7,0,8,18,44.4,10,93,40,43.0,37,51,5,22,9,1,13,23,41,65,0,Matches
73,Antonin Bobichon\7d937aa1,fr FRA,MFFW,Angers,26-150,1995,0.4,0,0,0,0,0,0,1,0.0,1,9,0,0.0,0,8,1,0,0,0,0,0,0,1,0,Matches
74,Quentin Boisgard\f6496133,fr FRA,MF,Lorient,24-331,1997,6.5,8,7,4,3,1,2,7,28.6,5,117,35,29.9,20,57,40,7,0,0,7,3,11,2,0,Matches
75,Charles Boli\bbdd999a,fr FRA,MF,Lens,23-165,1998,0.4,3,2,1,2,0,1,1,100.0,0,4,2,50.0,1,3,0,0,0,0,0,0,3,0,0,Matches
76,Sven Botman\ccce7025,nl NED,DF,Lille,22-030,2000,16.0,25,19,16,9,0,8,17,47.1,9,110,46,41.8,71,38,1,36,16,0,20,20,45,80,0,Matches
77,Denis Bouanga\0b0cbe5b,ga GAB,FWMF,Saint-Étienne,27-092,1994,13.4,31,17,12,10,9,14,41,34.1,27,306,81,26.5,62,124,120,19,0,0,19,7,38,24,1,Matches
78,Hicham Boudaoui\f9d5908e,dz ALG,MF,Nice,22-141,1999,12.3,23,13,12,8,3,8,25,32.0,17,249,62,24.9,74,119,56,20,3,2,17,16,39,13,0,Matches
79,Ryad Boudebouz\1001ae82,dz ALG,MFFW,Saint-Étienne,31-357,1990,13.5,13,10,4,7,2,1,15,6.7,14,170,59,34.7,32,87,51,15,2,0,13,11,24,7,0,Matches
80,Sofiane Boufal\b0c71810,ma MAR,FWMF,Angers,28-147,1993,17.0,31,20,8,14,9,8,17,47.1,9,275,69,25.1,37,137,101,12,2,0,10,5,36,1,0,Matches
81,Farid Boulaya\a0791826,dz ALG,FWMF,Metz,28-351,1993,9.7,9,4,4,4,1,4,19,21.1,15,110,29,26.4,26,58,26,14,1,0,13,14,23,2,0,Matches
82,Ismaëlben Boura\62e02107,fr FRA,DF,Lens,21-181,2000,1.1,2,0,1,1,0,0,0,,0,12,3,25.0,6,4,2,2,1,0,1,2,4,6,0,Matches
83,Benjamin Bourigeaud\20e73fac,fr FRA,MFFW,Rennes,28-028,1994,21.3,31,15,8,14,9,15,47,31.9,32,328,86,26.2,86,128,114,39,2,0,37,29,60,31,0,Matches
84,Redwan Bourles\5c7895a0,fr FRA,MFFW,Lorient,19-040,2003,0.2,0,0,0,0,0,0,0,,0,5,1,20.0,2,0,3,0,0,0,0,0,0,0,0,Matches
85,Domagoj Bradarić\8bbe2df5,hr CRO,DFMF,Lille,22-063,1999,1.8,4,1,2,2,0,2,8,25.0,6,24,7,29.2,12,10,2,3,1,0,2,4,8,6,0,Matches
86,Bilal Brahimi\02bcaf8e,fr FRA,FWDF,Angers,21-334,2000,3.8,3,1,0,2,1,2,4,50.0,2,55,16,29.1,10,25,20,1,0,0,1,2,5,1,0,Matches
87,Bilal Brahimi\02bcaf8e,fr FRA,MF,Nice,21-334,2000,0.2,1,1,0,1,0,0,0,,0,2,1,50.0,0,1,1,0,0,0,0,0,1,0,0,Matches
88,Lilian Brassier\5b146df3,fr FRA,DF,Brest,22-101,1999,13.1,22,13,16,6,0,4,9,44.4,5,143,52,36.4,93,48,2,29,11,0,18,29,51,77,0,Matches
89,Jimmy Briand\f83c8d6c,fr FRA,FWMF,Bordeaux,36-193,1985,2.0,4,1,3,1,0,2,2,100.0,0,42,12,28.6,11,15,16,2,1,0,1,0,4,2,0,Matches
90,Dylan Bronn\edd81e2a,tn TUN,DF,Metz,26-237,1995,17.0,27,18,16,9,2,9,17,52.9,8,171,74,43.3,98,69,4,32,12,1,20,39,66,54,1,Matches
91,Osman Bukari\eab85789,gh GHA,FWMF,Nantes,23-060,1998,6.4,9,5,4,2,3,5,12,41.7,7,111,22,19.8,23,44,44,5,0,0,5,14,23,1,0,Matches
92,Maxime Busi\7b082ec2,be BEL,DF,Reims,22-120,1999,2.5,1,0,1,0,0,0,2,0.0,2,40,7,17.5,17,14,9,6,1,0,5,3,4,5,0,Matches
93,Oriol Busquets\49712367,es ESP,MF,Clermont Foot,23-022,1999,0.9,0,0,0,0,0,0,2,0.0,2,20,5,25.0,7,11,2,3,2,0,1,0,0,1,0,Matches
94,Marcin Bułka\db87a2c4,pl POL,GK,Nice,22-130,1999,1.0,0,0,0,0,0,0,0,,0,0,0,,0,0,0,0,0,0,0,0,0,0,0,Matches
95,Jimmy Cabot\46359159,fr FRA,DF,Angers,27-299,1994,20.6,86,45,58,22,6,44,88,50.0,44,405,141,34.8,209,137,59,31,0,0,31,51,137,29,0,Matches
96,Anthony Caci\0118c54c,fr FRA,DF,Strasbourg,24-225,1997,17.0,52,36,31,17,4,21,37,56.8,16,202,74,36.6,88,76,38,23,3,0,20,43,95,34,0,Matches
97,Mathieu Cafaro\2a657da0,fr FRA,FWMF,Reims,24-323,1997,2.1,4,1,2,0,2,1,5,20.0,4,49,9,18.4,15,24,10,2,0,0,2,2,6,1,0,Matches
98,Yannick Cahuzac\677ee102,fr FRA,MF,Lens,37-024,1985,6.7,3,2,0,3,0,0,10,0.0,10,89,26,29.2,31,41,17,7,3,0,4,10,13,9,0,Matches
99,Marc-Aurèle Caillard\5ee6e943,fr FRA,GK,Metz,27-275,1994,5.0,0,0,0,0,0,0,0,,0,1,0,0.0,1,0,0,0,0,0,0,0,0,0,0,Matches
100,Jens Cajuste\928a4a61,se SWE,MF,Reims,22-185,1999,1.2,2,1,0,2,0,2,6,33.3,4,21,3,14.3,7,10,4,0,0,0,0,1,3,2,0,Matches
101,Duje Ćaleta-Car\94f8d10c,hr CRO,DF,Marseille,25-147,1996,11.2,15,9,6,9,0,7,10,70.0,3,51,17,33.3,23,26,2,13,5,0,8,16,31,27,0,Matches
102,Lucas Calodat\7a72e960,fr FRA,DF,Saint-Étienne,20-005,2002,0.0,0,0,0,0,0,0,0,,0,1,0,0.0,0,1,0,0,0,0,0,0,0,0,0,Matches
103,Mahdi Camara\8577e60a,fr FRA,MFDF,Saint-Étienne,23-226,1998,20.4,60,33,25,29,6,15,40,37.5,25,393,119,30.3,130,193,70,42,10,0,32,47,107,34,1,Matches
104,Mamadou Camara\316e70c7,fr FRA,FW,Troyes,21-004,2001,0.4,1,0,1,0,0,0,1,0.0,1,9,0,0.0,2,2,5,0,0,0,0,0,1,0,0,Matches
105,Eduardo Camavinga\7b9c2d84,fr FRA,MF,Rennes,19-093,2002,1.6,5,3,2,1,2,3,5,60.0,2,43,11,25.6,15,20,8,1,1,0,0,1,6,2,0,Matches
106,Fali Candé\3cc4bb19,gw GNB,DF,Metz,24-018,1998,1.0,3,1,0,1,2,0,1,0.0,1,12,4,33.3,4,5,3,3,0,0,3,2,5,2,0,Matches
107,Pierrick Capelle\79b2399c,fr FRA,MFDF,Angers,34-302,1987,7.8,20,16,9,10,1,9,24,37.5,15,149,36,24.2,49,72,28,12,1,0,11,17,37,9,0,Matches
108,Maxence Caqueret\f81ef10d,fr FRA,MF,Lyon,21-361,2000,18.9,57,42,25,26,6,19,64,29.7,45,470,145,30.9,150,265,55,34,8,0,26,47,104,22,1,Matches
109,Irvin Cardona\5e080f73,fr FRA,FW,Brest,24-187,1997,10.0,11,4,3,6,2,2,11,18.2,9,208,40,19.2,28,109,71,15,0,0,15,10,21,12,0,Matches
110,Igor Carioca\e3e32fbb,br BRA,DF,Lorient,25-174,1996,14.8,28,15,15,8,5,9,30,30.0,21,260,64,24.6,113,99,48,19,1,0,18,28,56,29,0,Matches
111,Moreto Cassamã\f54d2149,gw GNB,MF,Reims,23-360,1998,8.6,15,11,9,6,0,2,14,14.3,12,127,42,33.1,45,74,8,22,8,0,14,10,25,6,0,Matches
112,Jean-Charles Castelletto\e0f3a1f6,cm CMR,DF,Nantes,27-016,1995,15.9,28,18,21,7,0,11,20,55.0,9,129,36,27.9,77,49,3,22,11,2,11,27,55,61,0,Matches
113,Zeki Çelik\31a62dc7,tr TUR,DF,Lille,24-359,1997,17.2,42,25,27,13,2,18,31,58.1,13,258,73,28.3,116,101,41,37,3,0,34,30,72,26,0,Matches
114,Fabien Centonze\3c6bbbab,fr FRA,DF,Metz,26-026,1996,17.0,42,26,25,13,4,13,28,46.4,15,238,71,29.8,102,95,41,41,6,0,35,48,90,47,0,Matches
115,Leonardo César Jardim\f5dfc256,br BRA,GK,Lille,26-328,1995,2.0,0,0,0,0,0,0,0,,0,0,0,,0,0,0,0,0,0,0,0,0,0,0,Matches
116,Nassim Chadli\5c61496e,fr FRA,MFDF,Troyes,20-198,2001,1.1,3,3,2,0,1,2,3,66.7,1,25,3,12.0,11,9,5,2,0,0,2,3,6,1,0,Matches
117,Mehdi Chahiri\1787195f,ma MAR,MF,Strasbourg,25-201,1996,0.2,1,1,1,0,0,1,1,100.0,0,3,1,33.3,1,0,2,0,0,0,0,0,1,0,0,Matches
118,Dylan Chambost\dbde4959,fr FRA,MFFW,Troyes,24-176,1997,7.2,18,11,7,8,3,5,18,27.8,13,147,40,27.2,48,76,23,8,1,0,7,6,24,7,0,Matches
119,Brendan Chardonnet\16aa7d4c,fr FRA,DF,Brest,27-051,1994,19.0,30,18,21,7,2,18,27,66.7,9,172,68,39.5,116,51,5,38,23,1,15,61,91,126,1,Matches
120,Xavier Chavalerin\279ddf6a,fr FRA,MFDF,Reims,30-341,1991,2.4,4,2,2,1,1,1,3,33.3,2,30,13,43.3,9,14,7,2,0,0,2,7,11,4,1,Matches
121,Xavier Chavalerin\279ddf6a,fr FRA,MF,Troyes,30-341,1991,17.0,38,26,11,23,4,9,29,31.0,20,312,90,28.8,92,164,56,24,3,0,21,22,60,27,0,Matches
122,Rayan Cherki\b34c63a5,fr FRA,FWMF,Lyon,18-178,2003,4.9,5,3,1,4,0,1,4,25.0,3,63,15,23.8,6,40,17,2,0,0,2,4,9,0,0,Matches
123,Pedro Chirivella\68a26d51,es ESP,MF,Nantes,24-264,1997,20.4,40,24,9,21,10,14,48,29.2,34,405,102,25.2,107,223,75,18,1,0,17,31,71,7,0,Matches
124,Joris Chotard\7909ffa4,fr FRA,MF,Montpellier,20-140,2001,20.5,36,23,23,11,2,17,45,37.8,28,245,62,25.3,100,117,28,20,8,0,12,64,100,41,0,Matches
125,Alexis Claude-Maurice\741418c3,fr FRA,MF,Nice,23-250,1998,2.1,3,3,2,1,0,1,5,20.0,4,26,11,42.3,5,11,10,9,0,0,9,2,5,2,0,Matches
126,Jonathan Clauss\5219ab4a,fr FRA,DF,Lens,29-139,1992,20.5,40,17,23,15,2,12,36,33.3,24,253,54,21.3,94,97,62,36,1,0,35,57,97,31,0,Matches
127,Marcus Coco\3010aefb,fr FRA,FWMF,Nantes,25-232,1996,5.5,13,9,8,3,2,3,7,42.9,4,148,38,25.7,46,67,35,7,0,0,7,9,22,4,0,Matches
128,Abdu Conté\cfa49cc1,pt POR,DFMF,Troyes,23-324,1998,3.0,8,6,6,1,1,5,6,83.3,1,34,16,47.1,17,6,11,5,0,0,5,3,11,3,0,Matches
129,Sébastien Corchia\0e7ccfc4,fr FRA,DF,Nantes,31-102,1990,8.2,23,14,14,7,2,12,22,54.5,10,122,35,28.7,58,40,24,13,0,0,13,19,42,12,0,Matches
130,Maxwel Cornet\beb391dd,ci CIV,DFMF,Lyon,25-137,1996,0.7,3,1,2,0,1,1,3,33.3,2,9,1,11.1,3,2,4,1,0,0,1,0,3,1,0,Matches
131,David Pereira da Costa\59948ef7,pt POR,FWMF,Lens,21-037,2001,7.1,11,7,3,4,4,3,8,37.5,5,159,46,28.9,23,79,57,12,0,0,12,6,17,0,0,Matches
132,Benoît Costil\2434f24a,fr FRA,GK,Bordeaux,34-223,1987,21.0,0,0,0,0,0,0,1,0.0,1,2,0,0.0,2,0,0,0,0,0,0,0,0,0,3,Matches
133,Kalifa Coulibaly\9980269a,ml MLI,FW,Nantes,30-174,1991,3.7,3,3,0,1,2,0,1,0.0,1,34,6,17.6,5,13,16,1,1,0,0,2,5,2,0,Matches
134,Nicolas Cozza\8f325097,fr FRA,DF,Montpellier,23-034,1999,18.7,46,24,30,13,3,8,33,24.2,25,228,77,33.8,122,84,22,38,15,0,23,43,89,65,1,Matches
135,Wylan Cyprien\3e092724,fr FRA,MF,Nantes,27-014,1995,7.5,18,11,6,11,1,1,11,9.1,10,136,37,27.2,32,94,10,4,1,0,3,8,26,6,0,Matches
136,Lucas Da Cunha\007faf7a,fr FRA,MF,Nice,20-247,2001,4.4,14,8,3,7,4,7,13,53.8,6,81,25,30.9,11,40,30,2,0,0,2,2,16,1,0,Matches
137,Lucas Da Cunha\007faf7a,fr FRA,FW,Clermont Foot,20-247,2001,0.8,0,0,0,0,0,0,2,0.0,2,13,4,30.8,5,5,3,2,0,0,2,2,2,0,0,Matches
138,Damien Da Silva\1ec7e1c5,fr FRA,DF,Lyon,33-270,1988,7.2,9,5,6,2,1,4,6,66.7,2,64,17,26.6,37,24,3,9,3,0,6,21,30,33,1,Matches
139,Colin Dagba\29c02c9f,fr FRA,DF,Paris S-G,23-155,1998,1.8,3,1,2,1,0,2,6,33.3,4,29,5,17.2,7,12,10,4,2,0,2,3,6,0,0,Matches
140,Flavius Daniliuc\7ef972c3,at AUT,DF,Nice,20-290,2001,7.1,18,11,16,2,0,7,13,53.8,6,96,34,35.4,61,30,5,20,7,0,13,12,30,24,0,Matches
141,Kevin Danso\6e33125f,at AUT,DF,Lens,23-145,1998,18.4,31,18,20,10,1,14,22,63.6,8,196,76,38.8,103,84,9,31,15,0,16,47,78,78,0,Matches
142,Dante\fd2bc67d,br BRA,DF,Nice,38-116,1983,21.5,33,20,23,9,1,12,19,63.2,7,148,68,45.9,85,56,7,40,19,0,21,42,75,79,0,Matches
143,Jonathan David\ce50fd99,ca CAN,FW,Lille,22-028,2000,19.2,16,11,3,6,7,5,16,31.3,11,357,96,26.9,42,153,162,9,3,0,6,6,22,7,0,Matches
144,Konrad De La Fuente\4b77bb89,us USA,FWDF,Marseille,20-210,2001,8.7,8,8,5,3,0,7,9,77.8,2,128,36,28.1,24,58,46,13,0,0,13,6,14,4,0,Matches
145,Romain Del Castillo\0be95d34,fr FRA,FWMF,Brest,25-319,1996,3.3,8,6,1,5,2,2,12,16.7,10,86,29,33.7,16,43,27,4,0,0,4,2,10,2,0,Matches
146,Romain Del Castillo\0be95d34,fr FRA,MFFW,Rennes,25-319,1996,0.3,2,1,0,1,1,2,2,100.0,0,9,1,11.1,1,7,1,1,0,0,1,1,3,0,0,Matches
147,Thomas Delaine\8332db56,fr FRA,DF,Metz,29-324,1992,15.6,37,21,23,10,4,14,22,63.6,8,202,58,28.7,92,69,41,18,7,1,11,25,62,18,0,Matches
148,Sacha Delaye\e4448c8c,fr FRA,MF,Montpellier,19-294,2002,0.3,1,1,1,0,0,1,2,50.0,1,14,3,21.4,7,4,3,0,0,0,0,0,1,1,0,Matches
149,Andy Delort\d33c706e,dz ALG,FW,Nice,30-125,1991,13.8,11,7,2,6,3,2,7,28.6,5,153,43,28.1,14,58,81,7,2,0,5,8,19,1,0,Matches
150,Andy Delort\d33c706e,dz ALG,FW,Montpellier,30-125,1991,3.0,2,2,1,0,1,0,1,0.0,1,26,4,15.4,6,9,11,3,0,0,3,0,2,6,0,Matches
151,Moussa Dembélé\e7986081,fr FRA,FW,Lyon,25-214,1996,11.8,11,6,2,2,7,4,9,44.4,5,147,46,31.3,11,48,88,9,0,0,9,3,14,13,0,Matches
152,Jason Denayer\47af88b8,be BEL,DF,Lyon,26-228,1995,10.1,10,6,8,2,0,6,8,75.0,2,71,24,33.8,36,34,1,19,8,1,11,15,25,43,1,Matches
153,Arthur Desmas\e8c5dd4d,fr FRA,GK,Clermont Foot,27-310,1994,13.0,0,0,0,0,0,0,2,0.0,2,2,0,0.0,2,0,0,0,0,0,0,0,0,0,2,Matches
154,Ángel Di María\19cda00b,ar ARG,FW,Paris S-G,33-362,1988,12.5,10,6,4,3,3,4,24,16.7,20,170,44,25.9,26,49,95,10,0,0,10,12,22,3,0,Matches
155,Yadaly Diaby\5630a6e0,fr FRA,FWMF,Clermont Foot,21-186,2000,0.7,2,0,2,0,0,1,2,50.0,1,17,6,35.3,3,7,7,1,0,0,1,3,5,0,0,Matches
156,Ibrahim Diakité\d8c19a60,fr FRA,MF,Reims,18-103,2003,0.0,0,0,0,0,0,0,1,0.0,1,4,1,25.0,3,1,0,0,0,0,0,0,0,0,0,Matches
157,Abdou Diallo\fc62f087,sn SEN,DF,Paris S-G,25-283,1996,8.5,22,15,10,9,3,8,16,50.0,8,108,36,33.3,36,49,23,14,3,0,11,12,34,17,1,Matches
158,Habib Diallo\6605d143,sn SEN,FW,Strasbourg,26-238,1995,11.1,5,5,0,5,0,1,4,25.0,3,150,38,25.3,13,84,53,10,5,0,5,4,9,10,0,Matches
159,Mouhamadou Diarra\6d0fe035,fr FRA,MF,Strasbourg,18-039,2004,0.0,0,0,0,0,0,0,0,,0,1,1,100.0,0,1,0,0,0,0,0,0,0,0,0,Matches
160,Stéphane Diarra\29939a1d,fr FRA,FWMF,Lorient,23-064,1998,5.2,12,8,6,4,2,3,10,30.0,7,90,26,28.9,21,47,22,3,0,0,3,10,22,1,0,Matches
161,Krepin Diatta\8104e41e,sn SEN,MFDF,Monaco,22-351,1999,3.2,4,4,1,1,2,1,3,33.3,2,47,16,34.0,6,22,19,4,0,0,4,3,7,0,0,Matches
162,Bamba Dieng\40774c6b,sn SEN,FWMF,Marseille,21-325,2000,5.9,12,8,6,5,1,2,6,33.3,4,84,19,22.6,17,33,34,1,0,0,1,6,18,5,0,Matches
163,Elhadji Dieye\6a04bb7c,sn SEN,MFFW,Saint-Étienne,19-251,2002,0.4,4,2,3,1,0,1,2,50.0,1,10,2,20.0,3,5,2,2,0,0,2,2,6,0,0,Matches
164,Javairô Dilrosun\34a0f5ff,nl NED,FWMF,Bordeaux,23-234,1998,10.8,10,6,2,5,3,5,20,25.0,15,127,33,26.0,31,55,41,11,1,0,10,10,20,2,0,Matches
165,Junior Dina Ebimbe\95bb6ddc,fr FRA,MF,Paris S-G,21-082,2000,2.7,5,3,2,2,1,0,4,0.0,4,68,14,20.6,26,20,22,3,2,0,1,3,8,3,0,Matches
166,Tristan Dingomé\92b56413,cm CMR,MFFW,Troyes,30-359,1991,8.4,16,10,3,8,5,1,10,10.0,9,121,36,29.8,26,65,30,4,0,0,4,11,27,1,0,Matches
167,Sinaly Diomande\6de23ab0,ci CIV,DF,Lyon,20-308,2001,6.4,7,4,5,2,0,5,9,55.6,4,35,12,34.3,16,19,0,9,7,1,2,18,25,37,0,Matches
168,Sofiane Diop\19053e31,fr FRA,MFFW,Monaco,21-247,2000,17.4,31,19,11,14,6,11,41,26.8,30,383,111,29.0,95,175,113,13,0,0,13,26,57,3,0,Matches
169,Andy Diouf\9b5237b1,fr FRA,MF,Rennes,19-270,2002,0.1,1,1,1,0,0,1,1,100.0,0,6,1,16.7,2,3,1,1,0,0,1,0,1,1,0,Matches
170,Assane Dioussé\7f622eef,sn SEN,MF,Saint-Étienne,24-144,1997,0.3,0,0,0,0,0,0,0,,0,8,6,75.0,3,5,0,0,0,0,0,0,0,0,0,Matches
171,Axel Disasi\ad82197c,fr FRA,DF,Monaco,23-337,1998,17.3,30,20,15,14,1,14,25,56.0,11,157,68,43.3,75,77,5,27,19,0,8,35,65,66,0,Matches
172,Tiago Djaló\b2336681,pt POR,DF,Lille,21-308,2000,13.8,36,21,23,11,2,13,28,46.4,15,152,56,36.8,86,53,13,25,7,1,18,17,53,53,0,Matches
173,Alexander Djiku\43e7a164,gh GHA,DF,Strasbourg,27-186,1994,16.0,42,25,30,9,3,11,20,55.0,9,166,59,35.5,106,51,9,28,10,0,18,52,94,68,0,Matches
174,Bryan Djile Nokoué\75186a6a,cm CMR,DFMF,Saint-Étienne,19-264,2002,0.6,4,2,2,1,1,0,0,,0,12,5,41.7,8,3,1,1,0,0,1,1,5,0,0,Matches
175,Ouparine Djoco\62124972,sn SEN,GK,Clermont Foot,23-295,1998,10.0,0,0,0,0,0,0,0,,0,3,1,33.3,3,0,0,0,0,0,0,0,0,1,1,Matches
176,Jeremy Doku\fffea3e5,be BEL,MFFW,Rennes,19-260,2002,4.4,4,1,1,1,2,1,6,16.7,5,89,27,30.3,20,37,32,1,0,0,1,5,9,0,0,Matches
177,Kasper Dolberg\cc83b74d,dk DEN,FW,Nice,24-128,1997,11.0,8,3,5,3,0,3,9,33.3,6,185,44,23.8,19,85,81,10,0,0,10,5,13,14,0,Matches
178,Brandon Domingues\2a00c6c0,fr FRA,MFFW,Troyes,21-250,2000,2.6,6,2,3,3,0,1,2,50.0,1,65,20,30.8,14,39,12,4,0,0,4,3,9,0,0,Matches
179,Anastasios Donis\0f26fd24,gr GRE,FWMF,Reims,25-166,1996,3.6,9,6,4,3,2,1,3,33.3,2,62,19,30.6,15,26,21,3,0,0,3,3,12,1,0,Matches
180,Gianluigi Donnarumma\08f5afaa,it ITA,GK,Paris S-G,22-351,1999,10.0,0,0,0,0,0,0,0,,0,0,0,,0,0,0,0,0,0,0,0,0,0,0,Matches
181,Jodel Dossou\a1dbfcb1,bj BEN,FW,Clermont Foot,29-331,1992,15.5,23,19,13,6,4,7,27,25.9,20,259,80,30.9,66,111,82,16,0,0,16,6,29,4,0,Matches
182,Lucas Douath\3cd7820a,fr FRA,MF,Saint-Étienne,18-190,2003,10.0,32,22,17,15,0,8,18,44.4,10,207,64,30.9,85,99,23,8,0,0,8,13,45,9,1,Matches
183,Cheick Doucouré\ce4f40c7,ml MLI,MF,Lens,22-034,2000,18.9,49,39,23,22,4,12,36,33.3,24,312,110,35.3,109,163,40,21,4,0,17,32,81,7,0,Matches
184,Fodé Doucouré\1bfe34dc,ml MLI,DF,Reims,21-008,2001,1.7,12,6,10,2,0,3,8,37.5,5,33,14,42.4,18,12,3,4,0,0,4,5,17,4,0,Matches
185,Kamory Doumbia\9226aa22,fr FRA,FW,Reims,18-358,2003,0.3,0,0,0,0,0,0,0,,0,5,0,0.0,1,0,4,1,0,0,1,0,0,0,0,Matches
186,Souleyman Doumbia\9daeac61,ci CIV,DF,Angers,25-140,1996,12.7,16,12,6,7,3,6,15,40.0,9,118,30,25.4,35,51,32,28,2,0,26,24,40,15,1,Matches
187,Julian Draxler\1a992676,de GER,FWMF,Paris S-G,28-144,1993,4.8,3,3,0,2,1,1,5,20.0,4,42,14,33.3,8,21,13,3,0,0,3,3,6,3,0,Matches
188,Matthieu Dreyer\fbf83734,fr FRA,GK,Lorient,32-328,1989,1.0,0,0,0,0,0,0,0,,0,0,0,,0,0,0,0,0,0,0,0,0,0,0,Matches
189,Leo Dubois\ff0ab48c,fr FRA,DF,Lyon,27-150,1994,14.7,42,28,29,10,3,28,46,60.9,18,214,65,30.4,91,79,44,28,3,2,25,20,62,23,0,Matches
190,Jean-Kevin Duverne\0cbc8baa,fr FRA,DF,Brest,24-214,1997,19.7,47,30,32,13,2,19,54,35.2,35,336,103,30.7,179,122,35,36,4,1,32,46,93,44,1,Matches
191,Enzo Ebosse\9ba7b4fa,cm CMR,DF,Angers,22-337,1999,7.0,8,2,5,1,2,2,6,33.3,4,86,22,25.6,39,37,10,12,5,0,7,10,18,9,0,Matches
192,Hugo Ekitike\5b92d896,fr FRA,FW,Reims,19-236,2002,11.6,15,11,10,3,2,1,5,20.0,4,203,48,23.6,31,92,80,12,2,0,10,14,29,12,0,Matches
193,Alberth Elis\104b4ad3,hn HON,FWMF,Bordeaux,25-364,1996,12.3,19,12,6,7,6,8,19,42.1,11,228,62,27.2,58,93,77,13,0,0,13,13,32,7,0,Matches
194,Sepe Elye Wahi\0d7b6576,fr FRA,FWMF,Montpellier,19-040,2003,10.6,15,8,6,5,4,1,11,9.1,10,177,44,24.9,36,66,75,8,0,0,8,5,20,3,0,Matches
195,Renaud Emond\5c9ac7f0,be BEL,MFFW,Nantes,30-068,1991,2.1,3,2,0,2,1,0,4,0.0,4,36,7,19.4,6,14,16,4,1,1,3,2,5,2,0,Matches
196,Maxime Estève\1a066e69,fr FRA,DF,Montpellier,19-261,2002,10.5,10,5,8,2,0,3,11,27.3,8,121,42,34.7,78,42,1,18,11,0,7,24,34,37,1,Matches
197,Fábio\bc7b4580,br BRA,DF,Nantes,31-217,1990,13.3,52,28,25,21,6,21,52,40.4,31,267,83,31.1,130,93,44,33,4,0,29,30,82,26,1,Matches
198,Cesc Fàbregas\33508c78,es ESP,MF,Monaco,34-283,1987,0.4,0,0,0,0,0,0,1,0.0,1,5,2,40.0,2,1,2,0,0,0,0,0,0,0,0,Matches
199,Wout Faes\9c221d14,be BEL,DF,Reims,23-314,1998,22.0,28,17,19,8,1,13,22,59.1,9,129,49,38.0,78,47,4,33,20,0,13,52,80,104,1,Matches
200,Romain Faivre\745ca0a3,fr FRA,FW,Lyon,23-212,1998,0.5,2,1,2,0,0,2,3,66.7,1,8,3,37.5,3,2,3,0,0,0,0,0,2,0,0,Matches
201,Romain Faivre\745ca0a3,fr FRA,MF,Brest,23-212,1998,19.9,33,25,20,8,5,12,35,34.3,23,294,89,30.3,80,140,74,12,0,0,12,25,58,14,0,Matches
202,Wuilker Faríñez\2c127b6f,ve VEN,GK,Lens,23-361,1998,2.5,0,0,0,0,0,0,0,,0,0,0,,0,0,0,0,0,0,0,0,0,1,0,Matches
203,Noah Fatar\2693f6bc,fr FRA,DFMF,Angers,19-361,2002,0.0,0,0,0,0,0,0,0,,0,4,1,25.0,1,2,1,0,0,0,0,1,1,0,0,Matches
204,Julien Faussurier\767212e6,fr FRA,DFFW,Brest,35-028,1987,2.3,4,3,1,2,1,3,9,33.3,6,42,11,26.2,15,18,9,8,1,0,7,4,8,6,0,Matches
205,Jordan Ferri\375622c5,fr FRA,MF,Montpellier,29-336,1992,20.4,57,40,25,29,3,19,58,32.8,39,389,121,31.1,176,188,25,23,4,0,19,25,82,22,0,Matches
206,Karol Fila\50ac8941,pl POL,DF,Strasbourg,23-243,1998,5.3,13,11,6,4,3,5,7,71.4,2,84,28,33.3,21,37,26,7,2,0,5,6,19,7,0,Matches
207,Alexis Flips\caef7840,fr FRA,FWMF,Reims,22-024,2000,7.8,19,11,6,8,5,9,22,40.9,13,160,50,31.3,50,64,46,19,0,0,19,25,44,6,0,Matches
208,Mamadou Fofana\4c4ffacc,ml MLI,DF,Metz,24-021,1998,0.4,1,1,0,1,0,0,1,0.0,1,2,2,100.0,1,1,0,2,1,0,1,3,4,2,0,Matches
209,Seko Fofana\5313ed43,ci CIV,MF,Lens,26-280,1995,22.8,19,12,6,10,3,7,29,24.1,22,334,85,25.4,98,164,72,20,2,0,18,33,52,8,1,Matches
210,Youssouf Fofana\822d51d7,fr FRA,MF,Monaco,23-032,1999,10.9,40,26,10,24,6,14,25,56.0,11,229,78,34.1,49,150,30,17,1,0,16,21,61,12,1,Matches
211,Thomas Foket\90eb507d,be BEL,DF,Reims,27-139,1994,15.5,22,12,10,9,3,12,32,37.5,20,173,52,30.1,68,71,34,18,1,0,17,25,47,21,0,Matches
212,Thomas Fontaine\9f90c06b,mg MAD,DF,Lorient,30-279,1991,1.9,1,0,1,0,0,0,2,0.0,2,24,4,16.7,12,11,1,3,3,0,0,2,3,8,0,Matches
213,José Fonte\90f87966,pt POR,DF,Lille,38-051,1983,23.0,21,14,17,4,0,7,20,35.0,13,129,43,33.3,74,44,11,34,23,0,11,45,66,86,0,Matches
214,Steven Fortes\574aa9ec,cv CPV,DF,Lens,29-300,1992,1.0,1,0,1,0,0,0,0,,0,10,3,30.0,8,2,0,1,0,0,1,2,3,2,0,Matches
215,Przemysław Frankowski\00a8d210,pl POL,DF,Lens,26-305,1995,19.0,44,26,20,20,4,13,46,28.3,33,336,81,24.1,109,155,72,27,0,0,27,37,81,33,0,Matches
216,Fransérgio\deba6b05,br BRA,MF,Bordeaux,31-116,1990,10.7,21,13,6,8,7,4,26,15.4,22,192,50,26.0,51,105,36,24,7,0,17,14,35,19,1,Matches
217,Angelo Fulgini\4b96c347,fr FRA,MFFW,Angers,25-175,1996,20.3,20,11,7,8,5,8,24,33.3,16,262,64,24.4,52,122,88,23,3,0,20,20,40,2,0,Matches
218,Gauthier Gallon\db3164e1,fr FRA,GK,Troyes,28-294,1993,23.0,0,0,0,0,0,0,0,,0,1,0,0.0,1,0,0,1,0,0,1,0,0,1,0,Matches
219,Kévin Gameiro\42276181,fr FRA,FWMF,Strasbourg,34-278,1987,13.9,8,6,3,4,1,0,7,0.0,7,213,55,25.8,20,98,95,8,0,0,8,8,16,1,0,Matches
220,Idrissa Gana Gueye\72c812f3,sn SEN,MF,Paris S-G,32-138,1989,12.1,42,27,19,12,11,8,33,24.2,25,285,83,29.1,104,126,55,16,4,0,12,24,66,9,1,Matches
221,Ignatius Ganago\23c63b7f,cm CMR,FW,Lens,22-360,1999,6.6,0,0,0,0,0,0,5,0.0,5,76,17,22.4,3,25,48,2,1,0,1,2,2,1,0,Matches
222,Johan Gastien\868eaba0,fr FRA,MF,Clermont Foot,34-017,1988,17.6,35,23,12,20,3,13,47,27.7,34,337,119,35.3,96,191,50,40,6,0,34,39,74,33,0,Matches
223,Valère Germain\ea0ff634,fr FRA,FW,Montpellier,31-300,1990,13.8,15,10,5,7,3,3,14,21.4,11,208,60,28.8,28,90,90,10,1,0,9,5,20,18,0,Matches
224,Gerson\8827bf46,br BRA,MFDF,Marseille,24-267,1997,14.1,25,18,11,11,3,4,16,25.0,12,271,68,25.1,57,147,67,18,4,0,14,14,39,5,1,Matches
225,Willem Geubbels\9836e892,fr FRA,FWMF,Nantes,20-179,2001,2.8,4,1,1,2,1,1,6,16.7,5,64,11,17.2,13,28,23,6,0,0,6,3,7,1,0,Matches
226,Lamine Ghezali\ce84946a,fr FRA,DF,Saint-Étienne,22-220,1999,0.0,0,0,0,0,0,0,0,,0,0,0,,0,0,0,1,0,0,1,0,0,0,0,Matches
227,Nicholas Gioacchini\79ab7593,us USA,MFFW,Montpellier,21-201,2000,4.3,7,3,5,1,1,2,4,50.0,2,78,17,21.8,25,27,26,7,0,0,7,7,14,4,0,Matches
228,Jimmy Giraudon\6ba71da5,fr FRA,DF,Troyes,30-026,1992,18.0,10,7,8,2,0,3,21,14.3,18,135,54,40.0,82,52,1,40,16,1,24,61,71,58,0,Matches
229,Andrei Girotto\3befc2b6,br BRA,DFMF,Nantes,29-359,1992,22.4,70,36,44,18,8,32,61,52.5,29,417,128,30.7,172,213,32,55,23,0,32,48,118,78,0,Matches
230,Aleksandr Golovin\3708e9fa,ru RUS,FWMF,Monaco,25-257,1996,7.7,14,7,2,9,3,5,20,25.0,15,186,45,24.2,30,99,57,11,1,0,10,9,23,2,0,Matches
231,Angel Gomes\645a3363,eng ENG,MF,Lille,21-164,2000,5.3,10,9,2,6,2,4,7,57.1,3,99,27,27.3,23,50,26,4,0,0,4,3,13,3,0,Matches
232,Alfred Gomis\cecbce23,sn SEN,GK,Rennes,28-159,1993,18.0,0,0,0,0,0,0,1,0.0,1,0,0,,0,0,0,0,0,0,0,0,0,0,1,Matches
233,Vagner Gonçalves\743fd71f,cv CPV,MFFW,Metz,26-032,1996,1.0,2,0,0,2,0,2,2,100.0,0,13,4,30.8,0,7,6,0,0,0,0,0,2,0,0,Matches
234,Álvaro González\42dcf26d,es ESP,DF,Marseille,32-034,1990,5.0,1,0,1,0,0,1,1,100.0,0,25,7,28.0,13,10,2,1,0,0,1,3,4,12,0,Matches
235,Amine Gouiri\aad56ca3,fr FRA,FWMF,Nice,21-360,2000,19.7,19,10,1,14,4,3,13,23.1,10,255,75,29.4,25,112,118,23,5,0,18,10,29,10,0,Matches
236,Jonathan Gradit\06c48679,fr FRA,DF,Lens,29-079,1992,21.1,37,19,13,18,6,7,23,30.4,16,174,66,37.9,83,82,9,37,21,0,16,50,87,64,0,Matches
237,Andrew Gravillon\49136c42,fr FRA,DF,Reims,24-003,1998,19.5,25,18,14,11,0,11,20,55.0,9,139,48,34.5,66,63,10,31,13,0,18,41,66,77,0,Matches
238,Adrian Grbić\4a987ffa,at AUT,FWMF,Lorient,25-191,1996,5.8,3,3,0,3,0,1,5,20.0,4,106,22,20.8,11,57,38,5,1,0,4,3,6,7,0,Matches
239,Ivo Grbić\3f034750,hr CRO,GK,Lille,26-024,1996,21.0,0,0,0,0,0,0,0,,0,0,0,,0,0,0,0,0,0,0,0,0,0,0,Matches
240,Etienne Green\667b65da,eng ENG,GK,Saint-Étienne,21-207,2000,13.3,0,0,0,0,0,0,0,,0,4,1,25.0,4,0,0,0,0,0,0,0,0,0,0,Matches
241,Gabriel Gudmundsson\d5d22a58,se SWE,DFMF,Lille,22-288,1999,5.3,22,8,11,7,4,10,19,52.6,9,101,23,22.8,48,38,15,10,1,0,9,9,31,4,0,Matches
242,Noah Guede-Nadje\94b442c0,fr FRA,FW,Angers,18-091,2003,0.0,0,0,0,0,0,0,0,,0,1,0,0.0,0,0,1,0,0,0,0,0,0,0,0,Matches
243,Mattéo Guendouzi\5ea8ef20,fr FRA,MF,Marseille,22-303,1999,20.9,30,22,6,19,5,8,30,26.7,22,272,87,32.0,57,146,69,17,1,0,16,14,44,14,0,Matches
244,Yanis Guermouche\642f9f79,fr FRA,FW,Montpellier,20-302,2001,0.0,0,0,0,0,0,0,0,,0,1,0,0.0,0,0,1,0,0,0,0,0,0,0,0,Matches
245,Evann Guessand\b73f17f8,fr FRA,FW,Nice,20-225,2001,2.1,5,3,1,2,2,0,2,0.0,2,36,6,16.7,5,18,13,3,1,0,2,2,7,0,0,Matches
246,Lamine Gueye\9d5dcc23,sn SEN,MFFW,Metz,23-335,1998,6.2,8,8,3,1,4,3,8,37.5,5,97,33,34.0,26,43,28,5,1,0,4,10,18,1,0,Matches
247,Pape Gueye\7155e3e1,sn SEN,MF,Marseille,23-018,1999,7.6,16,9,8,8,0,7,19,36.8,12,121,40,33.1,35,67,19,9,1,0,8,20,36,12,0,Matches
248,Josuha Guilavogui\e6c43eec,fr FRA,MF,Bordeaux,31-145,1990,1.0,7,5,4,3,0,4,4,100.0,0,25,9,36.0,13,11,1,1,1,0,0,1,8,2,0,Matches
249,Frederic Guilbert\5d8d7454,fr FRA,DF,Strasbourg,27-049,1994,15.8,43,27,23,11,9,20,40,50.0,20,227,68,30.0,74,99,54,31,7,0,24,36,79,24,0,Matches
250,Bruno Guimarães\82518f62,br BRA,MF,Lyon,24-087,1997,18.2,60,44,22,33,5,21,61,34.4,40,423,135,31.9,143,208,72,25,4,1,21,33,93,21,0,Matches
251,Sehrou Guirassy\923f4dda,fr FRA,FW,Rennes,25-336,1996,6.4,4,2,1,1,2,0,3,0.0,3,62,17,27.4,5,26,31,5,2,0,3,1,5,4,0,Matches
252,Malo Gusto\d56b9520,fr FRA,DF,Lyon,18-268,2003,10.9,39,23,20,13,6,13,23,56.5,10,215,73,34.0,88,82,45,27,4,0,23,24,63,20,2,Matches
253,Massadio Haïdara\5167c97e,ml MLI,DF,Lens,29-071,1992,5.3,13,6,10,1,2,6,11,54.5,5,81,19,23.5,43,28,10,10,3,0,7,19,32,14,1,Matches
254,Oualid El Hajjam\9f29c204,ma MAR,DF,Troyes,30-357,1991,10.9,20,11,14,3,3,8,17,47.1,9,96,32,33.3,55,32,9,20,8,1,12,36,56,19,0,Matches
255,Achraf Hakimi\e42d61c7,ma MAR,DF,Paris S-G,23-099,1998,16.8,47,29,31,14,2,20,53,37.7,33,253,75,29.6,116,71,66,20,3,0,17,23,70,15,0,Matches
256,Pierre-Yves Hamel\a99da9ec,fr FRA,FWDF,Lorient,28-008,1994,0.3,0,0,0,0,0,0,1,0.0,1,5,1,20.0,2,2,1,0,0,0,0,1,1,0,0,Matches
257,Pierre-Yves Hamel\a99da9ec,fr FRA,FW,Clermont Foot,28-008,1994,5.4,10,7,1,3,6,2,4,50.0,2,129,29,22.5,9,54,66,4,1,0,3,3,13,0,0,Matches
258,Romain Hamouma\0b4d8274,fr FRA,FW,Saint-Étienne,34-319,1987,7.5,9,4,1,5,3,2,11,18.2,9,135,46,34.1,19,60,56,7,0,0,7,1,10,1,0,Matches
259,Amine Harit\e7d59f4f,ma MAR,FWDF,Marseille,24-238,1997,5.8,15,12,5,6,4,4,8,50.0,4,92,28,30.4,15,40,37,2,0,0,2,2,17,1,0,Matches
260,Henrique\f28474a4,br BRA,DF,Lyon,27-292,1994,5.9,8,3,3,3,2,1,5,20.0,4,68,20,29.4,15,32,21,11,1,0,10,8,16,12,0,Matches
261,Luis Henrique\f36d5624,br BRA,FWMF,Marseille,20-059,2001,6.7,3,2,2,0,1,1,6,16.7,5,82,22,26.8,25,39,18,5,0,0,5,10,13,0,0,Matches
262,Christophe Hérelle\3681cfff,mq MTQ,DF,Brest,29-173,1992,9.0,21,10,14,7,0,3,8,37.5,5,80,27,33.8,56,23,1,11,5,1,6,32,53,35,0,Matches
263,Jérôme Hergault\a84f9a4b,fr FRA,DFMF,Lorient,35-312,1986,3.8,4,2,1,3,0,1,3,33.3,2,37,11,29.7,18,11,8,7,1,0,6,10,14,10,0,Matches
264,Ander Herrera\436a9dd0,es ESP,MF,Paris S-G,32-181,1989,11.2,27,18,7,14,6,13,37,35.1,24,204,61,29.9,45,103,56,17,8,0,9,23,50,8,0,Matches
265,Franck Honorat\db7849ca,fr FRA,MFFW,Brest,25-184,1996,21.0,43,33,19,12,12,19,38,50.0,19,392,103,26.3,92,170,130,29,1,0,28,22,65,7,0,Matches
266,Fraser Hornby\29aee77c,sct SCO,FW,Reims,22-151,1999,0.3,1,1,0,1,0,0,0,,0,3,2,66.7,0,2,1,0,0,0,0,0,1,0,0,Matches
267,Cédric Hountondji\00891164,bj BEN,DF,Clermont Foot,28-023,1994,16.6,30,22,20,10,0,14,19,73.7,5,112,41,36.6,66,44,2,14,7,0,7,32,62,66,1,Matches
268,Suk Hyun-jun\7ffaf233,kr KOR,FWMF,Troyes,30-227,1991,1.7,0,0,0,0,0,0,0,,0,28,6,21.4,2,13,13,2,0,0,2,0,0,2,0,Matches
269,Mauro Icardi\43b78598,ar ARG,FW,Paris S-G,28-357,1993,10.7,3,2,1,1,1,1,5,20.0,4,178,32,18.0,9,55,114,3,0,0,3,9,12,9,0,Matches
270,Jonathan Iglesias\639ca1cf,uy URU,MF,Clermont Foot,33-056,1988,6.4,18,10,6,8,4,8,15,53.3,7,160,49,30.6,58,77,25,11,2,0,9,6,24,3,0,Matches
271,Juan Ignacio Ramírez\ad513a6b,uy URU,FW,Saint-Étienne,25-010,1997,1.4,3,2,0,2,1,2,2,100.0,0,18,8,44.4,0,8,10,0,0,0,0,1,4,0,0,Matches
272,Danylo Ihnatenko\65bbfba3,ua UKR,MF,Bordeaux,24-335,1997,0.1,0,0,0,0,0,0,0,,0,1,0,0.0,0,0,1,0,0,0,0,0,0,0,0,Matches
273,Jonathan Ikone\42eaa028,fr FRA,MFFW,Lille,23-285,1998,11.8,13,9,5,7,1,4,13,30.8,9,201,45,22.4,33,103,65,15,0,0,15,8,21,7,0,Matches
274,Bonke Innocent\546bb36e,ng NGA,MF,Lorient,26-022,1996,1.0,7,4,4,3,0,3,8,37.5,5,28,12,42.9,10,18,0,0,0,0,0,7,14,1,0,Matches
275,Wilson Isidor\a671316d,fr FRA,FWMF,Monaco,21-168,2000,0.6,0,0,0,0,0,0,1,0.0,1,16,1,6.3,3,4,9,1,0,0,1,0,0,0,0,Matches
276,Ismail Jakobs\a0415710,de GER,DF,Monaco,22-178,1999,8.9,27,18,11,13,3,13,24,54.2,11,134,52,38.8,53,55,26,12,2,0,10,8,35,24,0,Matches
277,Abdel Jalil Medioub\4937a9f7,dz ALG,DF,Bordeaux,24-167,1997,5.0,11,5,5,6,0,4,4,100.0,0,34,14,41.2,22,8,4,8,4,0,4,15,26,23,0,Matches
278,Corentin Jean\7d9b37bf,fr FRA,FWDF,Lens,26-211,1995,2.5,7,5,3,3,1,2,5,40.0,3,43,12,27.9,11,16,16,4,0,0,4,0,7,0,0,Matches
279,Jemerson\7cab69b5,br BRA,DF,Metz,29-171,1992,7.5,24,12,17,7,0,4,7,57.1,3,122,42,34.4,92,28,2,21,5,0,16,18,42,22,0,Matches
280,Moritz Jenz\ee644761,de GER,DF,Lorient,22-287,1999,12.6,28,15,16,10,2,10,20,50.0,10,143,51,35.7,89,45,9,29,13,0,16,24,52,52,0,Matches
281,Lenny Joseph\d1828392,fr FRA,FWMF,Metz,21-122,2000,0.9,2,2,0,2,0,0,1,0.0,1,29,6,20.7,5,13,11,3,0,0,3,0,2,0,0,Matches
282,Issa Kaboré\c066d1a5,bf BFA,DF,Troyes,20-275,2001,11.8,29,16,13,13,3,9,22,40.9,13,179,48,26.8,73,80,26,26,1,0,25,16,45,13,0,Matches
283,Tino Kadewere\7d08063d,zw ZIM,FW,Lyon,26-037,1996,2.0,8,4,2,4,2,3,6,50.0,3,51,13,25.5,6,30,15,4,0,0,4,3,11,0,0,Matches
284,Gaël Kakuta\5b1bf5e3,cd COD,MFFW,Lens,30-235,1991,13.9,22,16,5,11,6,3,10,30.0,7,300,89,29.7,42,161,97,14,0,0,14,7,29,4,0,Matches
285,Arnaud Kalimuendo\bf4c41f9,fr FRA,FW,Paris S-G,20-021,2002,0.1,0,0,0,0,0,0,1,0.0,1,4,0,0.0,1,1,2,0,0,0,0,0,0,0,0,Matches
286,Arnaud Kalimuendo\bf4c41f9,fr FRA,FW,Lens,20-021,2002,12.9,2,2,0,1,1,0,4,0.0,4,185,41,22.2,11,67,107,4,1,0,3,5,7,0,0,Matches
287,Samuel Kalu\b8d22478,ng NGA,FWMF,Bordeaux,24-169,1997,3.6,11,9,6,3,2,2,4,50.0,2,45,10,22.2,15,18,12,2,0,0,2,2,13,1,0,Matches
288,Boubacar Kamara\cc77354e,fr FRA,MF,Marseille,22-080,1999,17.0,41,28,21,18,2,12,25,48.0,13,275,113,41.1,92,134,49,28,8,0,20,34,75,28,0,Matches
289,Hassane Kamara\19a12bed,ci CIV,MFDF,Nice,27-145,1994,6.0,17,9,7,6,4,7,10,70.0,3,89,24,27.0,18,44,27,10,2,0,8,13,30,6,0,Matches
290,Jean-Armel Kana-Biyik\76a4233b,cm CMR,DF,Metz,32-223,1989,3.5,6,6,2,4,0,2,3,66.7,1,35,11,31.4,20,15,0,4,1,0,3,13,19,13,1,Matches
291,Nordine Kandil\c5908bc4,fr FRA,MFFW,Strasbourg,20-103,2001,0.9,1,0,1,0,0,1,1,100.0,0,15,6,40.0,1,6,8,1,1,0,0,1,2,0,0,Matches
292,Eiji Kawashima\a4527d33,jp JPN,GK,Strasbourg,38-328,1983,1.0,0,0,0,0,0,0,0,,0,0,0,,0,0,0,0,0,0,0,0,0,0,0,Matches
293,Ilan Kebbal\37d04e90,dz ALG,MFFW,Reims,23-217,1998,13.6,25,13,8,9,8,5,31,16.1,26,239,67,28.0,60,114,65,10,0,0,10,14,39,2,0,Matches
294,Thilo Kehrer\51dbeea9,de GER,DF,Paris S-G,25-143,1996,12.1,20,15,8,8,4,5,13,38.5,8,127,51,40.2,58,46,23,16,9,0,7,20,40,28,0,Matches
295,Habib Keita\cc588cbe,ml MLI,MFFW,Lyon,20-006,2002,0.1,0,0,0,0,0,0,0,,0,0,0,,0,0,0,0,0,0,0,0,0,0,0,Matches
296,Saîf-Eddine Khaoui\796b1c41,tn TUN,MF,Clermont Foot,26-290,1995,3.4,7,7,2,3,2,1,4,25.0,3,45,13,28.9,8,22,15,2,0,0,2,2,9,3,0,Matches
297,Wahbi Khazri\2677a1de,tn TUN,FWMF,Saint-Étienne,31-003,1991,17.9,20,14,2,11,7,4,22,18.2,18,248,68,27.4,26,103,119,14,0,0,14,15,35,5,0,Matches
298,Presnel Kimpembe\aef6e670,fr FRA,DF,Paris S-G,26-182,1995,16.8,24,13,16,6,2,7,10,70.0,3,106,30,28.3,53,42,11,16,9,0,7,37,61,46,1,Matches
299,Justin Kluivert\4c3a6744,nl NED,MF,Nice,22-282,1999,9.7,11,5,6,4,1,2,12,16.7,10,148,34,23.0,43,79,26,15,0,0,15,13,24,1,0,Matches
300,Philippe Koffi\9f1c2822,fr FRA,FW,Reims,19-339,2002,4.2,5,2,0,5,0,0,3,0.0,3,80,20,25.0,4,38,38,4,1,0,3,3,8,3,0,Matches
301,Sead Kolašinac\3935e52e,ba BIH,DF,Marseille,28-236,1993,0.7,2,2,0,1,1,2,2,100.0,0,7,4,57.1,0,4,3,1,0,0,1,0,2,0,0,Matches
302,Randal Kolo Muani\c0b3669f,fr FRA,FW,Nantes,23-068,1998,20.7,12,8,4,4,4,6,21,28.6,15,319,70,21.9,26,133,160,16,4,0,12,7,19,18,0,Matches
303,Timothée Kolodziejczak\ab096c6f,fr FRA,DF,Saint-Étienne,30-133,1991,19.1,27,19,15,10,2,9,22,40.9,13,173,71,41.0,90,65,18,33,7,0,26,39,66,67,2,Matches
304,Ghislain Konan\6b2c894b,ci CIV,DF,Reims,26-046,1995,17.5,24,15,13,11,0,10,20,50.0,10,141,47,33.3,59,61,21,35,6,0,29,39,63,32,0,Matches
305,Ibrahima Koné\04bb2b06,ml MLI,FW,Lorient,22-240,1999,0.2,1,1,0,1,0,0,0,,0,4,1,25.0,1,2,1,0,0,0,0,0,1,0,0,Matches
306,Youssouf Koné\e6eadfb8,ml MLI,DF,Troyes,26-221,1995,6.0,16,9,13,3,0,7,17,41.2,10,69,18,26.1,38,24,7,13,2,0,11,6,22,6,0,Matches
307,Laurent Koscielny\f5efb153,fr FRA,DF,Bordeaux,36-154,1985,10.4,14,8,6,7,1,6,13,46.2,7,74,25,33.8,47,21,6,24,14,0,10,29,43,42,1,Matches
308,Rominigue Kouamé\86a2ba20,ml MLI,MF,Troyes,25-056,1996,19.8,30,15,13,13,4,13,34,38.2,21,326,96,29.4,96,199,31,18,3,0,15,39,69,9,0,Matches
309,Boubakar Kouyaté\562a4799,ml MLI,DF,Metz,24-302,1997,15.6,38,17,20,18,0,14,35,40.0,21,185,57,30.8,113,65,7,39,20,0,19,40,78,131,0,Matches
310,Jean-Philippe Krasso\037f2523,fr FRA,FW,Saint-Étienne,24-209,1997,5.0,6,4,0,4,2,3,9,33.3,6,118,37,31.4,11,54,53,7,1,0,6,0,6,1,0,Matches
311,Mykola Kukharevych\8197a269,ua UKR,FW,Troyes,20-225,2001,0.2,0,0,0,0,0,0,0,,0,6,1,16.7,0,4,2,0,0,0,0,0,0,0,0,Matches
312,Enock Kwateng\4bf69118,fr FRA,DF,Bordeaux,24-308,1997,16.6,33,21,17,13,3,14,42,33.3,28,161,57,35.4,78,61,22,28,3,0,25,56,89,44,0,Matches
313,Grejohn Kyei\397ba086,fr FRA,FW,Clermont Foot,26-183,1995,0.3,0,0,0,0,0,0,0,,0,12,3,25.0,0,4,8,2,0,0,2,0,0,0,0,Matches
314,Gaëtan Laborde\7cdda3bf,fr FRA,FW,Rennes,27-284,1994,18.4,12,9,3,4,5,1,11,9.1,10,296,83,28.0,16,121,159,20,2,0,18,11,23,12,0,Matches
315,Gaëtan Laborde\7cdda3bf,fr FRA,FW,Montpellier,27-284,1994,3.8,3,1,1,0,2,1,3,33.3,2,48,14,29.2,7,18,23,3,0,0,3,4,7,8,0,Matches
316,Tom Lacoux\295ba708,fr FRA,MF,Bordeaux,20-017,2002,4.9,14,10,7,7,0,5,15,33.3,10,103,36,35.0,37,61,5,8,1,0,7,7,21,11,0,Matches
317,Lenny Lacroix\5413ef36,fr FRA,DF,Metz,19-005,2003,0.5,2,1,1,1,0,0,0,,0,8,1,12.5,4,4,0,1,0,0,1,1,3,3,0,Matches
318,Alban Lafont\4e7db402,fr FRA,GK,Nantes,23-019,1999,23.0,0,0,0,0,0,0,3,0.0,3,6,1,16.7,6,0,0,0,0,0,0,0,0,0,0,Matches
319,Julien Laporte\f066022d,fr FRA,DF,Lorient,28-099,1993,20.1,48,30,25,23,0,17,33,51.5,16,206,79,38.3,124,77,5,37,16,0,21,47,95,124,0,Matches
320,Yasser Larouci\0ed063d6,dz ALG,DF,Troyes,21-041,2001,0.2,1,0,1,0,0,0,0,,0,5,0,0.0,4,0,1,1,0,0,1,1,2,1,0,Matches
321,Paul Lasne\542cc80f,fr FRA,MF,Brest,33-026,1989,2.0,3,1,1,1,1,1,5,20.0,4,46,14,30.4,7,31,8,2,0,0,2,3,6,3,0,Matches
322,Armand Lauriente\2d22cea7,fr FRA,FWMF,Lorient,23-069,1998,15.5,22,18,5,12,5,8,19,42.1,11,274,71,25.9,34,143,97,10,0,0,10,17,39,0,0,Matches
323,Théo Le Bris\afe39ca8,fr FRA,MF,Lorient,19-133,2002,0.7,2,2,0,2,0,0,1,0.0,1,12,3,25.0,5,6,1,4,0,0,4,1,3,0,0,Matches
324,Jérémy Le Douaron\88c4d190,fr FRA,FWMF,Brest,23-296,1998,13.4,6,5,2,3,1,0,13,0.0,13,329,68,20.7,34,192,103,15,2,0,13,7,13,12,0,Matches
325,Enzo Le Fée\6f806d99,fr FRA,MF,Lorient,22-008,2000,14.8,43,29,17,21,5,12,55,21.8,43,369,102,27.6,130,188,51,13,0,0,13,29,72,7,0,Matches
326,Vincent Le Goff\2321ea6e,fr FRA,DF,Lorient,32-119,1989,19.0,43,23,26,15,2,25,47,53.2,22,246,73,29.7,102,117,27,23,2,0,21,21,64,31,1,Matches
327,Maxime Le Marchand\321a71a7,fr FRA,DF,Strasbourg,32-123,1989,7.2,12,3,11,1,0,3,7,42.9,4,68,18,26.5,44,21,3,12,6,0,6,14,26,17,0,Matches
328,Jean-Louis Leca\edbe46dc,fr FRA,GK,Lens,36-143,1985,20.5,0,0,0,0,0,0,0,,0,0,0,,0,0,0,0,0,0,0,0,0,0,0,Matches
329,Félix Lemaréchal\8ca9415f,ci CIV,MF,Monaco,18-188,2003,0.1,0,0,0,0,0,0,0,,0,2,1,50.0,0,1,1,0,0,0,0,0,0,0,0,Matches
330,Mario Lemina\2b471f99,ga GAB,MF,Nice,28-163,1993,14.9,47,29,21,19,7,15,29,51.7,14,196,76,38.8,72,102,22,20,5,1,15,38,85,25,0,Matches
331,Fabien Lemoine\54d51e22,fr FRA,MF,Lorient,34-332,1987,9.5,32,23,15,14,3,12,36,33.3,24,237,72,30.4,104,110,23,15,3,0,12,15,47,17,0,Matches
332,Léo Leroy\fcc84a07,fr FRA,MF,Montpellier,21-362,2000,2.1,8,4,6,2,0,2,10,20.0,8,68,12,17.6,24,31,13,5,1,0,4,1,9,3,0,Matches
333,Yanis Lhery\cc972842,fr FRA,FWMF,Saint-Étienne,18-280,2003,0.8,2,1,2,0,0,0,0,,0,28,8,28.6,5,16,7,3,0,0,3,1,3,0,0,Matches
334,Dimitri Liénard\f7691f63,fr FRA,DFMF,Strasbourg,33-363,1988,13.3,36,17,18,9,9,19,43,44.2,24,203,53,26.1,88,73,42,18,0,0,18,20,56,10,0,Matches
335,Isaac Lihadji\57a46f3f,fr FRA,MFDF,Lille,19-307,2002,1.8,2,1,1,1,0,1,4,25.0,3,38,12,31.6,12,15,11,0,0,0,0,3,5,1,0,Matches
336,Pol Lirola\ff800ed8,es ESP,DFMF,Marseille,24-182,1997,13.3,13,8,5,6,2,6,24,25.0,18,142,52,36.6,38,61,43,20,0,0,20,21,34,13,0,Matches
337,Banzouzi Locko\6bf7cabe,fr FRA,DFMF,Reims,19-281,2002,5.5,17,8,4,9,4,5,8,62.5,3,93,29,31.2,34,46,13,11,3,0,8,6,23,3,0,Matches
338,Anthony Lopes\f00de885,pt POR,GK,Lyon,31-133,1990,21.8,0,0,0,0,0,0,0,,0,4,0,0.0,4,0,0,0,0,0,0,0,0,0,1,Matches
339,Pau López\20b9f052,es ESP,GK,Marseille,27-060,1994,19.0,0,0,0,0,0,0,0,,0,0,0,,0,0,0,0,0,0,0,0,0,1,0,Matches
340,Dion Lopy\64c14d49,sn SEN,MF,Reims,20-009,2002,8.7,22,15,15,5,2,5,21,23.8,16,203,49,24.1,84,103,16,10,1,0,9,18,40,7,0,Matches
341,Samuel Loric\9004f318,fr FRA,DF,Lorient,21-221,2000,3.0,7,3,3,3,1,1,3,33.3,2,47,15,31.9,15,24,8,7,0,0,7,10,17,8,0,Matches
342,Jordan Lotomba\fc4cf6a7,ch SUI,DF,Nice,23-135,1998,11.2,24,11,10,12,2,14,27,51.9,13,114,35,30.7,43,50,21,18,2,0,16,14,38,15,0,Matches
343,Jean Lucas\a99138af,br BRA,MF,Monaco,23-234,1998,10.1,36,26,10,22,4,9,26,34.6,17,227,75,33.0,56,124,47,17,6,0,11,17,53,2,0,Matches
344,Castello Lukeba\5b9512c5,fr FRA,DF,Lyon,19-056,2002,9.5,17,10,13,4,0,5,12,41.7,7,100,38,38.0,60,34,6,8,4,0,4,27,44,29,1,Matches
345,Levi Lumeka\199ff86e,eng ENG,DFFW,Troyes,23-159,1998,0.7,0,0,0,0,0,0,0,,0,27,4,14.8,10,13,4,0,0,0,0,0,0,2,0,Matches
346,Yannis M'Bemba\080de72a,fr FRA,DFFW,Nantes,20-225,2001,0.1,0,0,0,0,0,0,0,,0,2,2,100.0,2,0,0,0,0,0,0,0,0,0,0,Matches
347,Deiver Machado\b3f8bdef,co COL,DF,Lens,28-162,1993,3.4,8,5,4,2,2,5,5,100.0,0,55,21,38.2,19,21,15,6,0,0,6,2,10,5,0,Matches
348,Yvann Macon\0bb6e193,fr FRA,DF,Saint-Étienne,23-133,1998,13.7,41,27,23,16,2,14,41,34.1,27,241,75,31.1,104,96,41,35,5,0,30,23,64,22,1,Matches
349,Louis Mafouta\bec3d251,cf CTA,FW,Metz,27-224,1994,0.5,1,1,0,1,0,0,0,,0,13,2,15.4,0,4,9,0,0,0,0,0,1,1,0,Matches
350,Hugo Magnetti\d4d35152,fr FRA,MF,Brest,23-257,1998,10.3,38,30,19,16,3,11,25,44.0,14,226,88,38.9,97,110,19,7,2,0,5,31,69,10,0,Matches
351,Yohann Magnin\caa7aaea,fr FRA,MFDF,Clermont Foot,24-235,1997,7.2,22,15,8,11,3,6,11,54.5,5,106,47,44.3,36,50,20,6,2,0,4,11,33,10,0,Matches
352,Habib Maïga\e768de1f,ci CIV,MFDF,Metz,26-041,1996,12.4,46,28,27,15,4,20,43,46.5,23,323,91,28.2,131,160,32,27,8,0,19,14,60,17,0,Matches
353,Josh Maja\bc0bfc64,ng NGA,FW,Bordeaux,23-046,1998,0.1,0,0,0,0,0,0,0,,0,2,0,0.0,0,0,2,0,0,0,0,0,0,0,0,Matches
354,Abdul Majeed Waris\46907171,gh GHA,MFFW,Strasbourg,30-145,1991,3.6,4,3,2,2,0,4,7,57.1,3,36,8,22.2,6,11,19,2,0,0,2,2,6,1,0,Matches
355,Lovro Majer\fc46aab1,hr CRO,MF,Rennes,24-025,1998,8.6,19,13,5,13,1,5,20,25.0,15,186,48,25.8,31,92,63,10,2,0,8,14,33,4,0,Matches
356,Béni Makouana\654f49ca,cg CGO,FWMF,Montpellier,19-136,2002,2.0,4,4,1,1,2,0,1,0.0,1,52,14,26.9,5,25,22,1,0,0,1,2,6,1,0,Matches
357,Hianga Mananga Mbock\0f86995c,fr FRA,MF,Brest,22-045,1999,8.2,22,14,9,10,3,9,22,40.9,13,215,56,26.0,76,112,27,10,2,0,8,5,27,7,0,Matches
358,Vincent Manceau\c26a3918,fr FRA,DF,Angers,32-216,1989,20.0,28,14,14,14,0,10,31,32.3,21,184,65,35.3,102,68,14,33,7,0,26,36,64,54,0,Matches
359,Steve Mandanda\1d2d5cc8,fr FRA,GK,Marseille,36-320,1985,4.0,0,0,0,0,0,0,0,,0,0,0,,0,0,0,1,0,0,1,0,0,0,0,Matches
360,Reinildo Mandava\c20bdcd7,mz MOZ,DF,Lille,28-021,1994,16.9,50,34,38,8,4,30,53,56.6,23,215,77,35.8,122,69,24,39,4,0,35,36,86,48,1,Matches
361,Eliaquim Mangala\f520049f,fr FRA,DF,Saint-Étienne,30-363,1991,0.8,0,0,0,0,0,0,0,,0,2,1,50.0,1,1,0,1,0,0,1,2,2,2,0,Matches
362,Thomas Mangani\c801616a,fr FRA,MF,Angers,34-288,1987,18.6,54,36,25,29,0,21,49,42.9,28,408,112,27.5,154,223,31,33,7,0,26,33,87,33,0,Matches
363,Ricardo Mangas\eef2d8ce,pt POR,DF,Bordeaux,23-329,1998,18.2,25,12,19,4,2,12,26,46.2,14,209,62,29.7,117,72,20,28,1,0,27,37,62,38,2,Matches
364,Myziane Maolida\706a60e1,fr FRA,MFFW,Nice,22-362,1999,0.4,1,1,1,0,0,0,0,,0,6,3,50.0,4,2,0,1,0,0,1,0,1,0,0,Matches
365,Sekou Mara\3544641e,fr FRA,FWMF,Bordeaux,19-196,2002,4.7,3,2,1,1,1,0,3,0.0,3,90,20,22.2,4,51,35,3,0,0,3,0,3,1,0,Matches
366,Marcelo\e3d0b0c4,br BRA,DF,Lyon,34-267,1987,2.0,4,3,0,4,0,4,5,80.0,1,16,9,56.3,7,9,0,4,2,1,2,4,8,12,0,Matches
367,Guillermo Maripán\d9764034,cl CHI,DF,Monaco,27-281,1994,15.2,33,24,24,9,0,17,36,47.2,19,143,59,41.3,96,47,0,22,13,1,9,31,64,57,0,Matches
368,Marquinhos\d5f2f82b,br BRA,DF,Paris S-G,27-273,1994,18.0,16,9,11,4,1,8,18,44.4,10,146,49,33.6,73,55,18,27,14,0,13,27,43,59,0,Matches
369,Jonas Martin\468fdbad,fr FRA,MF,Rennes,31-308,1990,13.7,27,17,10,16,1,14,30,46.7,16,207,57,27.5,64,118,25,17,3,0,14,15,42,17,0,Matches
370,Gelson Martins\3ef0fa48,pt POR,FWMF,Monaco,26-276,1995,15.6,36,21,8,26,2,12,44,27.3,32,343,105,30.6,57,178,108,18,1,0,17,20,56,2,0,Matches
371,Pape Matar Sarr\feb5d972,sn SEN,MF,Metz,19-150,2002,13.9,31,21,13,12,6,8,24,33.3,16,245,67,27.3,82,113,50,20,2,0,18,21,52,11,0,Matches
372,Eliot Matazo\15944afd,be BEL,MF,Monaco,19-361,2002,7.6,9,8,3,6,0,2,8,25.0,6,148,41,27.7,43,81,24,11,2,0,9,16,25,8,0,Matches
373,Chrislain Matsima\cf1ef7ec,fr FRA,DF,Monaco,19-272,2002,1.3,4,3,1,3,0,2,6,33.3,4,19,7,36.8,10,9,0,2,2,0,0,2,6,5,0,Matches
374,Azor Matusiwa\a17a94d6,nl NED,MF,Reims,23-289,1998,13.8,42,27,16,24,2,14,26,53.8,12,214,72,33.6,85,111,18,28,5,0,23,33,75,23,0,Matches
375,Stephy Mavididi\30144daa,eng ENG,FWMF,Montpellier,23-256,1998,18.8,22,11,10,9,3,13,26,50.0,13,310,74,23.9,81,132,97,17,2,0,15,19,41,6,0,Matches
376,Kylian Mbappé\42fd9c7f,fr FRA,FW,Paris S-G,23-053,1998,19.7,9,7,1,3,5,4,10,40.0,6,165,42,25.5,10,39,116,2,0,0,2,10,19,10,0,Matches
377,Amadou Mbengue\14d2670e,sn SEN,DFMF,Metz,20-037,2002,5.4,16,10,10,6,0,6,13,46.2,7,88,24,27.3,42,42,4,14,3,0,11,6,22,16,0,Matches
378,Jason Mbock\890bc029,fr FRA,FW,Angers,22-102,1999,0.2,0,0,0,0,0,0,0,,0,11,5,45.5,1,4,6,0,0,0,0,0,0,0,0,Matches
379,Moustapha Mbow\3f3a2cba,sn SEN,DF,Reims,21-340,2000,1.0,6,4,3,2,1,1,2,50.0,1,17,6,35.3,11,5,1,0,0,0,0,1,7,6,0,Matches
380,Nathanael Mbuku\46750e9c,fr FRA,FWMF,Reims,19-332,2002,10.6,15,10,5,8,2,3,6,50.0,3,157,48,30.6,38,67,52,10,1,0,9,18,33,6,0,Matches
381,Facundo Medina\6f5ec8bb,ar ARG,DF,Lens,22-259,1999,18.0,48,32,29,16,3,25,43,58.1,18,231,86,37.2,94,118,19,31,4,0,27,33,81,47,0,Matches
382,Farid El Melali\d21e361a,dz ALG,FW,Angers,24-213,1997,0.2,0,0,0,0,0,0,0,,0,6,1,16.7,2,3,1,1,0,0,1,0,0,0,0,Matches
383,Birger Meling\70c52749,no NOR,DF,Rennes,27-056,1994,13.8,35,21,20,10,5,18,30,60.0,12,169,64,37.9,73,53,43,23,3,0,20,21,56,24,0,Matches
384,Houboulang Mendes\1545cf15,fr FRA,DF,Lorient,23-283,1998,21.8,46,24,30,13,3,21,38,55.3,17,283,94,33.2,155,104,24,40,17,0,23,45,91,94,2,Matches
385,Nuno Mendes\f20e4cc9,pt POR,DF,Paris S-G,19-237,2002,10.2,21,9,11,7,3,11,24,45.8,13,138,51,37.0,47,66,25,24,4,0,20,21,42,10,0,Matches
386,Thiago Mendes\c6e5d20f,br BRA,MFDF,Lyon,29-333,1992,9.5,27,16,12,13,2,9,18,50.0,9,170,55,32.4,49,100,21,16,4,0,12,25,52,15,0,Matches
387,Arial Mendy\9f0f4b49,sn SEN,FWDF,Clermont Foot,27-096,1994,5.0,4,3,4,0,0,3,12,25.0,9,51,9,17.6,15,18,18,6,1,0,5,4,8,4,0,Matches
388,Batista Mendy\e472a6f6,fr FRA,MFDF,Angers,22-030,2000,15.8,32,23,15,14,3,12,31,38.7,19,253,78,30.8,109,127,17,33,3,0,30,25,57,19,0,Matches
389,Gideon Mensah\9bdd8118,gh GHA,DF,Bordeaux,23-208,1998,5.5,14,7,8,3,3,6,11,54.5,5,85,26,30.6,38,32,15,6,1,0,5,12,26,7,0,Matches
390,Quentin Merlin\0bfca6a1,fr FRA,DF,Nantes,19-271,2002,9.5,24,10,11,9,4,12,21,57.1,9,167,46,27.5,66,74,27,14,2,1,12,20,44,8,0,Matches
391,Lionel Messi\d70ce98e,ar ARG,FWMF,Paris S-G,34-232,1987,10.9,4,3,0,3,1,1,8,12.5,7,99,25,25.3,9,42,48,2,0,0,2,9,13,0,0,Matches
392,Mexer\ce492295,mz MOZ,DF,Bordeaux,33-156,1988,13.6,17,13,13,4,0,8,20,40.0,12,65,23,35.4,46,15,4,19,9,0,10,29,46,75,0,Matches
393,Edouard Michut\fe6c1add,fr FRA,MF,Paris S-G,18-344,2003,0.3,0,0,0,0,0,0,0,,0,5,3,60.0,2,3,0,0,0,0,0,0,0,2,0,Matches
394,Georges Mikautadze\4788cb6b,ge GEO,FW,Metz,21-103,2000,0.0,0,0,0,0,0,0,0,,0,1,0,0.0,0,0,1,0,0,0,0,1,1,0,0,Matches
395,William Mikelbrencis\14df1d7f,fr FRA,DF,Metz,17-351,2004,0.7,2,2,1,1,0,0,0,,0,10,2,20.0,6,4,0,1,0,0,1,1,3,0,0,Matches
396,Arkadiusz Milik\85613cf0,pl POL,FW,Marseille,27-348,1994,8.8,7,3,0,5,2,3,9,33.3,6,143,48,33.6,9,49,85,3,1,0,2,2,9,7,0,Matches
397,Terem Moffi\065dc209,ng NGA,FW,Lorient,22-262,1999,19.6,11,8,2,3,6,3,11,27.3,8,250,71,28.4,16,114,120,11,2,0,9,6,17,13,0,Matches
398,Dion Moise Sahi\cdc4458b,ci CIV,FWMF,Strasbourg,20-053,2001,1.1,0,0,0,0,0,0,0,,0,16,3,18.8,3,7,6,1,0,0,1,0,0,0,0,Matches
399,Florent Mollet\7e82a78f,fr FRA,FWMF,Montpellier,30-084,1991,17.6,21,12,13,6,2,8,36,22.2,28,250,60,24.0,75,112,63,24,2,0,22,17,38,7,0,Matches
400,Thomas Monconduit\84d94b91,fr FRA,MF,Lorient,31-001,1991,14.3,28,20,13,12,3,5,20,25.0,15,277,76,27.4,86,161,30,21,3,0,18,19,47,28,0,Matches
401,Jérémy Morel\e97150c0,mg MAD,DF,Lorient,37-315,1984,3.5,10,6,7,3,0,3,3,100.0,0,29,13,44.8,15,13,1,6,4,0,2,10,20,19,0,Matches
402,Lebo Mothiba\3eaf8817,za RSA,FW,Troyes,26-014,1996,0.5,1,1,0,1,0,1,1,100.0,0,8,4,50.0,0,4,4,0,0,0,0,0,1,0,0,Matches
403,Lebo Mothiba\3eaf8817,za RSA,FW,Strasbourg,26-014,1996,0.0,0,0,0,0,0,0,0,,0,2,1,50.0,0,1,1,0,0,0,0,0,0,0,0,Matches
404,Baptiste Mouazan\81ac108d,fr FRA,MF,Lorient,20-137,2001,1.1,4,3,2,2,0,0,1,0.0,1,33,9,27.3,14,15,4,3,0,0,3,1,5,2,0,Matches
405,Aimen Moueffek\2591b066,fr FRA,MF,Saint-Étienne,20-308,2001,4.1,6,5,1,5,0,1,8,12.5,7,103,36,35.0,29,51,23,2,0,0,2,6,12,3,0,Matches
406,Harold Moukoudi\5f26e0c5,cm CMR,DF,Saint-Étienne,24-076,1997,12.2,23,16,18,5,0,6,21,28.6,15,121,61,50.4,76,44,1,27,9,0,18,31,54,49,2,Matches
407,Steve Mounié\19ba6c6d,bj BEN,FW,Brest,27-135,1994,17.0,13,7,1,9,3,3,17,17.6,14,363,86,23.7,33,226,104,11,3,0,8,9,22,10,0,Matches
408,Samuel Moutoussamy\af0c835b,cd COD,MF,Nantes,25-183,1996,10.0,34,23,17,9,8,12,32,37.5,20,307,70,22.8,100,169,38,6,0,0,6,18,52,12,0,Matches
409,Marshall Munetsi\2acf0cd7,zw ZIM,MF,Reims,25-234,1996,9.2,34,15,16,16,2,10,24,41.7,14,192,60,31.3,59,110,23,20,4,0,16,21,55,27,0,Matches
410,Kévin N'Doram\e50623a0,fr FRA,MFDF,Metz,26-020,1996,7.4,7,7,3,4,0,0,10,0.0,10,112,34,30.4,35,65,12,14,2,0,12,17,24,14,1,Matches
411,Vital N'Simba\249ac66d,cd COD,DF,Clermont Foot,28-218,1993,20.7,58,44,32,20,6,28,41,68.3,13,228,88,38.6,110,85,33,32,4,0,28,43,101,16,1,Matches
412,Mickael Nade\a6b6fa6e,fr FRA,DF,Saint-Étienne,22-344,1999,14.9,41,24,32,8,1,14,19,73.7,5,162,71,43.8,103,51,8,33,9,0,24,41,82,59,0,Matches
413,Paul Nardi\2d70dbe5,fr FRA,GK,Lorient,27-269,1994,22.0,0,0,0,0,0,0,1,0.0,1,4,0,0.0,4,0,0,0,0,0,0,0,0,0,3,Matches
414,Keylor Navas\ecada4fc,cr CRC,GK,Paris S-G,35-058,1986,12.7,0,0,0,0,0,0,0,,0,2,0,0.0,2,0,0,0,0,0,0,0,0,0,1,Matches
415,Papa Ndiaga Yade\87e9c7cd,sn SEN,DFMF,Metz,22-037,2000,5.5,14,7,7,4,3,4,9,44.4,5,76,20,26.3,32,30,14,5,1,0,4,10,24,8,0,Matches
416,Tanguy Ndombele\5cdddffa,fr FRA,MF,Lyon,25-045,1996,0.5,1,1,0,1,0,1,2,50.0,1,7,5,71.4,2,3,2,0,0,0,0,1,2,0,0,Matches
417,Dan Ndoye\8e697a8f,ch SUI,FWMF,Nice,21-109,2000,2.3,1,1,0,1,0,0,5,0.0,5,37,7,18.9,2,20,15,3,0,0,3,0,1,1,0,Matches
418,Neymar\69384e5d,br BRA,FWMF,Paris S-G,30-006,1992,9.2,10,6,2,3,5,4,17,23.5,13,129,36,27.9,23,45,61,4,0,0,4,7,17,0,0,Matches
419,Yvan Neyou\0ad37003,cm CMR,MF,Saint-Étienne,25-039,1997,9.9,29,16,11,17,1,5,23,21.7,18,144,48,33.3,50,80,14,16,3,0,13,25,54,13,1,Matches
420,Opa Nguette\75a63397,sn SEN,FWMF,Metz,27-218,1994,9.0,21,14,10,7,4,7,12,58.3,5,164,45,27.4,36,72,56,10,2,0,8,2,23,8,0,Matches
421,Sikou Niakaté\8eef18aa,fr FRA,DF,Metz,22-216,1999,4.2,10,5,6,4,0,6,11,54.5,5,55,16,29.1,27,26,2,11,4,0,7,15,25,25,0,Matches
422,Ibrahima Niane\46faabfa,sn SEN,FW,Metz,22-337,1999,15.0,1,0,0,1,0,0,5,0.0,5,179,50,27.9,19,65,95,8,2,0,6,6,7,12,0,Matches
423,M'Baye Niang\2054d037,sn SEN,FW,Bordeaux,27-054,1994,2.7,1,1,0,0,1,0,0,,0,46,9,19.6,4,26,16,1,1,0,0,0,1,1,0,Matches
424,Cheikh Niasse\ff20acfe,sn SEN,MFFW,Lille,22-023,2000,0.5,2,2,1,0,1,1,2,50.0,1,10,4,40.0,5,4,1,4,1,0,3,0,2,2,0,Matches
425,Casimir Ninga\91f2da4c,td CHA,FW,Angers,28-270,1993,3.2,4,0,1,3,0,1,5,20.0,4,61,10,16.4,5,35,21,2,0,0,2,2,6,0,0,Matches
426,Arnaud Nordin\7b9a9e25,fr FRA,MFFW,Saint-Étienne,23-239,1998,12.0,14,11,7,5,2,4,14,28.6,10,165,48,29.1,31,80,54,15,0,0,15,10,24,5,0,Matches
427,Alexander Nübel\afb0c500,de GER,GK,Monaco,25-134,1996,23.0,0,0,0,0,0,0,0,,0,2,0,0.0,2,0,0,0,0,0,0,0,0,0,1,Matches
428,Gerzino Nyamsi\6043997c,fr FRA,DF,Strasbourg,25-020,1997,18.2,24,11,16,8,0,10,17,58.8,7,118,49,41.5,74,37,7,22,9,0,13,21,45,61,1,Matches
429,Florent Ogier\6993927b,fr FRA,DF,Clermont Foot,32-327,1989,18.3,23,13,19,4,0,9,18,50.0,9,138,54,39.1,82,51,5,39,16,1,23,25,48,78,1,Matches
430,Warmed Omari\4534a352,fr FRA,DF,Rennes,21-294,2000,16.1,22,14,14,8,0,10,16,62.5,6,116,45,38.8,60,49,7,18,9,0,9,27,49,59,3,Matches
431,Jonas Omlin\c631f952,ch SUI,GK,Montpellier,28-032,1994,17.8,0,0,0,0,0,0,1,0.0,1,3,0,0.0,3,0,0,1,0,0,1,0,0,0,2,Matches
432,Amadou Onana\828657ff,be BEL,MF,Lille,20-179,2001,7.8,19,12,8,9,2,1,4,25.0,3,133,43,32.3,42,79,12,4,2,0,2,20,39,11,0,Matches
433,Jean Onana\b5bb8188,cm CMR,MF,Bordeaux,22-034,2000,9.7,34,24,16,15,3,14,36,38.9,22,231,81,35.1,70,125,36,30,3,0,27,44,78,9,0,Matches
434,Otávio\243f4a0b,br BRA,MF,Bordeaux,27-283,1994,12.7,43,31,22,19,2,17,43,39.5,26,293,84,28.7,98,168,27,12,4,0,8,17,60,16,0,Matches
435,Dango Ouattara\2f9e4435,bf BFA,FWMF,Lorient,20-000,2002,3.7,13,8,4,9,0,5,8,62.5,3,76,20,26.3,24,29,23,8,0,0,8,7,20,8,1,Matches
436,Remi Oudin\ea02beaf,fr FRA,MFFW,Bordeaux,25-085,1996,13.1,26,15,12,10,4,9,19,47.4,10,148,43,29.1,47,57,44,15,1,0,14,20,46,10,0,Matches
437,Alexandre Oukidja\ae7d0ecd,dz ALG,GK,Metz,33-207,1988,18.0,0,0,0,0,0,0,0,,0,4,0,0.0,4,0,0,2,0,0,2,0,0,0,1,Matches
438,Azzedine Ounahi\83299cc0,ma MAR,MF,Angers,21-298,2000,10.6,32,23,16,15,1,10,31,32.3,21,256,67,26.2,72,136,48,17,1,0,16,19,51,5,0,Matches
439,Ambroise Oyongo\e3e05edf,cm CMR,DF,Montpellier,30-234,1991,0.2,1,1,1,0,0,0,0,,0,7,2,28.6,6,1,0,2,0,0,2,0,1,0,0,Matches
440,Vincent Pajot\f86ca403,fr FRA,MF,Metz,31-176,1990,16.6,53,33,17,30,6,10,31,32.3,21,346,105,30.3,108,202,36,25,2,0,23,43,96,25,0,Matches
441,Nicolas Pallois\779847d6,fr FRA,DF,Nantes,34-145,1987,18.3,46,27,33,11,2,19,39,48.7,20,160,57,35.6,99,52,9,38,16,0,22,58,104,99,1,Matches
442,Erik Palmer-Brown\e5c1e0ca,us USA,DF,Troyes,24-293,1997,4.9,12,4,10,2,0,7,11,63.6,4,46,21,45.7,32,13,1,8,5,0,3,10,22,22,0,Matches
443,Emerson Palmieri\e0bc6fdc,it ITA,DF,Lyon,27-192,1994,16.3,32,22,11,15,6,14,21,66.7,7,143,45,31.5,45,68,30,23,2,0,21,33,65,49,0,Matches
444,Lucas Paquetá\9b6f7fd5,br BRA,FWMF,Lyon,24-168,1997,17.1,53,38,17,24,12,17,33,51.5,16,394,134,34.0,85,178,131,24,3,0,21,19,72,12,0,Matches
445,Rubén Pardo\2306bfde,es ESP,MF,Bordeaux,29-112,1992,0.1,0,0,0,0,0,0,0,,0,6,0,0.0,0,5,1,0,0,0,0,0,0,0,0,Matches
446,Leandro Paredes\dff153a4,ar ARG,MF,Paris S-G,27-227,1994,6.2,16,12,8,6,2,8,17,47.1,9,78,32,41.0,25,38,15,6,3,0,3,11,27,2,0,Matches
447,Strahinja Pavlović\25146df0,rs SRB,DF,Monaco,20-263,2001,5.0,21,12,11,9,1,3,10,30.0,7,76,37,48.7,38,35,3,7,3,0,4,15,36,23,0,Matches
448,Dimitri Payet\58ae47b2,fr FRA,FWMF,Marseille,34-319,1987,19.3,10,6,3,5,2,4,18,22.2,14,172,50,29.1,22,63,87,3,0,0,3,11,21,1,0,Matches
449,Timothee Pembele\f8ce97ca,fr FRA,DF,Bordeaux,19-155,2002,13.6,20,12,10,8,2,7,23,30.4,16,199,57,28.6,76,68,55,17,3,1,14,29,49,13,0,Matches
450,Mathias Pereira Lage\8846a40f,pt POR,DF,Angers,25-073,1996,4.4,7,3,4,1,2,2,14,14.3,12,104,25,24.0,46,40,18,15,4,0,11,13,20,11,0,Matches
451,Brayann Pereira\5c42e7ce,fr FRA,DF,Lens,18-266,2003,0.1,0,0,0,0,0,0,0,,0,1,0,0.0,0,1,0,0,0,0,0,0,0,0,0,Matches
452,Danilo Pereira\8fd9996f,pt POR,MF,Paris S-G,30-155,1991,11.8,17,12,5,11,1,5,15,33.3,10,126,41,32.5,31,75,20,18,7,0,11,27,44,18,0,Matches
453,Luan Peres Petroni\a5549ec1,br BRA,DF,Marseille,27-207,1994,20.7,54,21,29,19,6,20,36,55.6,16,197,60,30.5,91,81,25,47,12,0,35,37,91,46,0,Matches
454,Lucas Perrin\49070d66,fr FRA,DF,Strasbourg,23-084,1998,16.1,25,16,16,8,1,12,22,54.5,10,144,45,31.3,71,59,14,18,5,0,13,39,64,47,0,Matches
455,Danijel Petković\b98cea65,me MNE,GK,Angers,28-262,1993,10.0,0,0,0,0,0,0,1,0.0,1,1,1,100.0,1,0,0,0,0,0,0,0,0,0,0,Matches
456,Léo Pétrot\00638016,fr FRA,DF,Lorient,24-302,1997,8.4,14,5,10,3,1,5,9,55.6,4,77,34,44.2,34,38,5,16,8,0,8,24,38,31,0,Matches
457,Romain Philippoteaux\f98b15f0,fr FRA,MF,Brest,33-346,1988,0.3,1,1,0,1,0,0,0,,0,5,1,20.0,0,1,4,0,0,0,0,0,1,0,0,Matches
458,Jérôme Phojo\ff44d058,fr FRA,DF,Clermont Foot,28-302,1993,0.1,0,0,0,0,0,0,0,,0,1,0,0.0,1,0,0,0,0,0,0,1,1,1,0,Matches
459,Ronaël Pierre-Gabriel\64ba07c0,fr FRA,DF,Brest,23-243,1998,20.4,63,40,40,18,5,22,44,50.0,22,300,93,31.0,152,109,39,30,6,0,24,48,111,54,0,Matches
460,Julian Pollersbeck\d6f6ce93,de GER,GK,Lyon,27-179,1994,1.2,0,0,0,0,0,0,0,,0,0,0,,0,0,0,0,0,0,0,0,0,0,0,Matches
461,Gaëtan Poussin\c252c705,fr FRA,GK,Bordeaux,23-029,1999,2.0,0,0,0,0,0,0,0,,0,0,0,,0,0,0,0,0,0,0,0,0,0,0,Matches
462,Sanjin Prcić\51c30111,ba BIH,MF,Strasbourg,28-083,1993,14.4,30,17,10,16,4,8,20,40.0,12,178,63,35.4,58,92,28,14,2,0,12,22,52,15,0,Matches
463,Nicolas de Préville\b0547a87,fr FRA,FWMF,Metz,31-034,1991,11.9,15,7,4,7,4,6,10,60.0,4,199,53,26.6,28,89,82,15,1,0,14,8,23,3,1,Matches
464,Nemanja Radonjić\0630eb63,rs SRB,MF,Marseille,25-361,1996,0.2,0,0,0,0,0,0,0,,0,6,2,33.3,1,1,4,0,0,0,0,0,0,0,0,Matches
465,Rafinha\0c2ac3cb,br BRA,FWMF,Paris S-G,28-364,1993,2.4,11,7,2,6,3,3,9,33.3,6,71,23,32.4,11,34,26,5,0,0,5,4,15,1,0,Matches
466,Predrag Rajković\58ad9383,rs SRB,GK,Reims,26-103,1995,23.0,0,0,0,0,0,0,0,,0,4,0,0.0,3,0,1,1,0,0,1,0,0,1,2,Matches
467,Adil Rami\8dbff17c,fr FRA,DF,Troyes,36-046,1985,8.9,11,7,5,5,1,8,11,72.7,3,64,25,39.1,34,28,2,8,3,0,5,14,25,32,0,Matches
468,Sergio Ramos\08511d65,es ESP,DF,Paris S-G,35-318,1986,2.7,7,3,3,4,0,4,6,66.7,2,28,15,53.6,15,11,2,1,0,0,1,3,10,4,0,Matches
469,Elba Rashani\25749008,xk KVX,FW,Clermont Foot,28-278,1993,13.2,31,23,8,19,4,12,40,30.0,28,290,85,29.3,70,142,78,27,3,0,24,14,45,12,0,Matches
470,Tiago Ribeiro\507d7569,pt POR,FW,Monaco,19-334,2002,0.0,0,0,0,0,0,0,0,,0,0,0,,0,0,0,0,0,0,0,0,0,0,0,Matches
471,Sergio Rico\5f0241b2,es ESP,GK,Paris S-G,28-163,1993,0.3,0,0,0,0,0,0,0,,0,0,0,,0,0,0,0,0,0,0,0,0,0,0,Matches
472,Renaud Ripart\beae3a73,fr FRA,FWDF,Troyes,28-334,1993,14.4,23,12,14,6,3,11,31,35.5,20,284,67,23.6,85,135,64,24,3,0,21,8,31,14,0,Matches
473,Mihailo Ristić\ea0aa7e0,rs SRB,DF,Montpellier,26-103,1995,15.1,45,26,26,13,6,20,37,54.1,17,177,51,28.8,98,49,30,28,4,0,24,28,73,31,0,Matches
474,Maxence Rivera\46a7b605,fr FRA,FW,Saint-Étienne,19-257,2002,0.1,0,0,0,0,0,0,0,,0,4,3,75.0,3,1,0,0,0,0,0,0,0,0,0,Matches
475,Patrick Roberts\59d93937,eng ENG,DF,Troyes,25-006,1997,0.2,0,0,0,0,0,0,0,,0,0,0,,0,0,0,0,0,0,0,0,0,0,0,Matches
476,Stian Rode Gregersen\5f011e05,no NOR,DF,Bordeaux,26-270,1995,14.1,25,16,19,6,0,8,18,44.4,10,147,56,38.1,98,46,3,27,17,2,10,46,71,75,1,Matches
477,Gerson Rodrigues\3814b753,lu LUX,FW,Troyes,26-236,1995,9.4,11,7,3,7,1,1,14,7.1,13,180,36,20.0,23,98,59,10,2,0,8,2,13,2,0,Matches
478,Valentin Rongier\ed45c4a5,fr FRA,MFDF,Marseille,27-066,1994,14.0,51,36,21,28,2,14,34,41.2,20,273,85,31.1,95,130,48,24,2,0,22,21,72,7,0,Matches
479,Pablo Rosario\1a6b7ea4,nl NED,MF,Nice,25-035,1997,17.6,40,22,12,22,6,13,44,29.5,31,309,96,31.1,87,175,47,28,10,0,18,35,75,23,0,Matches
480,Roli Pereira de Sa\60f58477,fr FRA,MF,Nantes,25-063,1996,4.9,11,8,3,5,3,2,9,22.2,7,117,29,24.8,34,64,19,6,0,0,6,5,16,1,0,Matches
481,Mathys Saban\7d9f3d69,fr FRA,FWMF,Saint-Étienne,19-272,2002,0.8,1,0,0,1,0,0,1,0.0,1,13,1,7.7,5,6,2,2,0,0,2,0,1,0,0,Matches
482,Falaye Sacko\6388e356,ml MLI,DF,Saint-Étienne,26-286,1995,1.0,3,1,3,0,0,1,1,100.0,0,9,3,33.3,7,1,1,0,0,0,0,4,7,2,0,Matches
483,Rafiki Said Ahamada\c2e5f306,fr FRA,MFFW,Brest,21-333,2000,0.7,3,2,2,1,0,1,1,100.0,0,17,6,35.3,6,6,5,1,0,0,1,0,3,0,0,Matches
484,Wesley Saïd\90fcf472,fr FRA,FWMF,Lens,26-298,1995,6.0,7,3,1,5,1,2,5,40.0,3,128,30,23.4,10,76,42,5,1,0,4,3,10,0,0,Matches
485,Mamadou Sakho\87935cf3,fr FRA,DF,Montpellier,31-363,1990,18.8,29,14,24,3,2,13,17,76.5,4,98,39,39.8,71,24,3,34,25,0,9,43,72,94,0,Matches
486,Bakary Sako\381d7d54,ml MLI,FWMF,Saint-Étienne,33-291,1988,0.9,0,0,0,0,0,0,0,,0,15,4,26.7,1,7,7,1,1,1,0,1,1,0,0,Matches
487,William Saliba\972aeb2a,fr FRA,DF,Marseille,20-324,2001,22.0,47,31,30,14,3,12,22,54.5,10,186,89,47.8,103,73,10,28,7,0,21,41,88,52,1,Matches
488,Romain Salin\74733221,fr FRA,GK,Rennes,37-197,1984,1.0,0,0,0,0,0,0,0,,0,0,0,,0,0,0,0,0,0,0,0,0,0,0,Matches
489,Yoann Salmier\c3725db2,gf GUF,DF,Troyes,29-082,1992,19.8,37,22,26,10,1,13,23,56.5,10,173,64,37.0,109,56,8,31,10,0,21,47,84,61,1,Matches
490,Mama Samba Baldé\fb14aa28,gw GNB,FWMF,Troyes,26-097,1995,13.7,37,23,16,11,10,6,20,30.0,14,299,86,28.8,54,143,102,21,0,0,21,12,49,5,0,Matches
491,Junior Sambia\24eb7ed6,fr FRA,DFFW,Montpellier,25-157,1996,12.3,16,6,8,5,3,3,12,25.0,9,138,34,24.6,51,49,38,31,4,0,27,22,38,15,0,Matches
492,Renato Sanches\032f894e,pt POR,MF,Lille,24-177,1997,10.4,19,13,9,8,2,4,14,28.6,10,155,55,35.5,42,83,30,5,1,0,4,8,27,5,0,Matches
493,Philippe Sandler\60740e70,nl NED,DF,Troyes,25-001,1997,0.8,1,1,1,0,0,0,1,0.0,1,7,3,42.9,5,2,0,3,1,0,2,1,2,5,0,Matches
494,Baptiste Santamaria\5e22e2a4,fr FRA,MF,Rennes,26-339,1995,13.0,22,11,8,12,2,8,23,34.8,15,231,61,26.4,70,120,41,20,6,0,14,21,43,23,0,Matches
495,Pablo Sarabia\9744ff80,es ESP,FW,Paris S-G,29-276,1992,0.2,0,0,0,0,0,0,1,0.0,1,10,3,30.0,1,3,6,0,0,0,0,0,0,0,0,Matches
496,Martin Satriano\86383d0e,it ITA,FW,Brest,20-356,2001,0.4,0,0,0,0,0,0,0,,0,6,0,0.0,0,1,5,0,0,0,0,0,0,0,0,Matches
497,Téji Savanier\6bde367b,fr FRA,MF,Montpellier,30-051,1991,16.9,42,27,15,20,7,17,44,38.6,27,300,90,30.0,74,149,77,17,0,0,17,36,78,6,1,Matches
498,Morgan Schneiderlin\51b41c5c,fr FRA,MF,Nice,32-095,1989,2.5,9,5,4,5,0,3,6,50.0,3,51,18,35.3,15,30,6,5,2,0,3,7,16,2,0,Matches
499,Alidu Seidu\cea59f02,ci CIV,DFFW,Clermont Foot,21-252,2000,4.7,9,6,7,2,0,6,9,66.7,3,42,14,33.3,19,11,12,12,3,0,9,13,22,20,0,Matches
500,Matz Sels\834b5c4c,be BEL,GK,Strasbourg,29-350,1992,22.0,0,0,0,0,0,0,1,0.0,1,0,0,,0,0,0,0,0,0,0,0,0,1,0,Matches
501,Xherdan Shaqiri\6421ec64,ch SUI,FWMF,Lyon,30-124,1991,7.5,7,4,0,5,2,2,10,20.0,8,65,21,32.3,7,33,25,4,0,0,4,3,10,1,0,Matches
502,Mahame Siby\6d075c67,ml MLI,MFDF,Strasbourg,25-219,1996,0.2,0,0,0,0,0,0,0,,0,8,0,0.0,6,2,0,1,0,0,1,0,0,0,0,Matches
503,Aboubakar Sidibé\ae5b93a0,fr FRA,FW,Clermont Foot,25-284,1996,0.1,0,0,0,0,0,0,0,,0,0,0,,0,0,0,0,0,0,0,0,0,0,0,Matches
504,Djibril Sidibé\4c5b714f,fr FRA,DF,Monaco,29-197,1992,8.2,21,13,13,6,2,6,17,35.3,11,104,31,29.8,38,42,24,11,1,0,10,19,40,14,0,Matches
505,Kaj Sierhuis\9c2b1f11,nl NED,FW,Reims,23-290,1998,0.9,1,1,1,0,0,1,1,100.0,0,9,2,22.2,3,4,2,0,0,0,0,0,1,1,0,Matches
506,Caio Henrique Oliveira Silva\30af8b93,br BRA,DF,Monaco,24-195,1997,16.8,27,13,13,12,2,13,33,39.4,20,182,65,35.7,64,77,41,16,1,0,15,34,61,29,2,Matches
507,Gabriel Silva\4914ed4a,br BRA,DF,Saint-Étienne,30-274,1991,4.5,8,6,3,4,1,4,5,80.0,1,56,20,35.7,25,22,9,11,2,0,9,10,18,6,0,Matches
508,Moses Simon\5f3eaaf5,ng NGA,FWMF,Nantes,26-214,1995,16.5,19,12,5,7,7,7,14,50.0,7,184,56,30.4,36,82,66,20,3,0,17,17,36,5,0,Matches
509,Xavi Simons\da4d670f,nl NED,MFFW,Paris S-G,18-296,2003,0.4,1,1,0,1,0,1,1,100.0,0,12,3,25.0,3,2,7,1,0,0,1,0,1,1,0,Matches
510,Issouf Sissokho\792a9d41,ml MLI,MF,Bordeaux,20-012,2002,4.8,17,12,3,12,2,7,19,36.8,12,156,35,22.4,36,91,29,7,1,0,6,10,27,0,0,Matches
511,Ibrahima Sissoko\0f8418aa,fr FRA,MFDF,Strasbourg,24-107,1997,17.1,35,20,14,15,6,6,18,33.3,12,237,73,30.8,73,120,44,35,6,0,29,32,67,29,0,Matches
512,Nelson Sissoko\12bd0579,fr FRA,DF,Saint-Étienne,24-341,1997,0.5,1,0,1,0,0,1,1,100.0,0,11,2,18.2,6,4,1,0,0,0,0,0,1,4,0,Matches
513,Sambou Sissoko\e4bb1f08,fr FRA,MF,Reims,22-290,1999,1.1,8,5,2,3,3,1,5,20.0,4,39,15,38.5,19,14,6,1,0,0,1,4,12,5,0,Matches
514,Islam Slimani\ffec9769,dz ALG,FW,Lyon,33-238,1988,6.4,2,2,0,1,1,0,5,0.0,5,85,18,21.2,5,36,44,6,0,0,6,0,2,4,0,Matches
515,Florian Sotoca\7a42d0df,fr FRA,FWMF,Lens,31-109,1990,14.6,17,9,4,9,4,4,20,20.0,16,235,65,27.7,35,97,103,18,3,0,15,15,32,11,0,Matches
516,Sambou Soumano\7cc00776,sn SEN,FWMF,Lorient,21-039,2001,1.6,1,0,0,0,1,0,0,,0,39,14,35.9,0,20,19,1,0,0,1,1,2,1,0,Matches
517,Arnaud Souquet\4e0afc5d,fr FRA,DF,Montpellier,29-364,1992,12.9,27,15,20,5,2,13,34,38.2,21,204,69,33.8,109,61,34,17,4,0,13,25,52,35,0,Matches
518,Saidou Sow\f6b94e8d,gn GUI,DF,Saint-Étienne,19-222,2002,9.3,24,13,17,7,0,7,13,53.8,6,114,57,50.0,74,39,1,13,5,1,8,23,47,36,0,Matches
519,Calvin Stengs\8f7e6783,nl NED,MF,Nice,23-055,1998,8.7,11,4,4,7,0,5,13,38.5,8,137,26,19.0,20,77,40,6,0,0,6,15,26,5,0,Matches
520,Kamaldeen Sulemana\a62f8bf1,gh GHA,MFFW,Rennes,19-361,2002,11.2,25,17,7,10,8,8,19,42.1,11,177,55,31.1,46,74,57,8,1,0,7,8,33,3,0,Matches
521,Abdoulaye Sylla\2aeb43f1,gn GUI,DF,Nantes,21-307,2000,0.7,3,2,1,1,1,1,4,25.0,3,17,5,29.4,13,3,1,2,1,0,1,2,5,1,0,Matches
522,Waniss Taibi\95192fe4,fr FRA,MFDF,Angers,19-341,2002,1.3,6,5,4,1,1,0,1,0.0,1,40,13,32.5,11,19,10,2,0,0,2,0,6,2,0,Matches
523,Flavien Tait\a0f9b535,fr FRA,MF,Rennes,29-009,1993,14.9,21,15,7,10,4,10,32,31.3,22,186,49,26.3,51,93,42,18,2,0,16,15,36,5,0,Matches
524,Florian Tardieu\ed39121c,fr FRA,MF,Troyes,29-295,1992,15.2,30,21,13,16,1,10,51,19.6,41,243,86,35.4,88,136,19,32,7,0,25,28,58,22,0,Matches
525,Oussama Targhalline\abd56820,ma MAR,FW,Marseille,19-267,2002,0.0,0,0,0,0,0,0,0,,0,0,0,,0,0,0,0,0,0,0,0,0,0,0,Matches
526,Loum Tchaouna\a3c8b4d3,fr FRA,MFFW,Rennes,18-156,2003,0.5,0,0,0,0,0,0,2,0.0,2,10,2,20.0,1,6,3,0,0,0,0,1,1,0,0,Matches
527,Warren Tchimbembé\93b8f9f4,cg CGO,MF,Metz,23-296,1998,2.3,2,1,1,1,0,1,4,25.0,3,42,10,23.8,13,22,7,5,1,0,4,1,3,0,0,Matches
528,Aurélien Tchouaméni\4f255115,fr FRA,MF,Monaco,22-015,2000,20.2,71,46,30,36,5,19,38,50.0,19,346,128,37.0,101,190,55,16,3,0,13,77,148,24,0,Matches
529,Mathys Tel\829aa60c,fr FRA,FWMF,Rennes,16-290,2005,0.5,3,2,3,0,0,0,0,,0,15,5,33.3,9,3,3,1,0,0,1,3,6,2,0,Matches
530,Jordan Tell\4f093689,fr FRA,FW,Clermont Foot,24-246,1997,3.2,6,3,0,4,2,0,0,,0,63,14,22.2,9,21,33,2,0,0,2,1,7,1,0,Matches
531,Martin Terrier\5148dcc5,fr FRA,FWMF,Rennes,24-344,1997,17.1,24,16,6,7,11,6,16,37.5,10,312,99,31.7,44,123,145,19,1,0,18,9,33,11,0,Matches
532,Sada Thioub\f4bc42b1,sn SEN,DFFW,Saint-Étienne,26-255,1995,2.1,4,4,1,2,1,0,1,0.0,1,38,13,34.2,10,19,9,2,0,0,2,1,5,1,0,Matches
533,Sada Thioub\f4bc42b1,sn SEN,MF,Angers,26-255,1995,0.0,0,0,0,0,0,0,0,,0,1,1,100.0,0,0,1,0,0,0,0,0,0,0,0,Matches
534,Romain Thomas\275e2c51,fr FRA,DF,Angers,33-244,1988,18.3,46,32,29,17,0,19,39,48.7,20,204,79,38.7,122,74,8,29,11,0,18,28,74,78,1,Matches
535,Adrien Thomasson\c76b7567,fr FRA,MF,Strasbourg,28-063,1993,18.1,42,23,12,17,13,20,59,33.9,39,492,141,28.7,118,218,156,44,4,0,40,30,72,11,0,Matches
536,Thuler\db23d9fc,br BRA,DF,Montpellier,22-338,1999,6.1,16,13,12,4,0,4,7,57.1,3,78,22,28.2,51,25,2,8,4,0,4,7,23,23,0,Matches
537,Khéphren Thuram-Ulie\7d9397f8,fr FRA,MF,Nice,20-322,2001,11.5,26,17,6,14,6,7,19,36.8,12,171,52,30.4,53,92,26,20,3,0,17,24,50,13,0,Matches
538,Cheikh Tidiane Sabaly\9ddf7fae,sn SEN,FWMF,Metz,22-344,1999,1.7,3,2,0,2,1,0,1,0.0,1,39,14,35.9,7,14,18,3,0,0,3,1,4,0,0,Matches
539,Jean-Clair Todibo\88f130ed,fr FRA,DF,Nice,22-043,1999,20.7,40,24,28,11,1,16,35,45.7,19,200,87,43.5,119,71,10,31,15,0,16,51,91,78,0,Matches
540,Karl Toko Ekambi\5ceba7fc,cm CMR,FW,Lyon,29-150,1992,13.6,10,5,1,6,3,4,14,28.6,10,139,34,24.5,28,61,50,16,0,0,16,18,28,9,0,Matches
541,Yoann Touzghar\4e47507a,tn TUN,FW,Troyes,35-075,1986,11.4,4,4,1,1,2,2,4,50.0,2,114,33,28.9,9,57,48,5,1,0,4,2,6,9,0,Matches
542,Amadou Traore\4eb0686f,fr FRA,FW,Bordeaux,19-341,2002,0.2,0,0,0,0,0,0,0,,0,4,0,0.0,1,2,1,0,0,0,0,0,0,0,0,Matches
543,Boubacar Traoré\999ceb5f,ml MLI,MF,Metz,20-175,2001,10.0,27,21,7,12,8,6,17,35.3,11,289,75,26.0,71,174,44,24,5,0,19,19,46,7,0,Matches
544,Charles Traore\de488e56,ml MLI,DF,Nantes,30-041,1992,6.5,22,11,15,5,2,4,13,30.8,9,116,33,28.4,63,42,11,18,4,0,14,18,40,27,0,Matches
545,Hamari Traoré\a4b1028a,ml MLI,DF,Rennes,30-015,1992,17.3,39,22,21,12,6,24,38,63.2,14,175,57,32.6,62,70,43,28,3,0,25,35,74,34,0,Matches
546,Ismaël Traoré\b666421b,ci CIV,DF,Angers,35-177,1986,21.7,21,18,14,6,1,5,20,25.0,15,166,66,39.8,112,48,6,30,13,0,17,41,62,73,1,Matches
547,Miguel Trauco\e4b72e34,pe PER,DF,Saint-Étienne,29-170,1992,8.3,25,15,15,8,2,8,22,36.4,14,87,26,29.9,41,29,17,16,4,0,12,15,40,12,0,Matches
548,Adrien Truffert\5d0e0a1f,fr FRA,DF,Rennes,20-083,2001,9.3,18,9,10,6,2,8,21,38.1,13,149,39,26.2,54,66,29,29,4,0,25,16,34,14,0,Matches
549,Matthieu Udol\cc41f558,fr FRA,DF,Metz,25-328,1996,11.2,33,23,19,12,2,14,26,53.8,12,146,65,44.5,70,63,13,26,7,1,19,39,72,32,0,Matches
550,Chimuanya Ugochukwu\1df4a109,fr FRA,MF,Rennes,17-322,2004,4.1,8,3,4,2,2,4,9,44.4,5,70,17,24.3,21,37,12,7,2,0,5,2,10,2,0,Matches
551,Hwang Ui-jo\a2d873dd,kr KOR,FW,Bordeaux,29-167,1992,15.9,3,2,0,2,1,0,9,0.0,9,187,39,20.9,17,96,74,9,1,0,8,3,6,12,0,Matches
552,Cengiz Ünder\1880614f,tr TUR,FWMF,Marseille,24-212,1997,15.3,11,5,4,2,5,5,15,33.3,10,129,36,27.9,24,47,58,15,2,0,13,14,25,6,0,Matches
553,Jere Uronen\d75f3980,fi FIN,DF,Brest,27-213,1994,4.9,13,10,7,3,3,3,12,25.0,9,74,29,39.2,47,18,9,11,2,0,9,11,24,14,0,Matches
554,Vanderson\ee45fd85,br BRA,FWMF,Monaco,20-235,2001,1.2,3,2,0,2,1,1,4,25.0,3,41,12,29.3,7,16,18,2,1,0,1,0,3,1,0,Matches
555,Jonathan Varane\4ade359f,fr FRA,MF,Lens,20-155,2001,0.0,0,0,0,0,0,0,0,,0,0,0,,0,0,0,0,0,0,0,0,0,0,0,Matches
556,Marco Verratti\1467af0d,it ITA,MF,Paris S-G,29-098,1992,10.9,31,25,3,18,10,8,28,28.6,20,234,63,26.9,49,117,68,17,4,0,13,15,46,5,0,Matches
557,Kevin Volland\64f69877,de GER,FWMF,Monaco,29-196,1992,15.8,17,13,4,10,3,5,27,18.5,22,299,90,30.1,26,157,116,11,0,0,11,5,22,2,0,Matches
558,Timothy Weah\8eec784d,us USA,MFFW,Lille,21-354,2000,10.0,9,8,3,3,3,3,8,37.5,5,102,24,23.5,20,43,39,9,0,0,9,8,17,3,0,Matches
559,Georginio Wijnaldum\eb58eef0,nl NED,MF,Paris S-G,31-092,1990,10.9,11,9,4,6,1,4,6,66.7,2,126,43,34.1,34,56,36,12,1,0,11,9,20,2,0,Matches
560,Christopher Wooh\b003239d,fr FRA,DF,Lens,20-146,2001,5.7,18,12,11,6,1,6,10,60.0,4,69,25,36.2,39,29,1,10,6,1,4,12,30,19,1,Matches
561,Xeka\f3600c02,pt POR,MF,Lille,27-093,1994,10.6,34,21,15,16,3,15,34,44.1,19,247,77,31.2,72,141,34,19,4,0,15,24,58,24,0,Matches
562,Sekou Yansané\bce37ac0,gn GUI,FW,Paris S-G,18-289,2003,0.2,0,0,0,0,0,0,0,,0,5,0,0.0,0,4,1,1,0,0,1,0,0,1,0,Matches
563,Yusuf Yazıcı\f5c8b425,tr TUR,MFFW,Lille,25-013,1997,5.7,11,4,3,7,1,2,8,25.0,6,101,28,27.7,13,58,30,6,0,0,6,3,14,4,0,Matches
564,Burak Yılmaz\165a2e40,tr TUR,FW,Lille,36-211,1985,17.1,3,2,1,1,1,0,11,0.0,11,169,44,26.0,7,78,84,10,5,0,5,5,8,9,0,Matches
565,Zaydou Youssouf\e2f9bb5f,fr FRA,MF,Saint-Étienne,22-215,1999,12.0,38,27,15,22,1,11,25,44.0,14,199,75,37.7,72,96,31,17,3,0,14,18,56,10,0,Matches
566,Akim Zedadka\0ff630d0,fr FRA,DF,Clermont Foot,26-257,1995,22.9,52,28,24,22,6,26,44,59.1,18,265,95,35.8,98,118,49,33,5,0,28,58,110,28,0,Matches
567,Mehdi Zerkane\53f6306f,dz ALG,MFDF,Bordeaux,22-211,1999,0.9,2,2,0,0,2,1,3,33.3,2,20,2,10.0,3,13,4,2,2,0,0,2,4,0,0,Matches
568,Edon Zhegrova\34a88e3e,xk KVX,MF,Lille,22-317,1999,0.1,0,0,0,0,0,0,0,,0,1,0,0.0,0,0,1,0,0,0,0,0,0,1,0,Matches
569,Banhie Zoukrou\aefa3050,fr FRA,DF,Troyes,18-280,2003,0.9,1,0,1,0,0,1,2,50.0,1,9,2,22.2,8,1,0,0,0,0,0,2,3,1,0,Matches