,,,,,,,,,Standard,Standard,Standard,Standard,Standard,Standard,Standard,Standard,Standard,Performance,Performance,Expected,Expected,Expected,Expected,Expected,
Rk,Player,Nation,Pos,Squad,Age,Born,90s,Gls,Sh,SoT,SoT%,Sh/90,SoT/90,G/Sh,G/SoT,Dist,FK,PK,PKatt,xG,npxG,npxG/Sh,G-xG,np:G-xG,Matches
1,Max Aarons\774cf58b,eng ENG,DF,Norwich City,22-038,2000,21.9,0,9,2,22.2,0.41,0.09,0.00,0.00,20.2,0,0,0,0.6,0.6,0.06,-0.6,-0.6,Matches
2,Che Adams\f2bf1b0f,sct SCO,FW,Southampton,25-213,1996,12.4,5,26,15,57.7,2.10,1.21,0.19,0.33,13.6,0,0,0,3.3,3.3,0.13,+1.7,+1.7,Matches
3,Rayan Aït Nouri\9b398aea,fr FRA,DF,Wolves,20-250,2001,10.3,0,6,2,33.3,0.58,0.19,0.00,0.00,15.1,0,0,0,0.3,0.3,0.05,-0.3,-0.3,Matches
4,Kristoffer Ajer\a8c0acb7,no NOR,DF,Brentford,23-300,1998,10.3,0,3,0,0.0,0.29,0.00,0.00,,10.3,0,0,0,0.2,0.2,0.07,-0.2,-0.2,Matches
5,Nathan Aké\eaeca114,nl NED,DF,Manchester City,26-358,1995,6.5,1,2,1,50.0,0.31,0.15,0.50,1.00,6.0,0,0,0,0.3,0.3,0.14,+0.7,+0.7,Matches
6,Marc Albrighton\b827d5b3,eng ENG,DFFW,Leicester City,32-085,1989,7.1,1,3,1,33.3,0.42,0.14,0.33,1.00,15.0,0,0,0,0.5,0.5,0.15,+0.5,+0.5,Matches
7,Thiago Alcántara\77e84962,es ESP,MF,Liverpool,30-306,1991,8.5,1,17,5,29.4,2.00,0.59,0.06,0.20,16.0,0,0,0,1.5,1.5,0.10,-0.5,-0.5,Matches
8,Trent Alexander-Arnold\cd1acf9d,eng ENG,DF,Liverpool,23-127,1998,20.7,2,36,11,30.6,1.74,0.53,0.06,0.18,21.9,3,0,0,2.1,2.1,0.06,-0.1,-0.1,Matches
9,Alisson\7a2e46a8,br BRA,GK,Liverpool,29-132,1992,21.0,0,0,0,,0.00,0.00,,,,0,0,0,0.0,0.0,,0.0,0.0,Matches
10,Allan\cc700722,br BRA,MF,Everton,31-034,1991,17.1,0,4,2,50.0,0.23,0.12,0.00,0.00,24.8,0,0,0,0.1,0.1,0.03,-0.1,-0.1,Matches
11,Dele Alli\cea4ee8f,eng ENG,MF,Everton,25-306,1996,0.7,0,1,0,0.0,1.36,0.00,0.00,,18.8,0,0,0,0.0,0.0,0.03,0.0,0.0,Matches
12,Dele Alli\cea4ee8f,eng ENG,MFFW,Tottenham,25-306,1996,7.3,1,4,2,50.0,0.55,0.27,0.00,0.00,18.2,0,1,1,1.5,0.7,0.18,-0.5,-0.7,Matches
13,Miguel Almirón\862a1c15,py PAR,MF,Newcastle Utd,28-001,1994,10.9,0,16,3,18.8,1.47,0.28,0.00,0.00,19.6,0,0,0,0.9,0.9,0.06,-0.9,-0.9,Matches
14,Marcos Alonso\f4290206,es ESP,DF,Chelsea,31-045,1990,15.9,1,25,5,20.0,1.57,0.31,0.04,0.20,21.7,8,0,0,1.8,1.8,0.07,-0.8,-0.8,Matches
15,Steven Alzate\ad1f61f3,co COL,MF,Brighton,23-156,1998,2.8,0,1,1,100.0,0.36,0.36,0.00,0.00,18.4,0,0,0,0.1,0.1,0.07,-0.1,-0.1,Matches
16,Daniel Amartey\1a4ef233,gh GHA,DF,Leicester City,27-052,1994,10.7,0,1,1,100.0,0.09,0.09,0.00,0.00,33.2,0,0,0,0.0,0.0,0.01,0.0,0.0,Matches
17,Joachim Andersen\e34fc66d,dk DEN,DF,Crystal Palace,25-256,1996,17.4,0,4,1,25.0,0.23,0.06,0.00,0.00,12.3,0,0,0,0.3,0.3,0.08,-0.3,-0.3,Matches
18,Michail Antonio\ac05f970,jm JAM,FW,West Ham,31-320,1990,22.4,8,57,18,31.6,2.54,0.80,0.14,0.44,14.2,0,0,1,7.8,7.5,0.13,+0.2,+0.5,Matches
19,Cameron Archer\05e8ca6d,eng ENG,MFFW,Aston Villa,20-205,2001,0.3,0,1,0,0.0,3.33,0.00,0.00,,13.0,0,0,0,0.0,0.0,0.02,0.0,0.0,Matches
20,Alphonse Areola\2f965a72,fr FRA,GK,West Ham,28-349,1993,1.0,0,0,0,,0.00,0.00,,,,0,0,0,0.0,0.0,,0.0,0.0,Matches
21,Adam Armstrong\68c720b5,eng ENG,FW,Southampton,25-001,1997,13.3,2,43,14,32.6,3.23,1.05,0.05,0.14,17.2,0,0,0,4.1,4.1,0.10,-2.1,-2.1,Matches
22,Stuart Armstrong\97333cf5,sct SCO,MF,Southampton,29-318,1992,4.8,0,9,2,22.2,1.89,0.42,0.00,0.00,19.5,0,0,0,0.7,0.7,0.08,-0.7,-0.7,Matches
23,Kepa Arrizabalaga\28d596a0,es ESP,GK,Chelsea,27-131,1994,4.0,0,0,0,,0.00,0.00,,,,0,0,0,0.0,0.0,,0.0,0.0,Matches
24,Harrison Ashby\b391383a,sct SCO,DF,West Ham,20-089,2001,0.1,0,0,0,,0.00,0.00,,,,0,0,0,0.0,0.0,,0.0,0.0,Matches
25,Pierre-Emerick Aubameyang\d5dd5f1f,ga GAB,FW,Arsenal,32-238,1989,11.5,4,33,16,48.5,2.86,1.39,0.12,0.25,14.2,0,0,2,5.8,4.1,0.13,-1.8,-0.1,Matches
26,Jordan Ayew\da052c14,gh GHA,FW,Crystal Palace,30-153,1991,15.0,1,27,5,18.5,1.80,0.33,0.04,0.20,17.4,1,0,0,2.2,2.2,0.08,-1.2,-1.2,Matches
27,Luke Ayling\420d7c7d,eng ENG,DF,Leeds United,30-170,1991,13.0,1,10,2,20.0,0.77,0.15,0.10,0.50,14.2,0,0,0,0.5,0.5,0.05,+0.5,+0.5,Matches
28,César Azpilicueta\53cad200,es ESP,DF,Chelsea,32-167,1989,15.4,0,8,2,25.0,0.52,0.13,0.00,0.00,13.7,0,0,0,0.7,0.7,0.09,-0.7,-0.7,Matches
29,Daniel Bachmann\1c0eea98,at AUT,GK,Watford,27-217,1994,11.0,0,0,0,,0.00,0.00,,,,0,0,0,0.0,0.0,,0.0,0.0,Matches
30,Leon Bailey\3a233281,jm JAM,FWMF,Aston Villa,24-186,1997,4.7,1,13,5,38.5,2.76,1.06,0.08,0.20,17.8,4,0,0,1.1,1.1,0.09,-0.1,-0.1,Matches
31,Eric Bailly\a1232f4e,ci CIV,DF,Manchester Utd,27-305,1994,2.4,0,0,0,,0.00,0.00,,,,0,0,0,0.0,0.0,,0.0,0.0,Matches
32,Folarin Balogun\31822f8c,eng ENG,FW,Arsenal,20-223,2001,0.8,0,3,0,0.0,3.86,0.00,0.00,,14.0,0,0,0,0.3,0.3,0.09,-0.3,-0.3,Matches
33,Patrick Bamford\93feac6e,eng ENG,FW,Leeds United,28-159,1993,5.1,2,16,5,31.3,3.14,0.98,0.13,0.40,13.0,0,0,0,3.2,3.2,0.20,-1.2,-1.2,Matches
34,Shandon Baptiste\2886c9b5,gd GRN,MF,Brentford,23-309,1998,9.1,1,11,4,36.4,1.21,0.44,0.09,0.25,20.0,0,0,0,0.5,0.5,0.05,+0.5,+0.5,Matches
35,Ross Barkley\3a24769f,eng ENG,MF,Chelsea,28-068,1993,1.7,0,6,1,16.7,3.51,0.58,0.00,0.00,22.1,0,0,0,0.8,0.8,0.14,-0.8,-0.8,Matches
36,Ashley Barnes\2691c772,eng ENG,FW,Burnley,32-104,1989,4.3,0,8,3,37.5,1.87,0.70,0.00,0.00,12.9,0,0,0,0.7,0.7,0.08,-0.7,-0.7,Matches
37,Harvey Barnes\3ea50f67,eng ENG,FWMF,Leicester City,24-064,1997,12.4,2,30,13,43.3,2.42,1.05,0.07,0.15,15.4,0,0,0,3.4,3.4,0.12,-1.4,-1.4,Matches
38,Lewis Bate\cd4256d3,eng ENG,MF,Leeds United,19-105,2002,0.5,0,0,0,,0.00,0.00,,,,0,0,0,0.0,0.0,,0.0,0.0,Matches
39,Mads Bech Sørensen\30db8574,dk DEN,DF,Brentford,23-035,1999,4.2,0,1,0,0.0,0.24,0.00,0.00,,8.9,0,0,0,0.0,0.0,0.05,0.0,0.0,Matches
40,Jan Bednarek\4115ce4e,pl POL,DF,Southampton,25-305,1996,16.7,3,11,5,45.5,0.66,0.30,0.27,0.60,6.4,0,0,0,1.4,1.4,0.13,+1.6,+1.6,Matches
41,Donny van de Beek\50dc94ce,nl NED,MF,Everton,24-299,1997,0.3,0,1,0,0.0,2.90,0.00,0.00,,28.0,0,0,0,0.0,0.0,0.02,0.0,0.0,Matches
42,Donny van de Beek\50dc94ce,nl NED,MF,Manchester Utd,24-299,1997,0.8,1,2,1,50.0,2.40,1.20,0.50,1.00,9.3,0,0,0,0.7,0.7,0.36,+0.3,+0.3,Matches
43,Asmir Begović\7b4de647,ba BIH,GK,Everton,34-236,1987,1.0,0,0,0,,0.00,0.00,,,,0,0,0,0.0,0.0,,0.0,0.0,Matches
44,Saïd Benrahma\5a04fd92,dz ALG,FWMF,West Ham,26-185,1995,16.6,5,46,15,32.6,2.77,0.90,0.11,0.33,18.5,3,0,0,3.7,3.7,0.08,+1.3,+1.3,Matches
45,Rodrigo Bentancur\3b8674e6,uy URU,MF,Tottenham,24-251,1997,0.3,0,1,0,0.0,2.90,0.00,0.00,,20.6,0,0,0,0.0,0.0,0.03,0.0,0.0,Matches
46,Christian Benteke\ab070c55,be BEL,FW,Crystal Palace,31-070,1990,12.1,4,39,13,33.3,3.21,1.07,0.10,0.31,11.4,0,0,0,5.4,5.4,0.14,-1.4,-1.4,Matches
47,Jóhann Berg Guðmundsson\f72293fc,is ISL,MF,Burnley,31-107,1990,12.2,0,19,4,21.1,1.55,0.33,0.00,0.00,19.7,2,0,0,1.7,1.7,0.09,-1.7,-1.7,Matches
48,Steven Bergwijn\a29b1131,nl NED,FW,Tottenham,24-126,1997,4.7,2,13,7,53.8,2.77,1.49,0.15,0.29,16.6,0,0,0,1.9,1.9,0.15,+0.1,+0.1,Matches
49,Ryan Bertrand\01226327,eng ENG,DF,Leicester City,32-190,1989,3.7,0,0,0,,0.00,0.00,,,,0,0,0,0.0,0.0,,0.0,0.0,Matches
50,Mads Bidstrup\407db0d5,dk DEN,MF,Brentford,20-351,2001,0.5,0,0,0,,0.00,0.00,,,,0,0,0,0.0,0.0,,0.0,0.0,Matches
51,Yves Bissouma\6c203af0,ml MLI,MF,Brighton,25-165,1996,13.4,0,13,3,23.1,0.97,0.22,0.00,0.00,23.0,1,0,0,0.6,0.6,0.05,-0.6,-0.6,Matches
52,Jarrod Bowen\79c84d1c,eng ENG,FW,West Ham,25-053,1996,22.6,7,59,23,39.0,2.61,1.02,0.12,0.30,15.8,0,0,0,8.1,8.1,0.14,-1.1,-1.1,Matches
53,Jarrad Branthwaite\c1949191,eng ENG,DF,Everton,19-229,2002,1.6,1,2,2,100.0,1.23,1.23,0.50,0.50,14.0,0,0,0,0.4,0.4,0.21,+0.6,+0.6,Matches
54,Armando Broja\97220da2,al ALB,FW,Southampton,20-154,2001,11.7,6,28,13,46.4,2.39,1.11,0.21,0.46,11.7,0,0,0,5.1,5.1,0.18,+0.9,+0.9,Matches
55,Josh Brownhill\47369df8,eng ENG,MF,Burnley,26-054,1995,15.4,0,11,2,18.2,0.72,0.13,0.00,0.00,22.0,2,0,0,0.6,0.6,0.05,-0.6,-0.6,Matches
56,Bryan\7b5ab7f2,es ESP,FWMF,Tottenham,21-000,2001,1.0,0,1,1,100.0,0.96,0.96,0.00,0.00,16.2,0,0,0,0.0,0.0,0.03,0.0,0.0,Matches
57,Emi Buendía\66b76d44,ar ARG,FWMF,Aston Villa,25-048,1996,14.4,2,26,8,30.8,1.81,0.56,0.08,0.25,17.7,0,0,0,1.8,1.8,0.07,+0.2,+0.2,Matches
58,Dan Burn\b2d31e83,eng ENG,DF,Brighton,29-278,1992,11.4,1,7,3,42.9,0.62,0.26,0.14,0.33,7.4,0,0,0,1.2,1.2,0.18,-0.2,-0.2,Matches
59,Jack Butland\cc70a1d5,eng ENG,GK,Crystal Palace,28-338,1993,3.0,0,0,0,,0.00,0.00,,,,0,0,0,0.0,0.0,,0.0,0.0,Matches
60,Sam Byram\1bf811d4,eng ENG,DFMF,Norwich City,28-148,1993,1.7,0,1,0,0.0,0.58,0.00,0.00,,3.0,0,0,0,0.3,0.3,0.29,-0.3,-0.3,Matches
61,Willy Caballero\a179d516,ar ARG,GK,Southampton,40-136,1981,2.0,0,0,0,,0.00,0.00,,,,0,0,0,0.0,0.0,,0.0,0.0,Matches
62,Dominic Calvert-Lewin\59e6e5bf,eng ENG,FW,Everton,24-332,1997,5.8,3,15,7,46.7,2.61,1.22,0.07,0.14,11.0,0,2,3,5.3,3.1,0.20,-2.3,-2.1,Matches
63,João Cancelo\bd6351cd,pt POR,DF,Manchester City,27-260,1994,22.9,1,52,17,32.7,2.28,0.74,0.02,0.06,22.2,1,0,0,2.6,2.6,0.05,-1.6,-1.6,Matches
64,Sergi Canós\1137759d,es ESP,DF,Brentford,25-009,1997,19.0,2,26,8,30.8,1.37,0.42,0.08,0.25,16.0,1,0,0,2.5,2.5,0.10,-0.5,-0.5,Matches
65,Todd Cantwell\f63d8a4b,eng ENG,FWMF,Norwich City,23-349,1998,4.9,0,4,0,0.0,0.82,0.00,0.00,,28.8,0,0,0,0.2,0.2,0.04,-0.2,-0.2,Matches
66,Matty Cash\2389cdc2,pl POL,DF,Aston Villa,24-188,1997,21.8,1,19,4,21.1,0.87,0.18,0.05,0.25,18.5,0,0,0,1.3,1.3,0.07,-0.3,-0.3,Matches
67,Timothy Castagne\197640fd,be BEL,DF,Leicester City,26-068,1995,14.1,0,1,0,0.0,0.07,0.00,0.00,,16.6,0,0,0,0.1,0.1,0.07,-0.1,-0.1,Matches
68,Craig Cathcart\89e4b358,nir NIR,DF,Watford,33-005,1989,18.3,0,1,0,0.0,0.05,0.00,0.00,,8.0,0,0,0,0.1,0.1,0.05,-0.1,-0.1,Matches
69,Edinson Cavani\527f063d,uy URU,FW,Manchester Utd,34-362,1987,6.7,2,16,4,25.0,2.38,0.60,0.13,0.50,11.6,0,0,0,3.1,3.1,0.19,-1.1,-1.1,Matches
70,Trevoh Chalobah\5515376c,eng ENG,DF,Chelsea,22-221,1999,10.1,2,4,3,75.0,0.40,0.30,0.50,0.67,17.2,0,0,0,0.6,0.6,0.14,+1.4,+1.4,Matches
71,Calum Chambers\dc6f5bdd,eng ENG,DF,Aston Villa,27-022,1995,0.0,0,0,0,,0.00,0.00,,,,0,0,0,0.0,0.0,,0.0,0.0,Matches
72,Calum Chambers\dc6f5bdd,eng ENG,DF,Arsenal,27-022,1995,1.9,0,2,0,0.0,1.06,0.00,0.00,,20.3,0,0,0,0.1,0.1,0.04,-0.1,-0.1,Matches
73,Ben Chilwell\d2424d1b,eng ENG,DF,Chelsea,25-052,1996,6.0,3,13,6,46.2,2.17,1.00,0.23,0.50,17.9,0,0,0,1.2,1.2,0.09,+1.8,+1.8,Matches
74,Chiquinho\dc6c2f02,pt POR,MF,Wolves,22-006,2000,0.3,0,1,0,0.0,3.10,0.00,0.00,,5.0,0,0,0,0.1,0.1,0.06,-0.1,-0.1,Matches
75,Hamza Choudhury\7d2d3329,eng ENG,MFDF,Leicester City,24-133,1997,2.5,0,1,0,0.0,0.40,0.00,0.00,,12.8,0,0,0,0.0,0.0,0.03,0.0,0.0,Matches
76,Andreas Christensen\1cb49278,dk DEN,DF,Chelsea,25-307,1996,11.1,0,3,0,0.0,0.27,0.00,0.00,,20.3,0,0,0,0.3,0.3,0.10,-0.3,-0.3,Matches
77,Carney Chukwuemeka\b2f9c73e,eng ENG,MFFW,Aston Villa,18-035,2004,2.1,0,3,1,33.3,1.44,0.48,0.00,0.00,16.7,0,0,0,0.5,0.5,0.16,-0.5,-0.5,Matches
78,Ciaran Clark\2b91cf8e,ie IRL,DF,Newcastle Utd,32-138,1989,11.3,0,7,1,14.3,0.62,0.09,0.00,0.00,7.0,0,0,0,0.8,0.8,0.11,-0.8,-0.8,Matches
79,Tom Cleverley\6cdd8245,eng ENG,MF,Watford,32-183,1989,9.9,0,9,5,55.6,0.91,0.50,0.00,0.00,24.9,0,0,0,0.5,0.5,0.06,-0.5,-0.5,Matches
80,Nathaniel Clyne\0442183b,eng ENG,DF,Crystal Palace,30-312,1991,1.0,0,0,0,,0.00,0.00,,,,0,0,0,0.0,0.0,,0.0,0.0,Matches
81,Conor Coady\2928dca2,eng ENG,DF,Wolves,28-351,1993,21.8,2,7,2,28.6,0.32,0.09,0.29,1.00,8.1,0,0,0,1.6,1.6,0.23,+0.4,+0.4,Matches
82,Séamus Coleman\0420d84f,ie IRL,DF,Everton,33-123,1988,15.6,0,5,0,0.0,0.32,0.00,0.00,,18.5,0,0,0,0.2,0.2,0.03,-0.2,-0.2,Matches
83,Nathan Collins\a8c19eb8,ie IRL,DF,Burnley,20-287,2001,5.0,0,1,0,0.0,0.20,0.00,0.00,,7.8,0,0,0,0.1,0.1,0.05,-0.1,-0.1,Matches
84,Aaron Connolly\27c01749,ie IRL,FW,Brighton,22-014,2000,1.7,0,2,0,0.0,1.15,0.00,0.00,,14.9,0,0,0,0.5,0.5,0.23,-0.5,-0.5,Matches
85,Liam Cooper\dc64b8b3,sct SCO,DF,Leeds United,30-165,1991,14.2,0,4,0,0.0,0.28,0.00,0.00,,11.0,0,0,0,0.2,0.2,0.06,-0.2,-0.2,Matches
86,Jack Cork\74e12f1e,eng ENG,MF,Burnley,32-231,1989,7.1,0,3,0,0.0,0.42,0.00,0.00,,22.8,0,0,0,0.1,0.1,0.03,-0.1,-0.1,Matches
87,Maxwel Cornet\beb391dd,ci CIV,FWMF,Burnley,25-137,1996,8.5,6,21,12,57.1,2.47,1.41,0.29,0.50,17.2,3,0,0,2.1,2.1,0.10,+3.9,+3.9,Matches
88,Hélder Costa\f13d02a6,ao ANG,MF,Leeds United,28-030,1994,0.2,0,1,0,0.0,4.09,0.00,0.00,,22.4,0,0,0,0.0,0.0,0.03,0.0,0.0,Matches
89,Vladimír Coufal\fdf3cb77,cz CZE,DF,West Ham,29-173,1992,17.9,0,11,4,36.4,0.61,0.22,0.00,0.00,17.0,0,0,0,0.6,0.6,0.06,-0.6,-0.6,Matches
90,Philippe Coutinho\0ef89a37,br BRA,FW,Aston Villa,29-244,1992,1.9,2,6,4,66.7,3.12,2.08,0.33,0.50,16.5,1,0,0,1.1,1.1,0.18,+0.9,+0.9,Matches
91,Aaron Cresswell\4f974391,eng ENG,DF,West Ham,32-058,1989,16.7,1,9,2,22.2,0.54,0.12,0.11,0.50,21.4,5,0,0,0.4,0.4,0.05,+0.6,+0.6,Matches
92,Charlie Cresswell\4654e5f5,eng ENG,DF,Leeds United,19-066,2002,1.1,0,0,0,,0.00,0.00,,,,0,0,0,0.0,0.0,,0.0,0.0,Matches
93,Cucho\71b47ab9,co COL,MFFW,Watford,22-297,1999,7.8,2,22,5,22.7,2.82,0.64,0.09,0.40,18.5,3,0,0,1.3,1.3,0.06,+0.7,+0.7,Matches
94,Marc Cucurella\1daec722,es ESP,DF,Brighton,23-204,1998,18.3,0,9,1,11.1,0.49,0.05,0.00,0.00,23.8,0,0,0,0.3,0.3,0.03,-0.3,-0.3,Matches
95,Luke Cundle\cc3b8e78,eng ENG,MF,Wolves,19-291,2002,0.0,0,0,0,,0.00,0.00,,,,0,0,0,0.0,0.0,,0.0,0.0,Matches
96,Patson Daka\ca45605e,zm ZAM,FWMF,Leicester City,23-125,1998,5.7,4,14,8,57.1,2.46,1.41,0.29,0.50,14.6,0,0,0,3.2,3.2,0.23,+0.8,+0.8,Matches
97,Stuart Dallas\67ca8566,nir NIR,DFMF,Leeds United,30-298,1991,21.9,1,24,7,29.2,1.10,0.32,0.04,0.14,21.6,0,0,0,1.5,1.5,0.06,-0.5,-0.5,Matches
98,Diogo Dalot\d9565625,pt POR,DF,Manchester Utd,22-330,1999,9.1,0,6,2,33.3,0.66,0.22,0.00,0.00,21.1,0,0,0,0.3,0.3,0.05,-0.3,-0.3,Matches
99,Karl Darlow\cde3309f,eng ENG,GK,Newcastle Utd,31-126,1990,8.0,0,0,0,,0.00,0.00,,,,0,0,0,0.0,0.0,,0.0,0.0,Matches
100,Josh Dasilva\60344e4f,eng ENG,MFFW,Brentford,23-111,1998,0.3,0,0,0,,0.00,0.00,,,,0,0,0,0.0,0.0,,0.0,0.0,Matches
101,Ben Davies\44781702,wls WAL,DF,Tottenham,28-293,1993,11.3,0,9,2,22.2,0.79,0.18,0.00,0.00,16.5,0,0,0,1.2,1.2,0.13,-1.2,-1.2,Matches
102,Tom Davies\9228b07c,eng ENG,MF,Everton,23-226,1998,1.8,1,6,2,33.3,3.42,1.14,0.17,0.50,16.4,0,0,0,0.9,0.9,0.15,+0.1,+0.1,Matches
103,Keinan Davis\9deaf2c8,eng ENG,FW,Aston Villa,23-363,1998,0.1,0,0,0,,0.00,0.00,,,,0,0,0,0.0,0.0,,0.0,0.0,Matches
104,Craig Dawson\3e9e06cb,eng ENG,DF,West Ham,31-281,1990,17.9,0,16,3,18.8,0.89,0.17,0.00,0.00,8.2,0,0,0,1.5,1.5,0.10,-1.5,-1.5,Matches
105,Kevin De Bruyne\e46012d4,be BEL,MF,Manchester City,30-228,1991,13.2,7,45,15,33.3,3.41,1.14,0.16,0.47,19.2,2,0,0,3.2,3.2,0.07,+3.8,+3.8,Matches
106,Troy Deeney\82e34b69,eng ENG,FW,Watford,33-227,1988,0.3,0,2,0,0.0,7.20,0.00,0.00,,9.0,0,0,0,0.4,0.4,0.20,-0.4,-0.4,Matches
107,Fabian Delph\111c3236,eng ENG,MF,Everton,32-082,1989,2.8,0,1,0,0.0,0.36,0.00,0.00,,28.0,0,0,0,0.0,0.0,0.02,0.0,0.0,Matches
108,Leander Dendoncker\5a7301ae,be BEL,MF,Wolves,26-302,1995,10.8,0,11,4,36.4,1.02,0.37,0.00,0.00,17.3,0,0,0,0.9,0.9,0.08,-0.9,-0.9,Matches
109,Emmanuel Dennis\2c44a35d,ng NGA,FWMF,Watford,24-088,1997,17.3,8,39,20,51.3,2.26,1.16,0.21,0.40,15.2,3,0,0,4.4,4.4,0.11,+3.6,+3.6,Matches
110,Kiernan Dewsbury Hall\5c74c0f5,eng ENG,MF,Leicester City,23-158,1998,7.8,0,8,1,12.5,1.02,0.13,0.00,0.00,21.2,0,0,0,0.7,0.7,0.08,-0.7,-0.7,Matches
111,Ibrahima Diallo\11ff3d56,fr FRA,MF,Southampton,22-340,1999,8.2,0,7,3,42.9,0.85,0.36,0.00,0.00,19.9,0,0,0,0.4,0.4,0.06,-0.4,-0.4,Matches
112,Raphael Dias Belloli\3423f250,br BRA,MFFW,Leeds United,25-059,1996,19.0,8,57,13,22.8,3.01,0.69,0.09,0.38,21.9,7,3,3,6.7,4.4,0.08,+1.3,+0.6,Matches
113,Rúben Dias\31c69ef1,pt POR,DF,Manchester City,24-273,1997,20.7,2,12,3,25.0,0.58,0.15,0.17,0.67,12.1,0,0,0,1.4,1.4,0.11,+0.6,+0.6,Matches
114,Luis Díaz\4a1a9578,co COL,FW,Liverpool,25-029,1997,1.0,0,4,2,50.0,4.04,2.02,0.00,0.00,17.7,0,0,0,0.4,0.4,0.11,-0.4,-0.4,Matches
115,Eric Dier\ac861941,eng ENG,DF,Tottenham,28-027,1994,18.1,0,6,3,50.0,0.33,0.17,0.00,0.00,13.7,2,0,0,0.4,0.4,0.07,-0.4,-0.4,Matches
116,Lucas Digne\1b84dbe1,fr FRA,DF,Aston Villa,28-206,1993,3.0,0,3,1,33.3,1.00,0.33,0.00,0.00,13.6,0,0,0,0.3,0.3,0.10,-0.3,-0.3,Matches
117,Lucas Digne\1b84dbe1,fr FRA,DF,Everton,28-206,1993,13.0,0,9,1,11.1,0.69,0.08,0.00,0.00,21.1,3,0,0,0.4,0.4,0.05,-0.4,-0.4,Matches
118,Virgil van Dijk\e06683ca,nl NED,DF,Liverpool,30-218,1991,21.0,2,23,8,34.8,1.10,0.38,0.09,0.25,11.7,1,0,0,1.8,1.8,0.08,+0.2,+0.2,Matches
119,Issa Diop\a712ca2b,fr FRA,DF,West Ham,25-033,1997,8.0,0,1,1,100.0,0.13,0.13,0.00,0.00,7.2,0,0,0,0.1,0.1,0.05,-0.1,-0.1,Matches
120,Moussa Djenepo\254147d4,ml MLI,MF,Southampton,23-241,1998,4.8,0,10,1,10.0,2.09,0.21,0.00,0.00,15.9,0,0,0,1.5,1.5,0.15,-1.5,-1.5,Matches
121,Lewis Dobbin\e814e1cf,eng ENG,FWMF,Everton,19-039,2003,0.4,0,0,0,,0.00,0.00,,,,0,0,0,0.0,0.0,,0.0,0.0,Matches
122,Matt Doherty\d557d734,ie IRL,DFMF,Tottenham,30-026,1992,2.6,0,8,2,25.0,3.04,0.76,0.00,0.00,14.6,0,0,0,1.1,1.1,0.14,-1.1,-1.1,Matches
123,Gabriel Dos Santos\67ac5bb8,br BRA,DF,Arsenal,24-054,1997,18.4,3,19,7,36.8,1.03,0.38,0.16,0.43,11.2,0,0,0,1.9,1.9,0.10,+1.1,+1.1,Matches
124,Abdoulaye Doucouré\02b29014,fr FRA,MF,Everton,29-041,1993,15.7,2,24,6,25.0,1.53,0.38,0.08,0.33,16.6,0,0,0,1.9,1.9,0.08,+0.1,+0.1,Matches
125,Kieran Dowell\2f6ec02a,eng ENG,FWMF,Norwich City,24-124,1997,3.8,0,3,0,0.0,0.79,0.00,0.00,,26.0,2,0,0,0.2,0.2,0.05,-0.2,-0.2,Matches
126,Cody Drameh\e0d1510a,eng ENG,DF,Leeds United,20-065,2001,1.4,0,0,0,,0.00,0.00,,,,0,0,0,0.0,0.0,,0.0,0.0,Matches
127,Martin Dúbravka\3a949a25,sk SVK,GK,Newcastle Utd,33-027,1989,10.0,0,0,0,,0.00,0.00,,,,0,0,0,0.0,0.0,,0.0,0.0,Matches
128,Shane Duffy\7314bba4,ie IRL,DF,Brighton,30-041,1992,12.9,1,16,4,25.0,1.24,0.31,0.06,0.25,8.7,0,0,0,0.8,0.8,0.05,+0.2,+0.2,Matches
129,Paul Dummett\3fe6bd8c,wls WAL,DF,Newcastle Utd,30-138,1991,1.7,0,0,0,,0.00,0.00,,,,0,0,0,0.0,0.0,,0.0,0.0,Matches
130,Lewis Dunk\282f75f3,eng ENG,DF,Brighton,30-082,1991,14.0,0,6,3,50.0,0.43,0.21,0.00,0.00,9.9,0,0,0,0.4,0.4,0.06,-0.4,-0.4,Matches
131,Ederson\3bb7b8b4,br BRA,GK,Manchester City,28-178,1993,23.0,0,0,0,,0.00,0.00,,,,0,0,0,0.0,0.0,,0.0,0.0,Matches
132,Odsonne Édouard\0562b7f1,fr FRA,FW,Crystal Palace,24-026,1998,13.0,6,33,14,42.4,2.53,1.07,0.15,0.36,12.9,0,1,1,6.3,5.6,0.17,-0.3,-0.6,Matches
133,Anthony Elanga\2fba6108,se SWE,FW,Manchester Utd,19-290,2002,2.8,1,7,2,28.6,2.46,0.70,0.14,0.50,14.5,0,0,0,1.0,1.0,0.14,0.0,0.0,Matches
134,Harvey Elliott\c8387671,eng ENG,MF,Liverpool,18-313,2003,3.1,0,7,1,14.3,2.23,0.32,0.00,0.00,16.3,0,0,0,0.7,0.7,0.11,-0.7,-0.7,Matches
135,Mohamed Elneny\47a34c4f,eg EGY,MF,Arsenal,29-215,1992,2.0,0,1,0,0.0,0.51,0.00,0.00,,23.0,0,0,0,0.0,0.0,0.02,0.0,0.0,Matches
136,Mohamed Elyounoussi\68dc0dac,no NOR,MF,Southampton,27-191,1994,11.6,3,27,10,37.0,2.34,0.87,0.11,0.30,14.8,0,0,0,3.4,3.4,0.14,-0.4,-0.4,Matches
137,Emerson\df8b52a5,br BRA,DF,Tottenham,23-028,1999,14.8,0,5,1,20.0,0.34,0.07,0.00,0.00,11.7,0,0,0,0.4,0.4,0.08,-0.4,-0.4,Matches
138,Oghenekaro Etebo\b579e83d,ng NGA,MF,Watford,26-094,1995,4.1,0,3,0,0.0,0.73,0.00,0.00,,30.9,0,0,0,0.0,0.0,0.02,0.0,0.0,Matches
139,Jonny Evans\f8fcd2a5,nir NIR,DF,Leicester City,34-039,1988,8.4,1,3,2,66.7,0.36,0.24,0.33,0.50,5.7,0,0,0,0.7,0.7,0.25,+0.3,+0.3,Matches
140,Eberechi Eze\ae4fc6a4,eng ENG,MFFW,Crystal Palace,23-227,1998,1.5,0,2,0,0.0,1.32,0.00,0.00,,26.6,0,0,0,0.0,0.0,0.02,0.0,0.0,Matches
141,Łukasz Fabiański\9328b835,pl POL,GK,West Ham,36-299,1985,23.0,0,0,0,,0.00,0.00,,,,0,0,0,0.0,0.0,,0.0,0.0,Matches
142,Fabinho\7f3b388c,br BRA,MF,Liverpool,28-111,1993,15.9,3,12,5,41.7,0.75,0.31,0.17,0.40,18.8,0,1,1,1.7,0.9,0.08,+1.3,+1.1,Matches
143,Kiko Femenía\e5d01ecf,es ESP,DF,Watford,31-009,1991,12.5,0,2,0,0.0,0.16,0.00,0.00,,21.2,0,0,0,0.0,0.0,0.02,0.0,0.0,Matches
144,Nathan Ferguson\2f8d27bc,eng ENG,DF,Crystal Palace,21-128,2000,0.1,0,0,0,,0.00,0.00,,,,0,0,0,0.0,0.0,,0.0,0.0,Matches
145,Bruno Fernandes\507c7bdf,pt POR,MF,Manchester Utd,27-156,1994,20.6,7,48,14,29.2,2.33,0.68,0.15,0.50,21.8,4,0,1,4.8,4.1,0.08,+2.2,+2.9,Matches
146,Álvaro Fernández\f127d782,es ESP,GK,Brentford,23-304,1998,12.0,0,0,0,,0.00,0.00,,,,0,0,0,0.0,0.0,,0.0,0.0,Matches
147,Federico Fernández\f25b010f,ar ARG,DF,Newcastle Utd,32-355,1989,5.8,0,6,1,16.7,1.03,0.17,0.00,0.00,9.2,0,0,0,0.4,0.4,0.07,-0.4,-0.4,Matches
148,Fernandinho\101da2b5,br BRA,MF,Manchester City,36-283,1985,5.8,1,9,1,11.1,1.56,0.17,0.11,1.00,18.0,0,0,0,0.8,0.8,0.09,+0.2,+0.2,Matches
149,Roberto Firmino\4c370d81,br BRA,FW,Liverpool,30-132,1991,7.4,4,19,9,47.4,2.57,1.22,0.21,0.44,14.1,0,0,0,4.5,4.5,0.23,-0.5,-0.5,Matches
150,Junior Firpo\24f59bb2,es ESP,DF,Leeds United,25-173,1996,10.3,0,7,1,14.3,0.68,0.10,0.00,0.00,12.9,0,0,0,0.5,0.5,0.08,-0.5,-0.5,Matches
151,Ashley Fletcher\eeb6551f,eng ENG,FW,Watford,26-132,1995,0.3,0,2,1,50.0,6.00,3.00,0.00,0.00,19.9,0,0,0,0.4,0.4,0.19,-0.4,-0.4,Matches
152,Phil Foden\ed1e53f3,eng ENG,FW,Manchester City,21-259,2000,13.0,5,33,14,42.4,2.54,1.08,0.15,0.36,14.5,0,0,0,5.4,5.4,0.16,-0.4,-0.4,Matches
153,Pablo Fornals\82927de4,es ESP,MFFW,West Ham,25-354,1996,18.8,5,28,9,32.1,1.49,0.48,0.18,0.56,18.4,0,0,0,3.2,3.2,0.11,+1.8,+1.8,Matches
154,Adam Forshaw\9f1938ab,eng ENG,MF,Leeds United,30-126,1991,9.5,0,7,2,28.6,0.73,0.21,0.00,0.00,28.9,1,0,0,0.2,0.2,0.02,-0.2,-0.2,Matches
155,Marcus Forss\82c215a0,fi FIN,FWMF,Brentford,22-238,1999,2.3,0,5,0,0.0,2.15,0.00,0.00,,14.0,0,0,0,0.2,0.2,0.05,-0.2,-0.2,Matches
156,Fraser Forster\c3e39f12,eng ENG,GK,Southampton,33-331,1988,6.0,0,0,0,,0.00,0.00,,,,0,0,0,0.0,0.0,,0.0,0.0,Matches
157,Ben Foster\d0b3ceb9,eng ENG,GK,Watford,38-314,1983,11.0,0,0,0,,0.00,0.00,,,,0,0,0,0.0,0.0,,0.0,0.0,Matches
158,Ryan Fraser\d56543a0,sct SCO,MFFW,Newcastle Utd,27-352,1994,9.4,1,14,2,14.3,1.49,0.21,0.07,0.50,16.8,0,0,0,1.3,1.3,0.09,-0.3,-0.3,Matches
159,Fred\b853e0ad,br BRA,MF,Manchester Utd,28-343,1993,15.9,2,10,6,60.0,0.63,0.38,0.20,0.33,22.6,0,0,0,0.6,0.6,0.06,+1.4,+1.4,Matches
160,Ryan Fredericks\c067631c,eng ENG,DF,West Ham,29-124,1992,0.3,0,0,0,,0.00,0.00,,,,0,0,0,0.0,0.0,,0.0,0.0,Matches
161,Leo Fuhr Hjelde\d102b8a2,no NOR,DF,Leeds United,18-169,2003,0.8,0,0,0,,0.00,0.00,,,,0,0,0,0.0,0.0,,0.0,0.0,Matches
162,Conor Gallagher\c2731c10,eng ENG,MF,Crystal Palace,22-005,2000,19.4,7,38,17,44.7,1.95,0.87,0.18,0.41,15.9,4,0,0,4.4,4.4,0.12,+2.6,+2.6,Matches
163,Dwight Gayle\e58a03c6,eng ENG,FW,Newcastle Utd,31-117,1990,0.3,0,1,0,0.0,2.90,0.00,0.00,,9.0,0,0,0,0.0,0.0,0.05,0.0,0.0,Matches
164,Jean-Philippe Gbamin\6bd603db,ci CIV,MF,Everton,26-139,1995,0.7,0,0,0,,0.00,0.00,,,,0,0,0,0.0,0.0,,0.0,0.0,Matches
165,David de Gea\7ba6d84e,es ESP,GK,Manchester Utd,31-096,1990,23.0,0,0,0,,0.00,0.00,,,,0,0,0,0.0,0.0,,0.0,0.0,Matches
166,Joe Gelhardt\01962d0d,eng ENG,FW,Leeds United,19-283,2002,3.5,1,9,4,44.4,2.55,1.13,0.11,0.25,14.9,0,0,0,1.1,1.1,0.12,-0.1,-0.1,Matches
167,Anwar El Ghazi\ffa90327,nl NED,FWMF,Aston Villa,26-284,1995,4.3,1,7,2,28.6,1.63,0.47,0.00,0.00,21.3,0,1,1,1.1,0.3,0.04,-0.1,-0.3,Matches
168,Saman Ghoddos\f7b1d4e0,ir IRN,MFDF,Brentford,28-158,1993,4.6,1,7,2,28.6,1.51,0.43,0.14,0.50,19.3,1,0,0,0.6,0.6,0.09,+0.4,+0.4,Matches
169,Dimitris Giannoulis\112c495e,gr GRE,DF,Norwich City,26-117,1995,6.1,0,2,1,50.0,0.33,0.16,0.00,0.00,19.9,0,0,0,0.1,0.1,0.03,-0.1,-0.1,Matches
170,Morgan Gibbs-White\32f60ed8,eng ENG,FWMF,Wolves,22-015,2000,0.1,0,2,0,0.0,20.00,0.00,0.00,,16.2,0,0,0,0.1,0.1,0.06,-0.1,-0.1,Matches
171,Ben Gibson\bcfb0142,eng ENG,DF,Norwich City,29-027,1993,18.7,0,7,3,42.9,0.37,0.16,0.00,0.00,10.2,0,0,0,1.1,1.1,0.16,-1.1,-1.1,Matches
172,Billy Gilmour\df10e27c,sct SCO,MF,Norwich City,20-245,2001,12.0,0,8,1,12.5,0.67,0.08,0.00,0.00,24.6,1,0,0,0.3,0.3,0.04,-0.3,-0.3,Matches
173,Ben Godfrey\9f7c837d,eng ENG,DF,Everton,24-027,1998,16.5,0,15,5,33.3,0.91,0.30,0.00,0.00,17.1,0,0,0,1.0,1.0,0.07,-1.0,-1.0,Matches
174,André Gomes\1961b2aa,pt POR,MF,Everton,28-196,1993,5.1,0,11,2,18.2,2.18,0.40,0.00,0.00,20.7,0,0,0,0.6,0.6,0.05,-0.6,-0.6,Matches
175,Toti Gomes\f0caab96,pt POR,DF,Wolves,23-026,1999,2.0,0,0,0,,0.00,0.00,,,,0,0,0,0.0,0.0,,0.0,0.0,Matches
176,Joe Gomez\7a11550b,eng ENG,DF,Liverpool,24-264,1997,0.2,0,0,0,,0.00,0.00,,,,0,0,0,0.0,0.0,,0.0,0.0,Matches
177,Charlie Goode\7aee4dd3,eng ENG,DF,Brentford,26-192,1995,5.0,0,2,0,0.0,0.40,0.00,0.00,,10.5,0,0,0,0.1,0.1,0.07,-0.1,-0.1,Matches
178,Anthony Gordon\2bd83368,eng ENG,MFFW,Everton,20-352,2001,11.2,2,20,8,40.0,1.79,0.72,0.10,0.25,16.2,1,0,0,1.6,1.6,0.08,+0.4,+0.4,Matches
179,Kaide Gordon\19a9cb70,eng ENG,FW,Liverpool,17-129,2004,0.1,0,1,1,100.0,10.00,10.00,0.00,0.00,19.0,0,0,0,0.4,0.4,0.45,-0.4,-0.4,Matches
180,Dan Gosling\7fec31a0,eng ENG,MF,Watford,32-010,1990,0.2,0,0,0,,0.00,0.00,,,,0,0,0,0.0,0.0,,0.0,0.0,Matches
181,Demarai Gray\4468ec10,eng ENG,MFFW,Everton,25-228,1996,17.0,5,42,12,28.6,2.47,0.71,0.12,0.42,20.5,3,0,0,2.9,2.9,0.07,+2.1,+2.1,Matches
182,Jack Grealish\b0b4fd3e,eng ENG,FW,Manchester City,26-154,1995,14.1,2,31,14,45.2,2.20,1.00,0.06,0.14,14.2,0,0,0,4.0,4.0,0.13,-2.0,-2.0,Matches
183,Mason Greenwood\58eee997,eng ENG,FWMF,Manchester Utd,20-133,2001,14.1,5,48,18,37.5,3.40,1.27,0.10,0.28,18.6,0,0,0,4.6,4.6,0.09,+0.4,+0.4,Matches
184,Sam Greenwood\f3354c07,eng ENG,MF,Leeds United,20-016,2002,0.1,0,0,0,,0.00,0.00,,,,0,0,0,0.0,0.0,,0.0,0.0,Matches
185,Pascal Groß\8aec0537,de GER,MFDF,Brighton,30-241,1991,11.7,0,13,3,23.1,1.12,0.26,0.00,0.00,19.1,1,0,1,1.7,1.0,0.07,-1.7,-1.0,Matches
186,Vicente Guaita\ab13a5aa,es ESP,GK,Crystal Palace,35-032,1987,20.0,0,0,0,,0.00,0.00,,,,0,0,0,0.0,0.0,,0.0,0.0,Matches
187,Marc Guéhi\d0706b27,eng ENG,DF,Crystal Palace,21-213,2000,22.0,2,11,4,36.4,0.50,0.18,0.18,0.50,11.4,0,0,0,1.5,1.5,0.14,+0.5,+0.5,Matches
188,Bruno Guimarães\82518f62,br BRA,MF,Newcastle Utd,24-087,1997,0.0,0,0,0,,0.00,0.00,,,,0,0,0,0.0,0.0,,0.0,0.0,Matches
189,İlkay Gündoğan\819b3158,de GER,MF,Manchester City,31-110,1990,12.0,4,31,10,32.3,2.58,0.83,0.13,0.40,13.4,2,0,0,5.2,5.2,0.17,-1.2,-1.2,Matches
190,Angus Gunn\e082af5b,eng ENG,GK,Norwich City,26-020,1996,4.0,0,0,0,,0.00,0.00,,,,0,0,0,0.0,0.0,,0.0,0.0,Matches
191,Grant Hanley\e9254eec,sct SCO,DF,Norwich City,30-083,1991,18.2,1,10,2,20.0,0.55,0.11,0.10,0.50,7.8,0,0,0,0.9,0.9,0.09,+0.1,+0.1,Matches
192,Jack Harrison\aa849a12,eng ENG,MFFW,Leeds United,25-083,1996,16.0,4,23,9,39.1,1.44,0.56,0.17,0.44,15.3,0,0,0,2.2,2.2,0.10,+1.8,+1.8,Matches
193,Kortney Hause\bf8fad51,eng ENG,DF,Aston Villa,26-210,1995,4.4,1,2,2,100.0,0.45,0.45,0.50,0.50,10.1,0,0,0,0.1,0.1,0.04,+0.9,+0.9,Matches
194,Kai Havertz\fed7cb61,de GER,FWMF,Chelsea,22-245,1999,10.5,2,27,8,29.6,2.57,0.76,0.07,0.25,14.4,0,0,0,3.1,3.1,0.11,-1.1,-1.1,Matches
195,Isaac Hayden\c951a6df,eng ENG,MFDF,Newcastle Utd,26-326,1995,11.1,1,6,1,16.7,0.54,0.09,0.17,1.00,12.8,0,0,0,0.4,0.4,0.07,+0.6,+0.6,Matches
196,Hwang Hee-chan\169fd162,kr KOR,FWMF,Wolves,26-016,1996,10.9,4,10,5,50.0,0.92,0.46,0.40,0.80,13.0,0,0,0,2.2,2.2,0.22,+1.8,+1.8,Matches
197,Jordan Henderson\935e6b8f,eng ENG,MF,Liverpool,31-239,1990,17.4,2,22,5,22.7,1.26,0.29,0.09,0.40,23.0,0,0,0,1.3,1.3,0.06,+0.7,+0.7,Matches
198,Jeff Hendrick\989d5705,ie IRL,MF,Newcastle Utd,30-011,1992,0.8,1,1,1,100.0,1.25,1.25,1.00,1.00,27.0,0,0,0,0.0,0.0,0.03,+1.0,+1.0,Matches
199,Wayne Hennessey\76eca7e2,wls WAL,GK,Burnley,35-018,1987,2.0,0,0,0,,0.00,0.00,,,,0,0,0,0.0,0.0,,0.0,0.0,Matches
200,Rico Henry\8a3c1dc7,eng ENG,DF,Brentford,24-218,1997,17.4,2,8,2,25.0,0.46,0.12,0.25,1.00,14.0,0,0,0,1.4,1.4,0.18,+0.6,+0.6,Matches
201,Son Heung-min\92e7e919,kr KOR,FWMF,Tottenham,29-218,1992,17.5,9,45,20,44.4,2.57,1.14,0.20,0.45,15.9,1,0,0,7.4,7.4,0.16,+1.6,+1.6,Matches
202,Ki-Jana Hoever\9a71e978,nl NED,DF,Wolves,20-024,2002,2.2,0,1,0,0.0,0.46,0.00,0.00,,22.2,0,0,0,0.0,0.0,0.02,0.0,0.0,Matches
203,Rob Holding\d79a8c87,eng ENG,DF,Arsenal,26-144,1995,4.8,0,3,0,0.0,0.63,0.00,0.00,,6.7,0,0,0,0.2,0.2,0.07,-0.2,-0.2,Matches
204,Mason Holgate\d0042ab9,eng ENG,DF,Everton,25-112,1996,8.8,0,2,0,0.0,0.23,0.00,0.00,,7.5,0,0,0,0.4,0.4,0.21,-0.4,-0.4,Matches
205,Callum Hudson-Odoi\15f3ec41,eng ENG,FWMF,Chelsea,21-096,2000,10.7,1,17,7,41.2,1.59,0.65,0.06,0.14,13.2,0,0,0,2.1,2.1,0.12,-1.1,-1.1,Matches
206,Will Hughes\a0666d3e,eng ENG,MF,Crystal Palace,26-300,1995,7.4,0,5,0,0.0,0.68,0.00,0.00,,21.7,0,0,0,0.1,0.1,0.03,-0.1,-0.1,Matches
207,Pierre Højbjerg\8b04d6c1,dk DEN,MF,Tottenham,26-190,1995,19.5,2,20,9,45.0,1.03,0.46,0.10,0.22,21.3,1,0,0,1.6,1.6,0.08,+0.4,+0.4,Matches
208,Adam Idah\291e3ec3,ie IRL,FWMF,Norwich City,20-337,2001,6.9,1,14,4,28.6,2.02,0.58,0.07,0.25,12.3,0,0,0,2.0,2.0,0.15,-1.0,-1.0,Matches
209,Kelechi Iheanacho\c92e1a31,ng NGA,FWMF,Leicester City,25-131,1996,6.9,2,16,6,37.5,2.31,0.87,0.13,0.33,16.8,0,0,0,2.1,2.1,0.13,-0.1,-0.1,Matches
210,Danny Ings\07802f7f,eng ENG,FW,Aston Villa,29-203,1992,12.4,4,20,8,40.0,1.61,0.64,0.15,0.38,13.9,0,1,1,3.2,2.5,0.12,+0.8,+0.5,Matches
211,Alex Iwobi\6ca5ec4b,ng NGA,MFFW,Everton,25-284,1996,7.9,1,14,5,35.7,1.76,0.63,0.07,0.20,15.0,0,0,0,1.0,1.0,0.07,0.0,0.0,Matches
212,Daniel James\c931d9f9,wls WAL,FWMF,Leeds United,24-093,1997,14.8,4,38,11,28.9,2.56,0.74,0.11,0.36,15.8,0,0,0,3.7,3.7,0.10,+0.3,+0.3,Matches
213,Daniel James\c931d9f9,wls WAL,FW,Manchester Utd,24-093,1997,1.4,0,4,1,25.0,2.86,0.71,0.00,0.00,17.3,0,0,0,0.2,0.2,0.06,-0.2,-0.2,Matches
214,Reece James\1265a93a,eng ENG,DF,Chelsea,22-065,1999,12.4,4,21,7,33.3,1.70,0.57,0.19,0.57,20.0,4,0,0,1.7,1.7,0.08,+2.3,+2.3,Matches
215,Vitaly Janelt\8449d35e,de GER,MF,Brentford,23-277,1998,15.0,2,15,8,53.3,1.00,0.53,0.13,0.25,18.1,0,0,0,1.5,1.5,0.10,+0.5,+0.5,Matches
216,Pontus Jansson\172e52d8,se SWE,DF,Brentford,30-363,1991,23.9,1,12,5,41.7,0.50,0.21,0.08,0.20,7.8,0,0,0,1.5,1.5,0.13,-0.5,-0.5,Matches
217,Mathias Jensen\0f134faf,dk DEN,MF,Brentford,26-041,1996,10.4,0,10,4,40.0,0.96,0.38,0.00,0.00,27.2,0,0,0,1.2,1.2,0.12,-1.2,-1.2,Matches
218,Gabriel Jesus\b66315ae,br BRA,FW,Manchester City,24-314,1997,14.7,2,41,13,31.7,2.79,0.88,0.05,0.15,13.1,0,0,0,5.3,5.3,0.13,-3.3,-3.3,Matches
219,Raúl Jiménez\b561db50,mx MEX,FW,Wolves,30-282,1991,18.3,4,37,9,24.3,2.03,0.49,0.08,0.33,16.0,1,1,1,4.3,3.8,0.10,-0.3,-0.8,Matches
220,Joelinton\c17bfb65,br BRA,MFFW,Newcastle Utd,25-181,1996,15.9,1,29,8,27.6,1.82,0.50,0.03,0.13,16.8,0,0,0,2.4,2.4,0.08,-1.4,-1.4,Matches
221,Ben Johnson\9319781b,eng ENG,DF,West Ham,22-018,2000,8.9,1,3,1,33.3,0.34,0.11,0.33,1.00,24.4,0,0,0,0.1,0.1,0.02,+0.9,+0.9,Matches
222,Curtis Jones\4fb9c88f,eng ENG,MF,Liverpool,21-012,2001,6.2,1,8,3,37.5,1.28,0.48,0.13,0.33,22.2,0,0,0,0.5,0.5,0.06,+0.5,+0.5,Matches
223,Phil Jones\def899bd,eng ENG,DF,Manchester Utd,29-355,1992,1.0,0,0,0,,0.00,0.00,,,,0,0,0,0.0,0.0,,0.0,0.0,Matches
224,Jorginho\45db685d,it ITA,MF,Chelsea,30-053,1991,16.9,6,7,2,28.6,0.41,0.12,0.00,0.00,29.6,0,6,6,4.9,0.3,0.05,+1.1,-0.3,Matches
225,Diogo Jota\178ae8f8,pt POR,FW,Liverpool,25-069,1996,18.1,12,63,24,38.1,3.47,1.32,0.19,0.50,10.8,0,0,0,12.7,12.7,0.20,-0.7,-0.7,Matches
226,James Justin\fb614c44,eng ENG,DF,Leicester City,23-353,1998,2.4,0,0,0,,0.00,0.00,,,,0,0,0,0.0,0.0,,0.0,0.0,Matches
227,Mathias Jørgensen\0db5d2c8,dk DEN,DF,Brentford,31-294,1990,4.8,1,2,1,50.0,0.42,0.21,0.50,1.00,6.9,0,0,0,0.1,0.1,0.05,+0.9,+0.9,Matches
228,Ozan Kabak\2d61d13a,tr TUR,DF,Norwich City,21-323,2000,8.2,0,4,2,50.0,0.49,0.24,0.00,0.00,15.0,0,0,0,0.2,0.2,0.05,-0.2,-0.2,Matches
229,Christian Kabasele\914ab9a1,be BEL,DF,Watford,30-352,1991,3.3,0,1,0,0.0,0.31,0.00,0.00,,6.0,0,0,0,0.2,0.2,0.22,-0.2,-0.2,Matches
230,Hassane Kamara\19a12bed,ci CIV,DF,Watford,27-145,1994,3.9,0,1,0,0.0,0.25,0.00,0.00,,37.1,0,0,0,0.0,0.0,0.01,0.0,0.0,Matches
231,Harry Kane\21a66f6a,eng ENG,FW,Tottenham,28-198,1993,18.9,5,63,25,39.7,3.33,1.32,0.06,0.16,17.0,6,1,1,9.1,8.4,0.13,-4.1,-4.4,Matches
232,N'Golo Kanté\b9fbae28,fr FRA,MF,Chelsea,30-319,1991,10.7,2,9,4,44.4,0.84,0.38,0.22,0.50,17.7,0,0,0,0.9,0.9,0.10,+1.1,+1.1,Matches
233,Edo Kayembe\f99b71de,cd COD,MF,Watford,23-192,1998,3.6,0,2,0,0.0,0.55,0.00,0.00,,25.2,0,0,0,0.1,0.1,0.03,-0.1,-0.1,Matches
234,Moise Kean\3d50bcdb,it ITA,FW,Everton,21-348,2000,0.0,0,0,0,,0.00,0.00,,,,0,0,0,0.0,0.0,,0.0,0.0,Matches
235,Michael Keane\c5b7c315,eng ENG,DF,Everton,29-031,1993,20.0,1,14,3,21.4,0.70,0.15,0.07,0.33,12.9,0,0,0,0.8,0.8,0.06,+0.2,+0.2,Matches
236,Naby Keïta\f25c8e3a,gn GUI,MF,Liverpool,27-001,1995,5.9,2,15,5,33.3,2.56,0.85,0.13,0.40,22.3,0,0,0,1.1,1.1,0.07,+0.9,+0.9,Matches
237,Caoimhín Kelleher\62d7ef38,ie IRL,GK,Liverpool,23-080,1998,2.0,0,0,0,,0.00,0.00,,,,0,0,0,0.0,0.0,,0.0,0.0,Matches
238,Jonjoe Kenny\099e666f,eng ENG,DF,Everton,24-333,1997,3.0,0,1,0,0.0,0.34,0.00,0.00,,24.1,0,0,0,0.0,0.0,0.02,0.0,0.0,Matches
239,Max Kilman\d0f72bf1,eng ENG,DF,Wolves,24-264,1997,22.0,1,10,3,30.0,0.45,0.14,0.10,0.33,8.1,0,0,0,0.8,0.8,0.08,+0.2,+0.2,Matches
240,Joshua King\43458538,no NOR,FW,Watford,30-027,1992,18.1,5,40,16,40.0,2.21,0.89,0.10,0.25,14.7,0,1,1,7.1,6.4,0.16,-2.1,-2.4,Matches
241,Mateusz Klich\282679b4,pl POL,MF,Leeds United,31-243,1990,13.3,1,27,12,44.4,2.03,0.90,0.04,0.08,20.0,0,0,0,1.9,1.9,0.07,-0.9,-0.9,Matches
242,Robin Koch\ea6bc03a,de GER,MFDF,Leeds United,25-209,1996,6.0,0,3,1,33.3,0.50,0.17,0.00,0.00,13.7,0,0,0,0.1,0.1,0.03,-0.1,-0.1,Matches
243,Sead Kolašinac\3935e52e,ba BIH,DF,Arsenal,28-236,1993,1.0,0,0,0,,0.00,0.00,,,,0,0,0,0.0,0.0,,0.0,0.0,Matches
244,Ibrahima Konaté\5ed9b537,fr FRA,DF,Liverpool,22-262,1999,7.0,0,2,0,0.0,0.29,0.00,0.00,,10.0,0,0,0,0.1,0.1,0.05,-0.1,-0.1,Matches
245,Ezri Konsa\0313a347,eng ENG,DF,Aston Villa,24-111,1997,20.0,2,13,6,46.2,0.65,0.30,0.15,0.33,6.9,0,0,0,1.4,1.4,0.11,+0.6,+0.6,Matches
246,Cheikhou Kouyaté\8d3c902d,sn SEN,MF,Crystal Palace,32-052,1989,14.7,0,4,0,0.0,0.27,0.00,0.00,,20.4,0,0,0,0.2,0.2,0.04,-0.2,-0.2,Matches
247,Mateo Kovačić\79c0821a,hr CRO,MF,Chelsea,27-281,1994,12.5,2,16,4,25.0,1.28,0.32,0.13,0.50,19.9,1,0,0,1.2,1.2,0.08,+0.8,+0.8,Matches
248,Emil Krafth\77cf6852,se SWE,DF,Newcastle Utd,27-193,1994,6.0,0,2,0,0.0,0.33,0.00,0.00,,10.8,0,0,0,0.1,0.1,0.07,-0.1,-0.1,Matches
249,Alex Král\e717705a,cz CZE,MF,West Ham,23-268,1998,0.0,0,0,0,,0.00,0.00,,,,0,0,0,0.0,0.0,,0.0,0.0,Matches
250,Tim Krul\f23f9d20,nl NED,GK,Norwich City,33-314,1988,19.0,0,0,0,,0.00,0.00,,,,0,0,0,0.0,0.0,,0.0,0.0,Matches
251,Juraj Kucka\5aaef9ef,sk SVK,MF,Watford,34-350,1987,16.0,1,30,7,23.3,1.87,0.44,0.03,0.14,21.2,3,0,0,1.6,1.6,0.05,-0.6,-0.6,Matches
252,Dejan Kulusevski\df3cda47,se SWE,FWMF,Tottenham,21-292,2000,0.2,0,0,0,,0.00,0.00,,,,0,0,0,0.0,0.0,,0.0,0.0,Matches
253,Alexandre Lacazette\9dbb75ca,fr FRA,FWMF,Arsenal,30-259,1991,11.5,3,19,9,47.4,1.65,0.78,0.11,0.22,13.8,0,1,2,5.2,3.6,0.19,-2.2,-1.6,Matches
254,Adam Lallana\99813635,eng ENG,MF,Brighton,33-277,1988,15.2,0,19,4,21.1,1.25,0.26,0.00,0.00,19.1,0,0,0,1.1,1.1,0.06,-1.1,-1.1,Matches
255,Tariq Lamptey\f4e433d4,eng ENG,DFFW,Brighton,21-134,2000,9.1,0,9,2,22.2,0.99,0.22,0.00,0.00,15.4,0,0,0,0.5,0.5,0.05,-0.5,-0.5,Matches
256,Manuel Lanzini\26f6dca8,ar ARG,MF,West Ham,28-361,1993,9.9,4,8,3,37.5,0.81,0.30,0.25,0.67,25.0,1,2,2,2.0,0.4,0.06,+2.0,+1.6,Matches
257,Aymeric Laporte\119b9a8e,es ESP,DF,Manchester City,27-260,1994,19.1,3,27,5,18.5,1.41,0.26,0.11,0.60,10.5,0,0,0,3.0,3.0,0.11,0.0,0.0,Matches
258,Jamaal Lascelles\450ab6fc,eng ENG,DF,Newcastle Utd,28-092,1993,17.7,1,13,2,15.4,0.73,0.11,0.08,0.50,8.7,0,0,0,0.7,0.7,0.05,+0.3,+0.3,Matches
259,Pierre Lees-Melou\f5044e54,fr FRA,MF,Norwich City,28-262,1993,14.7,0,22,6,27.3,1.49,0.41,0.00,0.00,22.8,0,0,0,1.1,1.1,0.05,-1.1,-1.1,Matches
260,Aaron Lennon\2ff964a0,eng ENG,MFFW,Burnley,34-301,1987,4.9,1,4,1,25.0,0.81,0.20,0.25,1.00,26.4,0,0,0,0.2,0.2,0.06,+0.8,+0.8,Matches
261,Bernd Leno\2628fd2b,de GER,GK,Arsenal,29-344,1992,3.0,0,0,0,,0.00,0.00,,,,0,0,0,0.0,0.0,,0.0,0.0,Matches
262,Jamal Lewis\efb9215a,nir NIR,DF,Newcastle Utd,24-017,1998,2.9,0,0,0,,0.00,0.00,,,,0,0,0,0.0,0.0,,0.0,0.0,Matches
263,Victor Lindelöf\f5deef4c,se SWE,DF,Manchester Utd,27-209,1994,14.1,0,2,1,50.0,0.14,0.07,0.00,0.00,7.3,0,0,0,0.1,0.1,0.04,-0.1,-0.1,Matches
264,Jesse Lingard\810e3c74,eng ENG,FW,Manchester Utd,29-058,1992,1.2,2,5,4,80.0,4.17,3.33,0.40,0.50,17.9,0,0,0,0.3,0.3,0.07,+1.7,+1.7,Matches
265,Valentino Livramento\afed6722,eng ENG,DF,Southampton,19-091,2002,17.9,1,8,2,25.0,0.45,0.11,0.13,0.50,17.3,0,0,0,0.7,0.7,0.08,+0.3,+0.3,Matches
266,Diego Llorente\bba30585,es ESP,DF,Leeds United,28-179,1993,15.1,2,6,2,33.3,0.40,0.13,0.33,1.00,8.2,0,0,0,0.8,0.8,0.14,+1.2,+1.2,Matches
267,Hugo Lloris\8f62b6ee,fr FRA,GK,Tottenham,35-047,1986,21.0,0,0,0,,0.00,0.00,,,,0,0,0,0.0,0.0,,0.0,0.0,Matches
268,Giovani Lo Celso\d7553721,ar ARG,MFFW,Tottenham,25-308,1996,2.6,0,9,0,0.0,3.40,0.00,0.00,,18.5,1,0,0,0.7,0.7,0.08,-0.7,-0.7,Matches
269,Jürgen Locadia\6cc47ae1,nl NED,FW,Brighton,28-096,1993,0.3,0,1,0,0.0,3.91,0.00,0.00,,20.0,0,0,0,0.1,0.1,0.11,-0.1,-0.1,Matches
270,Ruben Loftus-Cheek\e97fd090,eng ENG,MF,Chelsea,26-019,1996,7.7,0,14,3,21.4,1.81,0.39,0.00,0.00,17.0,0,0,0,0.9,0.9,0.07,-0.9,-0.9,Matches
271,Shane Long\9f472354,ie IRL,FWMF,Southampton,35-020,1987,1.2,0,2,1,50.0,1.62,0.81,0.00,0.00,9.5,0,0,0,0.3,0.3,0.16,-0.3,-0.3,Matches
272,Sean Longstaff\a2b105e0,eng ENG,MF,Newcastle Utd,24-104,1997,10.9,1,12,2,16.7,1.10,0.18,0.08,0.50,23.8,1,0,0,1.1,1.1,0.09,-0.1,-0.1,Matches
273,Ademola Lookman\7c104bb7,eng ENG,FWMF,Leicester City,24-114,1997,10.6,3,15,7,46.7,1.41,0.66,0.20,0.43,14.3,0,0,0,2.9,2.9,0.19,+0.1,+0.1,Matches
274,Jonas Lössl\939bc634,dk DEN,GK,Brentford,33-010,1989,2.0,0,0,0,,0.00,0.00,,,,0,0,0,0.0,0.0,,0.0,0.0,Matches
275,Imran Louza\e1df6989,ma MAR,MF,Watford,22-286,1999,4.9,0,4,0,0.0,0.82,0.00,0.00,,25.6,2,0,0,0.1,0.1,0.03,-0.1,-0.1,Matches
276,Matthew Lowton\9a9c05db,eng ENG,DF,Burnley,32-247,1989,16.8,1,8,2,25.0,0.48,0.12,0.13,0.50,20.3,0,0,0,0.5,0.5,0.07,+0.5,+0.5,Matches
277,Douglas Luiz\6f7d826d,br BRA,MF,Aston Villa,23-278,1998,16.7,0,10,0,0.0,0.60,0.00,0.00,,26.2,4,0,0,0.3,0.3,0.03,-0.3,-0.3,Matches
278,Romelu Lukaku\5eae500a,be BEL,FW,Chelsea,28-274,1993,12.1,5,28,10,35.7,2.31,0.83,0.18,0.50,12.4,1,0,0,4.5,4.5,0.16,+0.5,+0.5,Matches
279,Lyanco\b5bf1770,br BRA,DF,Southampton,25-010,1997,6.1,0,4,0,0.0,0.65,0.00,0.00,,14.8,0,0,0,0.2,0.2,0.04,-0.2,-0.2,Matches
280,Alexis Mac Allister\83d074ff,ar ARG,MFFW,Brighton,23-049,1998,9.4,4,27,6,22.2,2.87,0.64,0.11,0.50,20.9,2,1,1,2.9,2.1,0.08,+1.1,+0.9,Matches
281,James Maddison\ee38d9c5,eng ENG,MFFW,Leicester City,25-080,1996,15.9,6,46,21,45.7,2.89,1.32,0.13,0.29,19.2,7,0,0,5.1,5.1,0.11,+0.9,+0.9,Matches
282,Harry Maguire\d8931174,eng ENG,DF,Manchester Utd,28-343,1993,17.7,0,13,4,30.8,0.73,0.23,0.00,0.00,12.7,0,0,0,0.8,0.8,0.06,-0.8,-0.8,Matches
283,Riyad Mahrez\892d5bb1,dz ALG,FW,Manchester City,30-355,1991,10.1,7,31,10,32.3,3.06,0.99,0.13,0.40,17.7,5,3,3,5.8,3.5,0.11,+1.2,+0.5,Matches
284,Ainsley Maitland-Niles\e3a5814e,eng ENG,MF,Arsenal,24-166,1997,3.0,0,2,0,0.0,0.67,0.00,0.00,,26.5,0,0,0,0.0,0.0,0.02,0.0,0.0,Matches
285,Sadio Mané\c691bfe2,sn SEN,FW,Liverpool,29-307,1992,19.0,8,62,21,33.9,3.26,1.10,0.13,0.38,13.0,0,0,0,10.3,10.3,0.17,-2.3,-2.3,Matches
286,Javier Manquillo\758dd7f0,es ESP,DF,Newcastle Utd,27-282,1994,11.8,1,4,2,50.0,0.34,0.17,0.25,0.50,15.5,0,0,0,0.5,0.5,0.12,+0.5,+0.5,Matches
287,Fernando Marçal\9ae9eaea,br BRA,DF,Wolves,32-357,1989,11.3,0,8,0,0.0,0.71,0.00,0.00,,22.6,0,0,0,0.5,0.5,0.06,-0.5,-0.5,Matches
288,Solly March\bb5fbd2b,eng ENG,DFFW,Brighton,27-206,1994,10.0,0,13,7,53.8,1.30,0.70,0.00,0.00,18.0,2,0,0,0.9,0.9,0.07,-0.9,-0.9,Matches
289,Pablo Marí\aa54ec6f,es ESP,DF,Arsenal,28-164,1993,2.0,0,1,0,0.0,0.50,0.00,0.00,,4.1,0,0,0,0.3,0.3,0.31,-0.3,-0.3,Matches
290,Anthony Martial\8b788c01,fr FRA,FW,Manchester Utd,26-068,1995,2.4,1,5,2,40.0,2.12,0.85,0.20,0.50,12.3,0,0,0,0.5,0.5,0.09,+0.5,+0.5,Matches
291,Martinelli\48a5a5d6,br BRA,FWMF,Arsenal,20-238,2001,10.4,4,25,7,28.0,2.40,0.67,0.16,0.57,14.4,0,0,0,3.3,3.3,0.13,+0.7,+0.7,Matches
292,Emiliano Martínez\7956236f,ar ARG,GK,Aston Villa,29-162,1992,21.0,0,0,0,,0.00,0.00,,,,0,0,0,0.0,0.0,,0.0,0.0,Matches
293,Adam Masina\de0f152c,ma MAR,DF,Watford,28-040,1994,9.6,0,4,0,0.0,0.42,0.00,0.00,,14.2,0,0,0,0.2,0.2,0.05,-0.2,-0.2,Matches
294,Arthur Masuaku\57df7a11,cd COD,DFFW,West Ham,28-096,1993,5.6,1,3,1,33.3,0.53,0.18,0.33,1.00,28.3,0,0,0,0.1,0.1,0.03,+0.9,+0.9,Matches
295,Jean-Philippe Mateta\50e6dc35,fr FRA,FW,Crystal Palace,24-228,1997,4.2,1,9,6,66.7,2.13,1.42,0.11,0.17,11.7,0,0,0,0.8,0.8,0.09,+0.2,+0.2,Matches
296,Nemanja Matić\eb7822d7,rs SRB,MF,Manchester Utd,33-194,1988,8.5,0,5,1,20.0,0.59,0.12,0.00,0.00,24.5,0,0,0,0.1,0.1,0.02,-0.1,-0.1,Matches
297,Joël Matip\b217ef29,cm CMR,DF,Liverpool,30-187,1991,18.0,0,22,3,13.6,1.22,0.17,0.00,0.00,9.0,0,0,0,1.6,1.6,0.07,-1.6,-1.6,Matches
298,Neal Maupay\4bcf39f6,fr FRA,FW,Brighton,25-181,1996,16.6,7,36,10,27.8,2.17,0.60,0.17,0.60,15.3,0,1,1,5.6,4.8,0.13,+1.4,+1.2,Matches
299,Bryan Mbeumo\6afaebf2,fr FRA,FW,Brentford,22-188,1999,18.8,3,39,7,17.9,2.08,0.37,0.05,0.29,17.4,3,1,1,6.0,5.2,0.13,-3.0,-3.2,Matches
300,James McArthur\cee31595,sct SCO,MF,Crystal Palace,34-127,1987,10.6,0,6,1,16.7,0.57,0.09,0.00,0.00,21.1,0,0,0,0.2,0.2,0.04,-0.2,-0.2,Matches
301,James Mcatee\96593e89,eng ENG,FW,Manchester City,19-116,2002,0.0,0,1,0,0.0,22.50,0.00,0.00,,13.0,0,0,0,0.0,0.0,0.04,0.0,0.0,Matches
302,Kasey McAteer\b2c66859,eng ENG,FW,Leicester City,20-081,2001,0.0,0,0,0,,0.00,0.00,,,,0,0,0,0.0,0.0,,0.0,0.0,Matches
303,Liam McCarron\076bb352,sct SCO,FW,Leeds United,20-341,2001,0.1,0,0,0,,0.00,0.00,,,,0,0,0,0.0,0.0,,0.0,0.0,Matches
304,Alex McCarthy\36c2ca73,eng ENG,GK,Southampton,32-070,1989,15.0,0,0,0,,0.00,0.00,,,,0,0,0,0.0,0.0,,0.0,0.0,Matches
305,John McGinn\90f91999,sct SCO,MF,Aston Villa,27-116,1994,18.4,3,23,5,21.7,1.25,0.27,0.13,0.60,24.4,0,0,0,0.7,0.7,0.03,+2.3,+2.3,Matches
306,Stuart McKinstry\1000a059,sct SCO,MF,Leeds United,19-146,2002,0.0,0,0,0,,0.00,0.00,,,,0,0,0,0.0,0.0,,0.0,0.0,Matches
307,Kenny McLean\471f16b3,sct SCO,MF,Norwich City,30-034,1992,20.3,0,23,3,13.0,1.13,0.15,0.00,0.00,19.0,0,0,0,1.3,1.3,0.06,-1.3,-1.3,Matches
308,Dwight McNeil\fc15fb84,eng ENG,MF,Burnley,22-081,1999,19.7,0,26,9,34.6,1.32,0.46,0.00,0.00,24.0,2,0,0,0.8,0.8,0.03,-0.8,-0.8,Matches
309,Scott McTominay\d93c2511,sct SCO,MF,Manchester Utd,25-065,1996,17.1,1,18,5,27.8,1.05,0.29,0.06,0.20,22.0,0,0,0,0.8,0.8,0.04,+0.2,+0.2,Matches
310,Ben Mee\8df7a2fb,eng ENG,DF,Burnley,32-141,1989,16.0,2,12,2,16.7,0.75,0.12,0.17,1.00,7.3,0,0,0,1.2,1.2,0.10,+0.8,+0.8,Matches
311,Benjamin Mendy\5271c8f1,fr FRA,DF,Manchester City,27-209,1994,0.9,0,0,0,,0.00,0.00,,,,0,0,0,0.0,0.0,,0.0,0.0,Matches
312,Edouard Mendy\33887998,sn SEN,GK,Chelsea,29-347,1992,20.0,0,0,0,,0.00,0.00,,,,0,0,0,0.0,0.0,,0.0,0.0,Matches
313,Illan Meslier\6b625ac2,fr FRA,GK,Leeds United,21-346,2000,22.0,0,0,0,,0.00,0.00,,,,0,0,0,0.0,0.0,,0.0,0.0,Matches
314,Luka Milivojević\2ce2508a,rs SRB,MF,Crystal Palace,30-310,1991,6.3,0,7,0,0.0,1.10,0.00,0.00,,26.4,3,0,0,0.2,0.2,0.03,-0.2,-0.2,Matches
315,James Milner\2f90f6b8,eng ENG,MFDF,Liverpool,36-038,1986,6.8,0,6,1,16.7,0.88,0.15,0.00,0.00,22.3,0,0,0,0.2,0.2,0.03,-0.2,-0.2,Matches
316,Yerry Mina\6d5701f2,co COL,DF,Everton,27-141,1994,7.2,0,5,0,0.0,0.69,0.00,0.00,,8.7,0,0,0,0.3,0.3,0.06,-0.3,-0.3,Matches
317,Takumi Minamino\f833a830,jp JPN,FWMF,Liverpool,27-026,1995,1.1,2,3,2,66.7,2.84,1.89,0.67,1.00,10.0,0,0,0,1.5,1.5,0.50,+0.5,+0.5,Matches
318,Tyrone Mings\8397a50c,eng ENG,DF,Aston Villa,28-335,1993,19.4,1,15,5,33.3,0.77,0.26,0.07,0.20,13.7,0,0,0,1.1,1.1,0.07,-0.1,-0.1,Matches
319,Tyrick Mitchell\5cbd1eb0,eng ENG,DF,Crystal Palace,22-163,1999,22.9,0,2,1,50.0,0.09,0.04,0.00,0.00,11.5,0,0,0,0.1,0.1,0.07,-0.1,-0.1,Matches
320,Jakub Moder\f230bc30,pl POL,MFFW,Brighton,22-310,1999,14.8,0,22,3,13.6,1.49,0.20,0.00,0.00,16.4,2,0,0,2.1,2.1,0.09,-2.1,-2.1,Matches
321,Wesley Moraes\bfae110f,br BRA,FW,Aston Villa,25-077,1996,0.0,0,0,0,,0.00,0.00,,,,0,0,0,0.0,0.0,,0.0,0.0,Matches
322,Tyler Morton\2bc28bb9,eng ENG,MF,Liverpool,19-103,2002,0.7,0,0,0,,0.00,0.00,,,,0,0,0,0.0,0.0,,0.0,0.0,Matches
323,Mason Mount\9674002f,eng ENG,MFFW,Chelsea,23-032,1999,16.0,7,41,19,46.3,2.57,1.19,0.15,0.32,17.3,4,1,1,6.1,5.4,0.13,+0.9,+0.6,Matches
324,Lucas Moura\2b622f01,br BRA,FWMF,Tottenham,29-182,1992,15.7,2,33,11,33.3,2.11,0.70,0.06,0.18,15.5,0,0,0,3.3,3.3,0.10,-1.3,-1.3,Matches
325,João Moutinho\f5a00fa4,pt POR,MF,Wolves,35-156,1986,19.4,2,13,6,46.2,0.67,0.31,0.15,0.33,23.8,3,0,0,0.8,0.8,0.06,+1.2,+1.2,Matches
326,Bali Mumba\2d760d7b,eng ENG,DF,Norwich City,20-126,2001,0.5,0,0,0,,0.00,0.00,,,,0,0,0,0.0,0.0,,0.0,0.0,Matches
327,Jacob Murphy\de112b84,eng ENG,DFMF,Newcastle Utd,26-352,1995,9.1,1,17,4,23.5,1.87,0.44,0.06,0.25,22.8,1,0,0,1.1,1.1,0.07,-0.1,-0.1,Matches
328,Enock Mwepu\1d5cab82,zm ZAM,MF,Brighton,24-041,1998,7.1,1,10,3,30.0,1.41,0.42,0.10,0.33,16.8,0,0,0,1.4,1.4,0.14,-0.4,-0.4,Matches
329,Vitaliy Mykolenko\30d4a2e5,ua UKR,DF,Everton,22-258,1999,1.0,0,0,0,,0.00,0.00,,,,0,0,0,0.0,0.0,,0.0,0.0,Matches
330,Marvelous Nakamba\de5b5570,zw ZIM,MF,Aston Villa,28-023,1994,8.4,0,0,0,,0.00,0.00,,,,0,0,0,0.0,0.0,,0.0,0.0,Matches
331,Wilfred Ndidi\6b47c5db,ng NGA,MFDF,Leicester City,25-057,1996,14.0,0,11,2,18.2,0.79,0.14,0.00,0.00,17.0,0,0,0,0.9,0.9,0.08,-0.9,-0.9,Matches
332,Tanguy Ndombele\5cdddffa,fr FRA,MF,Tottenham,25-045,1996,5.4,1,9,3,33.3,1.67,0.56,0.11,0.33,17.3,0,0,0,0.5,0.5,0.05,+0.5,+0.5,Matches
333,Reiss Nelson\c5bdb6e3,eng ENG,FW,Arsenal,22-063,1999,0.2,0,1,0,0.0,4.50,0.00,0.00,,18.0,0,0,0,0.0,0.0,0.04,0.0,0.0,Matches
334,Rúben Neves\44bfb6c5,pt POR,MF,Wolves,24-335,1997,18.0,2,25,8,32.0,1.39,0.45,0.08,0.25,26.2,3,0,0,0.7,0.7,0.03,+1.3,+1.3,Matches
335,Jeremy Ngakia\3631ad41,eng ENG,DF,Watford,21-157,2000,6.3,0,2,0,0.0,0.32,0.00,0.00,,25.5,0,0,0,0.0,0.0,0.02,0.0,0.0,Matches
336,Saúl Ñíguez\c14bc029,es ESP,MFFW,Chelsea,27-082,1994,1.8,0,1,0,0.0,0.55,0.00,0.00,,18.0,0,0,0,0.1,0.1,0.13,-0.1,-0.1,Matches
337,Eddie Nketiah\a53649b7,eng ENG,MFFW,Arsenal,22-257,1999,0.7,0,1,0,0.0,1.38,0.00,0.00,,3.0,0,0,0,0.3,0.3,0.35,-0.3,-0.3,Matches
338,Nicolas Nkoulou\93cf32a8,cm CMR,DF,Watford,31-321,1990,1.9,0,0,0,,0.00,0.00,,,,0,0,0,0.0,0.0,,0.0,0.0,Matches
339,Mark Noble\ff527768,eng ENG,MF,West Ham,34-279,1987,1.1,1,0,0,,0.00,0.00,,,,0,1,2,1.5,0.0,,-0.5,0.0,Matches
340,Mathias Normann\8996350d,no NOR,MF,Norwich City,25-259,1996,8.0,1,16,5,31.3,2.00,0.62,0.06,0.20,27.1,5,0,0,0.7,0.7,0.04,+0.3,+0.3,Matches
341,Christian Nørgaard\df0a4c90,dk DEN,MF,Brentford,27-338,1994,22.6,1,18,6,33.3,0.80,0.27,0.06,0.17,11.7,0,0,0,2.3,2.3,0.13,-1.3,-1.3,Matches
342,Angelo Ogbonna\74b2cd7e,it ITA,DF,West Ham,33-264,1988,10.2,1,3,1,33.3,0.29,0.10,0.33,1.00,11.1,0,0,0,0.3,0.3,0.09,+0.7,+0.7,Matches
343,Michael Olise\c4486bac,fr FRA,FWMF,Crystal Palace,20-061,2001,6.2,2,8,5,62.5,1.29,0.80,0.25,0.40,17.3,1,0,0,0.7,0.7,0.09,+1.3,+1.3,Matches
344,Andrew Omobamidele\c393a6c4,ie IRL,DF,Norwich City,19-233,2002,4.2,1,2,1,50.0,0.47,0.24,0.50,1.00,6.5,0,0,0,0.3,0.3,0.17,+0.7,+0.7,Matches
345,Tyler Onyango\d86a1f3e,eng ENG,MFFW,Everton,18-344,2003,0.3,0,1,0,0.0,3.21,0.00,0.00,,11.0,0,0,0,0.0,0.0,0.03,0.0,0.0,Matches
346,Frank Onyeka\2944f86f,ng NGA,MF,Brentford,24-041,1998,11.2,0,16,5,31.3,1.42,0.44,0.00,0.00,17.5,0,0,0,1.2,1.2,0.08,-1.2,-1.2,Matches
347,Divock Origi\43a166b4,be BEL,FW,Liverpool,26-299,1995,0.5,2,5,3,60.0,10.98,6.59,0.40,0.67,12.2,0,0,0,0.7,0.7,0.14,+1.3,+1.3,Matches
348,Alex Oxlade-Chamberlain\38c7feef,eng ENG,MFFW,Liverpool,28-180,1993,8.0,2,18,3,16.7,2.24,0.37,0.11,0.67,20.1,0,0,0,1.1,1.1,0.06,+0.9,+0.9,Matches
349,Cole Palmer\dc7f8a28,eng ENG,FWMF,Manchester City,19-281,2002,1.4,0,4,1,25.0,2.93,0.73,0.00,0.00,20.1,0,0,0,0.3,0.3,0.08,-0.3,-0.3,Matches
350,Emerson Palmieri\e0bc6fdc,it ITA,DF,Chelsea,27-192,1994,0.1,0,0,0,,0.00,0.00,,,,0,0,0,0.0,0.0,,0.0,0.0,Matches
351,Thomas Partey\529f49ab,gh GHA,MF,Arsenal,28-243,1993,15.7,1,29,6,20.7,1.85,0.38,0.03,0.17,21.9,2,0,0,1.6,1.6,0.05,-0.6,-0.6,Matches
352,João Pedro\e8832875,br BRA,MFFW,Watford,20-138,2001,9.1,2,31,10,32.3,3.40,1.10,0.06,0.20,15.7,1,0,0,2.0,2.0,0.07,0.0,0.0,Matches
353,Nicolas Pépé\57e3f0c7,ci CIV,FWMF,Arsenal,26-258,1995,5.6,0,16,5,31.3,2.85,0.89,0.00,0.00,16.4,3,0,0,1.6,1.6,0.10,-1.6,-1.6,Matches
354,Ricardo Pereira\75a72a99,pt POR,DF,Leicester City,28-128,1993,6.6,0,3,0,0.0,0.45,0.00,0.00,,15.4,0,0,0,0.3,0.3,0.11,-0.3,-0.3,Matches
355,Ayoze Pérez\819aa8e7,es ESP,FWMF,Leicester City,28-203,1993,2.4,0,6,4,66.7,2.45,1.64,0.00,0.00,14.3,0,0,0,1.0,1.0,0.17,-1.0,-1.0,Matches
356,Sonny Perkins\87f12e30,eng ENG,MF,West Ham,18-001,2004,0.0,0,0,0,,0.00,0.00,,,,0,0,0,0.0,0.0,,0.0,0.0,Matches
357,Romain Perraud\6dfd8f05,fr FRA,DF,Southampton,24-142,1997,10.8,0,9,2,22.2,0.83,0.19,0.00,0.00,19.5,0,0,0,0.5,0.5,0.06,-0.5,-0.5,Matches
358,Kalvin Phillips\4f565d77,eng ENG,MF,Leeds United,26-071,1995,11.1,0,12,2,16.7,1.08,0.18,0.00,0.00,24.0,1,0,0,0.5,0.5,0.04,-0.5,-0.5,Matches
359,Jaden Philogene Bidace\19f4d211,eng ENG,FW,Aston Villa,19-269,2002,0.1,0,0,0,,0.00,0.00,,,,0,0,0,0.0,0.0,,0.0,0.0,Matches
360,Jordan Pickford\4806ec67,eng ENG,GK,Everton,27-341,1994,20.0,0,0,0,,0.00,0.00,,,,0,0,0,0.0,0.0,,0.0,0.0,Matches
361,Erik Pieters\1ef37668,nl NED,DF,Burnley,33-188,1988,4.2,0,6,0,0.0,1.41,0.00,0.00,,24.1,0,0,0,0.2,0.2,0.03,-0.2,-0.2,Matches
362,Ethan Pinnock\e541326e,jm JAM,DF,Brentford,28-258,1993,21.7,1,17,8,47.1,0.78,0.37,0.06,0.13,8.9,0,0,0,1.5,1.5,0.09,-0.5,-0.5,Matches
363,Daniel Podence\7fcc71d8,pt POR,FWMF,Wolves,26-113,1995,8.8,0,17,9,52.9,1.94,1.03,0.00,0.00,21.5,1,0,0,1.1,1.1,0.06,-1.1,-1.1,Matches
364,Paul Pogba\867239d3,fr FRA,MFFW,Manchester Utd,28-333,1993,8.0,1,22,4,18.2,2.75,0.50,0.05,0.25,16.8,0,0,0,1.9,1.9,0.09,-0.9,-0.9,Matches
365,Nick Pope\4b40d9ca,eng ENG,GK,Burnley,29-298,1992,18.0,0,0,0,,0.00,0.00,,,,0,0,0,0.0,0.0,,0.0,0.0,Matches
366,Teemu Pukki\0745b37d,fi FIN,FW,Norwich City,31-319,1990,21.2,6,31,11,35.5,1.46,0.52,0.13,0.36,14.2,0,2,2,5.3,3.8,0.12,+0.7,+0.2,Matches
367,Christian Pulisic\1bf33a9a,us USA,FWMF,Chelsea,23-146,1998,8.4,3,12,7,58.3,1.43,0.83,0.25,0.43,10.1,0,0,0,2.4,2.4,0.20,+0.6,+0.6,Matches
368,Przemysław Płacheta\3c33f9d9,pl POL,FWMF,Norwich City,23-325,1998,4.8,0,7,6,85.7,1.47,1.26,0.00,0.00,16.4,0,0,0,0.5,0.5,0.07,-0.5,-0.5,Matches
369,Jesuran Rak Sakyi\45685411,eng ENG,MF,Crystal Palace,19-129,2002,0.2,0,0,0,,0.00,0.00,,,,0,0,0,0.0,0.0,,0.0,0.0,Matches
370,Aaron Ramsdale\466fb2c5,eng ENG,GK,Arsenal,23-273,1998,19.0,0,0,0,,0.00,0.00,,,,0,0,0,0.0,0.0,,0.0,0.0,Matches
371,Jacob Ramsey\1544f145,eng ENG,MFFW,Aston Villa,20-259,2001,14.8,5,21,8,38.1,1.41,0.54,0.24,0.63,17.8,0,0,0,2.6,2.6,0.12,+2.4,+2.4,Matches
372,Marcus Rashford\a1d5bd30,eng ENG,FWMF,Manchester Utd,24-103,1997,8.1,4,18,10,55.6,2.21,1.23,0.22,0.40,17.2,1,0,0,2.3,2.3,0.13,+1.7,+1.7,Matches
373,Milot Rashica\6c6a3300,xk KVX,FWMF,Norwich City,25-228,1996,12.7,0,22,8,36.4,1.73,0.63,0.00,0.00,22.2,6,0,0,1.3,1.3,0.06,-1.3,-1.3,Matches
374,David Raya\98ea5115,es ESP,GK,Brentford,26-149,1995,10.0,0,0,0,,0.00,0.00,,,,0,0,0,0.0,0.0,,0.0,0.0,Matches
375,Nathan Redmond\ab651565,eng ENG,MFFW,Southampton,27-342,1994,14.9,0,19,5,26.3,1.28,0.34,0.00,0.00,19.7,1,0,0,1.8,1.8,0.09,-1.8,-1.8,Matches
376,Sergio Reguilón\3353737a,es ESP,DF,Tottenham,25-057,1996,16.0,1,14,4,28.6,0.87,0.25,0.07,0.25,15.1,0,0,0,2.0,2.0,0.14,-1.0,-1.0,Matches
377,Declan Rice\1c7012b8,eng ENG,MF,West Ham,23-028,1999,23.0,1,17,5,29.4,0.74,0.22,0.06,0.20,22.9,1,0,0,0.7,0.7,0.04,+0.3,+0.3,Matches
378,Taylor Richards\e0243d23,eng ENG,MFFW,Brighton,21-069,2000,0.3,0,1,0,0.0,3.60,0.00,0.00,,24.0,0,0,0,0.0,0.0,0.04,0.0,0.0,Matches
379,Richarlison\fa031b34,br BRA,FWMF,Everton,24-277,1997,12.3,4,26,5,19.2,2.12,0.41,0.15,0.80,15.7,1,0,0,3.2,3.2,0.12,+0.8,+0.8,Matches
380,Jaïro Riedewald\7a1f2c08,nl NED,MF,Crystal Palace,25-155,1996,1.3,0,0,0,,0.00,0.00,,,,0,0,0,0.0,0.0,,0.0,0.0,Matches
381,Matt Ritchie\71ef519e,sct SCO,DF,Newcastle Utd,32-154,1989,14.6,0,10,3,30.0,0.68,0.20,0.00,0.00,22.0,1,0,0,0.4,0.4,0.04,-0.4,-0.4,Matches
382,Connor Roberts\24fae784,wls WAL,DF,Burnley,26-141,1995,3.2,0,1,0,0.0,0.31,0.00,0.00,,25.0,0,0,0,0.0,0.0,0.02,0.0,0.0,Matches
383,Tyler Roberts\6c17e046,wls WAL,MFFW,Leeds United,23-030,1999,9.8,1,31,12,38.7,3.16,1.22,0.03,0.08,18.4,0,0,0,2.6,2.6,0.09,-1.6,-1.6,Matches
384,Andrew Robertson\2e4f5f03,sct SCO,DF,Liverpool,27-337,1994,16.5,1,8,4,50.0,0.49,0.24,0.13,0.25,17.5,0,0,0,1.1,1.1,0.14,-0.1,-0.1,Matches
385,Joe Rodon\8d62d31a,wls WAL,DF,Tottenham,24-112,1997,0.9,0,0,0,,0.00,0.00,,,,0,0,0,0.0,0.0,,0.0,0.0,Matches
386,Rodri\6434f10d,es ESP,MF,Manchester City,25-234,1996,19.4,3,23,8,34.8,1.19,0.41,0.13,0.38,18.2,0,0,0,1.4,1.4,0.06,+1.6,+1.6,Matches
387,Rodrigo\1fb1c435,es ESP,MFFW,Leeds United,30-342,1991,12.3,2,26,9,34.6,2.12,0.73,0.04,0.11,19.3,0,1,1,2.8,2.1,0.08,-0.8,-1.1,Matches
388,Jay Rodriguez\4ab53cdb,eng ENG,FW,Burnley,32-197,1989,6.3,1,18,4,22.2,2.86,0.64,0.06,0.25,13.5,0,0,0,1.6,1.6,0.09,-0.6,-0.6,Matches
389,Mads Roerslev\57c94db2,dk DEN,DF,Brentford,22-232,1999,10.1,1,5,2,40.0,0.50,0.20,0.20,0.50,17.6,0,0,0,0.3,0.3,0.07,+0.7,+0.7,Matches
390,Cristian Romero\a3d94a58,ar ARG,DF,Tottenham,23-290,1998,6.9,0,0,0,,0.00,0.00,,,,0,0,0,0.0,0.0,,0.0,0.0,Matches
391,Oriol Romeu\4b511457,es ESP,MF,Southampton,30-140,1991,20.2,0,17,2,11.8,0.84,0.10,0.00,0.00,22.8,0,0,0,0.8,0.8,0.05,-0.8,-0.8,Matches
392,Cristiano Ronaldo\dea698d9,pt POR,FW,Manchester Utd,37-006,1985,16.4,8,64,20,31.3,3.89,1.22,0.09,0.30,14.8,4,2,2,9.5,8.0,0.13,-1.5,-2.0,Matches
393,Salomón Rondón\b318a643,ve VEN,FW,Everton,32-148,1989,7.9,1,17,5,29.4,2.15,0.63,0.06,0.20,11.2,0,0,0,2.0,2.0,0.12,-1.0,-1.0,Matches
394,Danny Rose\89d10e53,eng ENG,DF,Watford,31-224,1990,7.7,0,4,1,25.0,0.52,0.13,0.00,0.00,19.7,0,0,0,0.2,0.2,0.04,-0.2,-0.2,Matches
395,Jon Rowe\8c12f884,eng ENG,MFFW,Norwich City,18-287,2003,0.5,0,0,0,,0.00,0.00,,,,0,0,0,0.0,0.0,,0.0,0.0,Matches
396,Antonio Rüdiger\18b896d6,de GER,DF,Chelsea,28-345,1993,23.0,2,27,7,25.9,1.17,0.30,0.07,0.29,16.6,0,0,0,1.8,1.8,0.07,+0.2,+0.2,Matches
397,Lukas Rupp\3faa1780,de GER,MF,Norwich City,31-034,1991,5.3,0,11,2,18.2,2.08,0.38,0.00,0.00,19.1,0,0,0,0.6,0.6,0.05,-0.6,-0.6,Matches
398,José Sá\903b6e8b,pt POR,GK,Wolves,29-025,1993,22.0,0,0,0,,0.00,0.00,,,,0,0,0,0.0,0.0,,0.0,0.0,Matches
399,Allan Saint-Maximin\2b16cb1a,fr FRA,FWMF,Newcastle Utd,24-336,1997,20.9,5,45,19,42.2,2.15,0.91,0.11,0.26,18.8,0,0,0,3.9,3.9,0.09,+1.1,+1.1,Matches
400,Romain Saïss\9fbbcf39,ma MAR,DF,Wolves,31-322,1990,19.4,2,14,6,42.9,0.72,0.31,0.14,0.33,12.9,1,0,0,2.2,2.2,0.16,-0.2,-0.2,Matches
401,Bukayo Saka\bc7dc64d,eng ENG,FWMF,Arsenal,20-159,2001,18.2,6,47,15,31.9,2.58,0.82,0.13,0.40,15.6,0,0,0,4.7,4.7,0.10,+1.3,+1.3,Matches
402,Mohamed Salah\e342ad68,eg EGY,FW,Liverpool,29-241,1992,20.1,16,82,35,42.7,4.07,1.74,0.17,0.40,15.0,1,2,3,13.2,10.7,0.13,+2.8,+3.3,Matches
403,Mohammed Salisu\0b33f6ad,gh GHA,DF,Southampton,22-300,1999,21.0,0,14,5,35.7,0.67,0.24,0.00,0.00,13.0,0,0,0,1.1,1.1,0.08,-1.1,-1.1,Matches
404,Albert Sambi Lokonga\1b4f1169,be BEL,MF,Arsenal,22-112,1999,10.1,0,16,6,37.5,1.58,0.59,0.00,0.00,25.8,0,0,0,0.5,0.5,0.03,-0.5,-0.5,Matches
405,Davinson Sánchez\da7b447d,co COL,DF,Tottenham,25-244,1996,13.3,2,11,3,27.3,0.82,0.22,0.18,0.67,6.3,0,0,0,1.6,1.6,0.14,+0.4,+0.4,Matches
406,Robert Sánchez\6a713852,es ESP,GK,Brighton,24-085,1997,21.0,0,0,0,,0.00,0.00,,,,0,0,0,0.0,0.0,,0.0,0.0,Matches
407,Jadon Sancho\dbf053da,eng ENG,FWMF,Manchester Utd,21-323,2000,11.4,1,11,2,18.2,0.96,0.18,0.09,0.50,15.2,0,0,0,1.4,1.4,0.13,-0.4,-0.4,Matches
408,Morgan Sanson\6e7f1353,fr FRA,MF,Aston Villa,27-177,1994,2.5,0,1,0,0.0,0.40,0.00,0.00,,33.8,0,0,0,0.0,0.0,0.01,0.0,0.0,Matches
409,Samir Santos\92b4758e,br BRA,DF,Watford,27-068,1994,4.0,0,2,2,100.0,0.50,0.50,0.00,0.00,9.5,0,0,0,0.1,0.1,0.05,-0.1,-0.1,Matches
410,Josh Sargent\a8d4428b,us USA,FWMF,Norwich City,21-356,2000,11.9,2,19,2,10.5,1.59,0.17,0.11,1.00,15.6,0,0,0,2.2,2.2,0.11,-0.2,-0.2,Matches
411,Jeremy Sarmiento\ac0d576d,ec ECU,FW,Brighton,19-240,2002,0.2,0,0,0,,0.00,0.00,,,,0,0,0,0.0,0.0,,0.0,0.0,Matches
412,Ismaila Sarr\bfdb33aa,sn SEN,MFFW,Watford,23-351,1998,11.4,5,26,13,50.0,2.27,1.14,0.19,0.38,17.4,0,0,1,3.3,2.5,0.10,+1.7,+2.5,Matches
413,Malang Sarr\4315f30d,fr FRA,DF,Chelsea,23-019,1999,3.0,0,0,0,,0.00,0.00,,,,0,0,0,0.0,0.0,,0.0,0.0,Matches
414,Fabian Schär\c8aa95da,ch SUI,DF,Newcastle Utd,30-053,1991,11.8,0,7,0,0.0,0.59,0.00,0.00,,13.5,0,0,0,0.5,0.5,0.07,-0.5,-0.5,Matches
415,Jeffrey Schlupp\3312f911,gh GHA,MFFW,Crystal Palace,29-050,1992,9.4,2,20,4,20.0,2.12,0.42,0.10,0.50,13.4,0,0,0,1.3,1.3,0.06,+0.7,+0.7,Matches
416,Kasper Schmeichel\53af52f3,dk DEN,GK,Leicester City,35-098,1986,21.0,0,0,0,,0.00,0.00,,,,0,0,0,0.0,0.0,,0.0,0.0,Matches
417,Ken Sema\1770bd68,se SWE,MFFW,Watford,28-134,1993,5.8,0,2,1,50.0,0.35,0.17,0.00,0.00,20.3,0,0,0,0.1,0.1,0.04,-0.1,-0.1,Matches
418,Nélson Semedo\d04b94db,pt POR,DF,Wolves,28-087,1993,19.4,0,17,3,17.6,0.87,0.15,0.00,0.00,20.1,0,0,0,1.3,1.3,0.08,-1.3,-1.3,Matches
419,Ryan Sessegnon\6aa3e78b,eng ENG,DFMF,Tottenham,21-269,2000,2.5,0,1,0,0.0,0.41,0.00,0.00,,17.8,0,0,0,0.0,0.0,0.04,0.0,0.0,Matches
420,Jamie Shackleton\8d03ca5a,eng ENG,DF,Leeds United,22-126,1999,7.0,0,3,1,33.3,0.43,0.14,0.00,0.00,19.6,0,0,0,0.1,0.1,0.04,-0.1,-0.1,Matches
421,Luke Shaw\9c94165b,eng ENG,DF,Manchester Utd,26-214,1995,14.1,0,6,1,16.7,0.43,0.07,0.00,0.00,20.9,0,0,0,0.2,0.2,0.04,-0.2,-0.2,Matches
422,Jonjo Shelvey\3727dd3c,eng ENG,MF,Newcastle Utd,29-349,1992,12.0,2,19,10,52.6,1.58,0.83,0.11,0.20,26.1,2,0,0,0.6,0.6,0.03,+1.4,+1.4,Matches
423,Francisco Sierralta\0f933743,cl CHI,DF,Watford,24-281,1997,4.7,0,1,1,100.0,0.21,0.21,0.00,0.00,9.0,0,0,0,0.0,0.0,0.05,0.0,0.0,Matches
424,Bernardo Silva\3eb22ec9,pt POR,MFFW,Manchester City,27-185,1994,21.9,7,27,14,51.9,1.23,0.64,0.26,0.50,11.7,0,0,0,4.2,4.2,0.16,+2.8,+2.8,Matches
425,Fábio Silva\e7aa9d7c,pt POR,FWMF,Wolves,19-207,2002,1.6,0,5,2,40.0,3.08,1.23,0.00,0.00,14.5,0,0,0,0.5,0.5,0.09,-0.5,-0.5,Matches
426,Thiago Silva\86e7deaf,br BRA,DF,Chelsea,37-142,1984,18.3,3,13,5,38.5,0.71,0.27,0.23,0.60,9.9,0,0,0,0.7,0.7,0.05,+2.3,+2.3,Matches
427,Ellis Simms\26d3b5be,eng ENG,FW,Everton,21-037,2001,0.7,0,0,0,,0.00,0.00,,,,0,0,0,0.0,0.0,,0.0,0.0,Matches
428,Moussa Sissoko\2acd49b9,fr FRA,MF,Watford,32-179,1989,19.8,0,15,4,26.7,0.76,0.20,0.00,0.00,19.3,0,0,0,1.5,1.5,0.10,-1.5,-1.5,Matches
429,Oliver Skipp\6250083a,eng ENG,MF,Tottenham,21-148,2000,15.0,0,4,1,25.0,0.27,0.07,0.00,0.00,24.1,0,0,0,0.2,0.2,0.05,-0.2,-0.2,Matches
430,William Smallbone\5e105217,ie IRL,MF,Southampton,21-355,2000,0.8,0,1,0,0.0,1.30,0.00,0.00,,17.5,0,0,0,0.1,0.1,0.08,-0.1,-0.1,Matches
431,Emile Smith Rowe\17695062,eng ENG,MFFW,Arsenal,21-198,2000,14.5,8,27,17,63.0,1.86,1.17,0.30,0.47,16.4,0,0,0,3.6,3.6,0.14,+4.4,+4.4,Matches
432,Cédric Soares\839c14e1,pt POR,DF,Arsenal,30-164,1991,3.4,0,1,0,0.0,0.29,0.00,0.00,,22.0,0,0,0,0.0,0.0,0.02,0.0,0.0,Matches
433,Tomáš Souček\6613c819,cz CZE,MF,West Ham,26-349,1995,21.9,3,34,7,20.6,1.55,0.32,0.09,0.43,12.3,0,0,0,3.1,2.7,0.08,-0.1,+0.3,Matches
434,Boubakary Soumaré\ae59b359,fr FRA,MF,Leicester City,22-349,1999,11.4,0,6,2,33.3,0.53,0.18,0.00,0.00,17.4,0,0,0,0.4,0.4,0.07,-0.4,-0.4,Matches
435,Çağlar Söyüncü\21166ff4,tr TUR,DF,Leicester City,25-264,1996,17.7,1,6,1,16.7,0.34,0.06,0.17,1.00,10.9,0,0,0,1.3,1.3,0.21,-0.3,-0.3,Matches
436,Jason Steele\28300a16,eng ENG,GK,Brighton,31-177,1990,1.0,0,0,0,,0.00,0.00,,,,0,0,0,0.0,0.0,,0.0,0.0,Matches
437,Jed Steer\a8a3d139,eng ENG,GK,Aston Villa,29-141,1992,1.0,0,0,0,,0.00,0.00,,,,0,0,0,0.0,0.0,,0.0,0.0,Matches
438,Zack Steffen\42130443,us USA,GK,Manchester City,26-315,1995,1.0,0,0,0,,0.00,0.00,,,,0,0,0,0.0,0.0,,0.0,0.0,Matches
439,Dale Stephens\653ee42d,eng ENG,MF,Burnley,32-244,1989,1.4,0,1,0,0.0,0.73,0.00,0.00,,21.0,0,0,0,0.1,0.1,0.05,-0.1,-0.1,Matches
440,Jack Stephens\6adbc307,eng ENG,DF,Southampton,28-015,1994,5.4,0,0,0,,0.00,0.00,,,,0,0,0,0.0,0.0,,0.0,0.0,Matches
441,Raheem Sterling\b400bde0,eng ENG,FW,Manchester City,27-065,1994,14.8,7,37,17,45.9,2.49,1.15,0.14,0.29,14.5,0,2,2,8.0,6.4,0.17,-1.0,-1.4,Matches
442,Finley Stevens\7e003182,wls WAL,DF,Brentford,18-307,2003,0.2,0,0,0,,0.00,0.00,,,,0,0,0,0.0,0.0,,0.0,0.0,Matches
443,John Stones\5eecec3d,eng ENG,DF,Manchester City,27-259,1994,6.6,1,4,3,75.0,0.61,0.46,0.25,0.33,7.8,0,0,0,0.8,0.8,0.22,+0.2,+0.2,Matches
444,Pascal Struijk\f4d296e4,nl NED,DFMF,Leeds United,22-184,1999,12.3,0,5,0,0.0,0.41,0.00,0.00,,6.1,0,0,0,0.5,0.5,0.10,-0.5,-0.5,Matches
445,Crysencio Summerville\df04eb4b,nl NED,MFFW,Leeds United,20-104,2001,1.4,0,2,0,0.0,1.48,0.00,0.00,,11.9,0,0,0,0.3,0.3,0.13,-0.3,-0.3,Matches
446,Jakob Sørensen\953c30b0,dk DEN,DFMF,Norwich City,23-345,1998,4.1,0,4,1,25.0,0.97,0.24,0.00,0.00,10.5,0,0,0,0.4,0.4,0.09,-0.4,-0.4,Matches
447,Japhet Tanganga\e9971f2d,eng ENG,DF,Tottenham,22-317,1999,8.2,0,7,2,28.6,0.86,0.24,0.00,0.00,13.1,0,0,0,0.4,0.4,0.05,-0.4,-0.4,Matches
448,Matt Targett\e514ab62,eng ENG,DF,Aston Villa,26-146,1995,15.9,1,7,2,28.6,0.44,0.13,0.14,0.50,13.4,0,0,0,0.5,0.5,0.08,+0.5,+0.5,Matches
449,Matt Targett\e514ab62,eng ENG,DF,Newcastle Utd,26-146,1995,1.0,0,0,0,,0.00,0.00,,,,0,0,0,0.0,0.0,,0.0,0.0,Matches
450,James Tarkowski\15ea812b,eng ENG,DF,Burnley,29-084,1992,19.0,1,15,5,33.3,0.79,0.26,0.07,0.20,8.3,0,0,0,1.4,1.4,0.10,-0.4,-0.4,Matches
451,Nuno Tavares\a65c844b,pt POR,DF,Arsenal,22-016,2000,6.9,0,14,1,7.1,2.02,0.14,0.00,0.00,20.3,0,0,0,0.6,0.6,0.04,-0.6,-0.6,Matches
452,Charlie Taylor\cc2d7ad5,eng ENG,DF,Burnley,28-146,1993,16.0,0,3,0,0.0,0.19,0.00,0.00,,20.2,0,0,0,0.1,0.1,0.03,-0.1,-0.1,Matches
453,Nathan Tella\f1e94cd6,eng ENG,MFFW,Southampton,22-221,1999,6.5,0,10,4,40.0,1.54,0.61,0.00,0.00,20.2,0,0,0,0.5,0.5,0.05,-0.5,-0.5,Matches
454,Alex Telles\e73c9bb2,br BRA,DF,Manchester Utd,29-058,1992,8.2,0,5,2,40.0,0.61,0.24,0.00,0.00,25.0,3,0,0,0.2,0.2,0.04,-0.2,-0.2,Matches
455,Luke Thomas\fc027d02,eng ENG,DF,Leicester City,20-246,2001,12.6,0,3,0,0.0,0.24,0.00,0.00,,18.2,0,0,0,0.2,0.2,0.05,-0.2,-0.2,Matches
456,Dominic Thompson\235a62f8,eng ENG,DF,Brentford,21-200,2000,1.6,0,1,0,0.0,0.62,0.00,0.00,,18.0,0,0,0,0.0,0.0,0.02,0.0,0.0,Matches
457,Youri Tielemans\56f7a928,be BEL,MF,Leicester City,24-280,1997,15.4,5,34,9,26.5,2.21,0.59,0.12,0.44,23.8,0,1,1,3.1,2.3,0.07,+1.9,+1.7,Matches
458,Kieran Tierney\fce2302c,sct SCO,DF,Arsenal,24-251,1997,15.3,1,14,5,35.7,0.92,0.33,0.07,0.20,21.6,0,0,0,0.6,0.6,0.05,+0.4,+0.4,Matches
459,Takehiro Tomiyasu\b3af9be1,jp JPN,DF,Arsenal,23-098,1998,15.4,0,9,2,22.2,0.59,0.13,0.00,0.00,18.8,0,0,0,0.3,0.3,0.04,-0.3,-0.3,Matches
460,James Tomkins\e7ca0439,eng ENG,DF,Crystal Palace,32-319,1989,6.1,1,4,2,50.0,0.66,0.33,0.25,0.50,12.0,0,0,0,0.6,0.6,0.14,+0.4,+0.4,Matches
461,Ivan Toney\e09f279b,eng ENG,FW,Brentford,25-332,1996,21.0,6,48,17,35.4,2.29,0.81,0.08,0.24,15.3,0,2,2,6.1,4.6,0.10,-0.1,-0.6,Matches
462,Ferrán Torres\9e1035f8,es ESP,FW,Manchester City,21-347,2000,3.4,2,13,4,30.8,3.86,1.19,0.15,0.50,14.1,0,0,0,2.5,2.5,0.19,-0.5,-0.5,Matches
463,Cenk Tosun\9a104dee,tr TUR,FW,Everton,30-249,1991,0.1,0,0,0,,0.00,0.00,,,,0,0,0,0.0,0.0,,0.0,0.0,Matches
464,Andros Townsend\b28bbd58,eng ENG,MF,Everton,30-210,1991,15.7,3,19,9,47.4,1.21,0.57,0.11,0.22,21.1,3,1,1,2.2,1.5,0.08,+0.8,+0.5,Matches
465,Adama Traoré\9a28eba4,es ESP,FW,Wolves,26-017,1996,11.9,1,23,6,26.1,1.94,0.51,0.04,0.17,18.9,0,0,0,2.4,2.4,0.11,-1.4,-1.4,Matches
466,Bertrand Traoré\c47541e0,bf BFA,MFFW,Aston Villa,26-158,1995,1.7,0,4,0,0.0,2.34,0.00,0.00,,21.0,0,0,0,0.2,0.2,0.04,-0.2,-0.2,Matches
467,Trézéguet\3ae14ed1,eg EGY,FW,Aston Villa,27-133,1994,0.1,0,1,0,0.0,8.18,0.00,0.00,,21.0,0,0,0,0.1,0.1,0.07,-0.1,-0.1,Matches
468,Francisco Trincão\77e39b04,pt POR,FWMF,Wolves,22-044,1999,11.1,0,20,8,40.0,1.80,0.72,0.00,0.00,16.9,1,0,0,2.6,2.6,0.13,-2.6,-2.6,Matches
469,Kieran Trippier\21512407,eng ENG,DF,Newcastle Utd,31-145,1990,3.0,1,1,1,100.0,0.33,0.33,1.00,1.00,27.3,1,0,0,0.0,0.0,0.04,+1.0,+1.0,Matches
470,William Troost-Ekong\7ed4921e,ng NGA,DF,Watford,28-163,1993,15.3,0,2,0,0.0,0.13,0.00,0.00,,21.8,0,0,0,0.1,0.1,0.05,-0.1,-0.1,Matches
471,Leandro Trossard\38ceb24a,be BEL,FWMF,Brighton,27-069,1994,19.3,4,53,19,35.8,2.74,0.98,0.06,0.16,18.7,5,1,1,4.3,3.6,0.07,-0.3,-0.6,Matches
472,Kostas Tsimikas\f315ca93,gr GRE,DF,Liverpool,25-275,1996,6.4,0,4,1,25.0,0.62,0.16,0.00,0.00,19.0,0,0,0,0.2,0.2,0.05,-0.2,-0.2,Matches
473,Axel Tuanzebe\2baec6ce,eng ENG,DF,Aston Villa,24-089,1997,5.6,0,2,1,50.0,0.35,0.18,0.00,0.00,7.0,0,0,0,0.2,0.2,0.09,-0.2,-0.2,Matches
474,Ozan Tufan\17d45fb2,tr TUR,MF,Watford,26-325,1995,3.7,0,3,0,0.0,0.81,0.00,0.00,,17.9,0,0,0,0.5,0.5,0.17,-0.5,-0.5,Matches
475,Christos Tzolis\9f333379,gr GRE,FWMF,Norwich City,20-012,2002,3.4,0,6,2,33.3,1.75,0.58,0.00,0.00,18.9,0,0,0,0.5,0.5,0.08,-0.5,-0.5,Matches
476,Yan Valery\531a4aa8,fr FRA,DF,Southampton,22-354,1999,1.0,0,1,0,0.0,1.00,0.00,0.00,,26.6,0,0,0,0.0,0.0,0.02,0.0,0.0,Matches
477,Raphaël Varane\9f8e9423,fr FRA,DF,Manchester Utd,28-292,1993,12.3,0,8,0,0.0,0.65,0.00,0.00,,8.5,0,0,0,0.7,0.7,0.09,-0.7,-0.7,Matches
478,Jamie Vardy\45963054,eng ENG,FW,Leicester City,35-031,1987,14.7,9,36,15,41.7,2.45,1.02,0.25,0.60,12.0,0,0,0,6.2,6.2,0.17,+2.8,+2.8,Matches
479,Joël Veltman\dad4b285,nl NED,DF,Brighton,30-027,1992,16.1,0,4,0,0.0,0.25,0.00,0.00,,21.1,0,0,0,0.2,0.2,0.04,-0.2,-0.2,Matches
480,Jannik Vestergaard\1900032e,dk DEN,DF,Leicester City,29-192,1992,6.3,0,1,0,0.0,0.16,0.00,0.00,,4.1,0,0,0,0.1,0.1,0.06,-0.1,-0.1,Matches
481,Nikola Vlašić\aa8e289e,hr CRO,FWMF,West Ham,24-130,1997,4.0,1,4,2,50.0,1.01,0.50,0.25,0.50,15.8,0,0,0,0.8,0.8,0.20,+0.2,+0.2,Matches
482,Matěj Vydra\0d4ceb32,cz CZE,FW,Burnley,29-286,1992,5.0,1,12,4,33.3,2.41,0.80,0.08,0.25,14.8,0,0,0,2.0,2.0,0.17,-1.0,-1.0,Matches
483,Theo Walcott\1ecb65be,eng ENG,MFFW,Southampton,32-332,1989,4.2,0,6,0,0.0,1.42,0.00,0.00,,15.9,0,0,0,0.7,0.7,0.12,-0.7,-0.7,Matches
484,Kyle Walker\86dd77d1,eng ENG,DF,Manchester City,31-259,1990,13.5,0,5,1,20.0,0.37,0.07,0.00,0.00,23.6,1,0,0,0.2,0.2,0.03,-0.2,-0.2,Matches
485,Kyle Walker-Peters\984a5a64,eng ENG,DF,Southampton,24-304,1997,15.0,1,9,1,11.1,0.60,0.07,0.11,1.00,21.8,0,0,0,0.3,0.3,0.03,+0.7,+0.7,Matches
486,Aaron Wan-Bissaka\9e525177,eng ENG,DF,Manchester Utd,24-077,1997,14.9,0,2,1,50.0,0.13,0.07,0.00,0.00,17.1,0,0,0,0.1,0.1,0.03,-0.1,-0.1,Matches
487,Joel Ward\8a7ff278,eng ENG,DF,Crystal Palace,32-105,1989,22.0,0,8,1,12.5,0.36,0.05,0.00,0.00,20.1,0,0,0,0.3,0.3,0.04,-0.3,-0.3,Matches
488,James Ward-Prowse\3515d404,eng ENG,MF,Southampton,27-102,1994,20.7,6,28,13,46.4,1.35,0.63,0.11,0.23,28.0,11,3,3,3.4,1.1,0.04,+2.6,+1.9,Matches
489,Ollie Watkins\aed3a70f,eng ENG,FW,Aston Villa,26-043,1995,18.0,5,41,17,41.5,2.28,0.94,0.12,0.29,12.9,0,0,0,6.3,6.3,0.15,-1.3,-1.3,Matches
490,Adam Webster\c40b6180,eng ENG,DF,Brighton,27-038,1995,11.0,1,5,1,20.0,0.46,0.09,0.20,1.00,11.6,0,0,0,0.3,0.3,0.06,+0.7,+0.7,Matches
491,Wout Weghorst\c4e87b8b,nl NED,FW,Burnley,29-188,1992,2.0,0,5,1,20.0,2.50,0.50,0.00,0.00,16.1,0,0,0,0.5,0.5,0.11,-0.5,-0.5,Matches
492,Danny Welbeck\ce5143da,eng ENG,FWMF,Brighton,31-077,1990,4.5,3,12,7,58.3,2.68,1.56,0.25,0.43,13.5,0,0,0,1.0,1.0,0.08,+2.0,+2.0,Matches
493,Timo Werner\49fe9070,de GER,FW,Chelsea,25-342,1996,6.4,1,20,6,30.0,3.11,0.93,0.05,0.17,13.2,0,0,0,3.3,3.3,0.17,-2.3,-2.3,Matches
494,Ashley Westwood\495945ef,eng ENG,MF,Burnley,31-316,1990,17.8,0,8,1,12.5,0.45,0.06,0.00,0.00,19.6,0,0,0,0.5,0.5,0.07,-0.5,-0.5,Matches
495,Ben White\35e413f1,eng ENG,DF,Arsenal,24-126,1997,20.0,0,5,0,0.0,0.25,0.00,0.00,,16.1,0,0,0,0.4,0.4,0.07,-0.4,-0.4,Matches
496,Brandon Williams\5e74d6c8,eng ENG,DF,Norwich City,21-161,2000,15.6,0,1,0,0.0,0.06,0.00,0.00,,18.0,0,0,0,0.1,0.1,0.06,-0.1,-0.1,Matches
497,Neco Williams\dd323728,wls WAL,DF,Liverpool,20-304,2001,0.1,0,0,0,,0.00,0.00,,,,0,0,0,0.0,0.0,,0.0,0.0,Matches
498,Joe Willock\a3b03921,eng ENG,MF,Newcastle Utd,22-175,1999,13.7,0,14,4,28.6,1.03,0.29,0.00,0.00,17.8,0,0,0,1.5,1.5,0.11,-1.5,-1.5,Matches
499,Callum Wilson\c596fcb0,eng ENG,FW,Newcastle Utd,29-349,1992,13.2,6,25,9,36.0,1.90,0.68,0.20,0.56,11.5,0,1,1,4.4,3.6,0.15,+1.6,+1.4,Matches
500,Harry Winks\2f7acede,eng ENG,MF,Tottenham,26-009,1996,6.8,0,1,1,100.0,0.15,0.15,0.00,0.00,24.0,0,0,0,0.1,0.1,0.07,-0.1,-0.1,Matches
501,Yoane Wissa\2500cef9,cd COD,FWMF,Brentford,25-161,1996,5.7,3,10,5,50.0,1.74,0.87,0.30,0.60,14.9,0,0,0,0.8,0.8,0.08,+2.2,+2.2,Matches
502,Chris Wood\4e9a0555,nz NZL,FW,Burnley,30-066,1991,15.2,3,31,10,32.3,2.04,0.66,0.10,0.30,11.8,0,0,0,4.4,4.4,0.14,-1.4,-1.4,Matches
503,Chris Wood\4e9a0555,nz NZL,FW,Newcastle Utd,30-066,1991,3.0,0,8,1,12.5,2.67,0.33,0.00,0.00,10.5,0,0,0,0.9,0.9,0.11,-0.9,-0.9,Matches
504,Freddie Woodman\19e50035,eng ENG,GK,Newcastle Utd,24-344,1997,4.0,0,0,0,,0.00,0.00,,,,0,0,0,0.0,0.0,,0.0,0.0,Matches
505,Granit Xhaka\e61b8aee,ch SUI,MF,Arsenal,29-137,1992,10.2,0,8,0,0.0,0.79,0.00,0.00,,20.5,1,0,0,0.5,0.5,0.06,-0.5,-0.5,Matches
506,Andriy Yarmolenko\849c826a,ua UKR,FWMF,West Ham,32-111,1989,1.1,0,5,2,40.0,4.74,1.89,0.00,0.00,19.4,0,0,0,0.3,0.3,0.06,-0.3,-0.3,Matches
507,Ashley Young\be927d03,eng ENG,FWDF,Aston Villa,36-217,1985,8.3,0,8,1,12.5,0.97,0.12,0.00,0.00,19.3,1,0,0,0.4,0.4,0.05,-0.4,-0.4,Matches
508,Wilfried Zaha\b2bc3b1f,ci CIV,FW,Crystal Palace,29-093,1992,16.5,6,29,9,31.0,1.76,0.55,0.14,0.44,19.5,0,2,3,4.3,2.0,0.07,+1.7,+2.0,Matches
509,Oleksandr Zinchenko\51cf8561,ua UKR,DF,Manchester City,25-058,1996,5.6,0,5,1,20.0,0.89,0.18,0.00,0.00,23.4,0,0,0,0.1,0.1,0.03,-0.1,-0.1,Matches
510,Hakim Ziyech\6622454d,ma MAR,FWMF,Chelsea,28-329,1993,8.7,3,35,13,37.1,4.01,1.49,0.09,0.23,19.6,1,0,0,2.8,2.8,0.08,+0.2,+0.2,Matches
511,Kurt Zouma\ce4246f5,fr FRA,DF,West Ham,27-107,1994,12.8,1,4,1,25.0,0.31,0.08,0.25,1.00,5.6,0,0,0,0.3,0.3,0.08,+0.7,+0.7,Matches
512,Martin Ødegaard\79300479,no NOR,MF,Arsenal,23-056,1998,15.3,4,22,10,45.5,1.44,0.65,0.18,0.40,21.0,8,0,0,1.8,1.8,0.08,+2.2,+2.2,Matches