,,,,,,,Playing Time,Playing Time,Playing Time,Playing Time,Playing Time,Playing Time,Starts,Starts,Subs,Subs,Subs,Team Success,Team Success,Team Success,Team Success,Team Success,Team Success,Team Success (xG),Team Success (xG),Team Success (xG),Team Success (xG),Team Success (xG),
Rk,Player,Nation,Pos,Squad,Age,Born,MP,Min,Mn/MP,Min%,90s,Starts,Mn/Start,Compl,Subs,Mn/Sub,unSub,PPM,onG,onGA,+/-,+/-90,On-Off,onxG,onxGA,xG+/-,xG+/-90,On-Off,Matches
1,Max Aarons\774cf58b,eng ENG,DF,Norwich City,22-038,2000,22,1969,90,95.1,21.9,22,90,21,0,,0,0.77,14,43,-29,-1.33,+1.35,18.0,36.6,-18.6,-0.85,-0.18,Matches
2,Tammy Abraham\f586779e,eng ENG,FW,Chelsea,24-132,1997,0,,,,,0,,0,0,,1,,,,,,,,,,,,Matches
3,Che Adams\f2bf1b0f,sct SCO,FW,Southampton,25-213,1996,17,1116,66,53.9,12.4,13,79,7,4,23,2,1.29,14,18,-4,-0.32,-0.04,15.8,18.0,-2.2,-0.18,-0.08,Matches
4,Adrián\f76e6b4e,es ESP,GK,Liverpool,35-039,1987,0,,,,,0,,0,0,,5,,,,,,,,,,,,Matches
5,Rayan Aït Nouri\9b398aea,fr FRA,DF,Wolves,20-250,2001,12,926,77,46.8,10.3,10,89,8,2,18,7,1.25,9,6,+3,+0.29,+0.38,8.4,15.1,-6.7,-0.66,-0.63,Matches
6,Kristoffer Ajer\a8c0acb7,no NOR,DF,Brentford,23-300,1998,11,925,84,42.8,10.3,10,88,9,1,45,3,0.82,10,17,-7,-0.68,-0.17,11.3,13.5,-2.2,-0.22,-0.14,Matches
7,Nathan Aké\eaeca114,nl NED,DF,Manchester City,26-358,1995,8,581,73,26.9,6.5,6,90,6,2,21,15,2.38,10,3,+7,+1.08,-0.97,9.9,4.9,+5.0,+0.77,-1.05,Matches
8,Marc Albrighton\b827d5b3,eng ENG,DFFW,Leicester City,32-085,1989,11,637,58,33.7,7.1,6,90,6,5,19,7,1.27,9,17,-8,-1.13,-1.35,7.3,18.8,-11.5,-1.63,-1.89,Matches
9,Thiago Alcántara\77e84962,es ESP,MF,Liverpool,30-306,1991,12,766,64,37.0,8.5,9,80,2,3,17,0,2.58,22,3,+19,+2.23,+0.71,25.6,5.0,+20.5,+2.41,+1.51,Matches
10,Ryan Alebiousu\ce048fb8,eng ENG,FW,Arsenal,20-056,2001,0,,,,,0,,0,0,,1,,,,,,,,,,,,Matches
11,Ajibola Alese\182a8b9d,eng ENG,DF,West Ham,22-025,2000,0,,,,,0,,0,0,,6,,,,,,,,,,,,Matches
12,Trent Alexander-Arnold\cd1acf9d,eng ENG,DF,Liverpool,23-127,1998,21,1863,89,90.0,20.7,21,89,19,0,,0,2.24,54,17,+37,+1.79,+0.05,52.1,20.9,+31.3,+1.51,+0.47,Matches
13,Alisson\7a2e46a8,br BRA,GK,Liverpool,29-132,1992,21,1890,90,91.3,21.0,21,90,21,0,,0,2.24,53,17,+36,+1.71,-0.79,52.1,21.6,+30.5,+1.45,-0.12,Matches
14,Allan\cc700722,br BRA,MF,Everton,31-034,1991,18,1537,85,81.3,17.1,17,88,13,1,40,1,1.00,22,30,-8,-0.47,+0.81,21.9,24.4,-2.5,-0.15,+0.53,Matches
15,Dele Alli\cea4ee8f,eng ENG,MF,Everton,25-306,1996,1,66,66,3.5,0.7,0,,0,1,66,0,0.00,1,3,-2,-2.73,-2.18,0.4,2.2,-1.8,-2.43,-2.27,Matches
16,Dele Alli\cea4ee8f,eng ENG,MFFW,Tottenham,25-306,1996,10,657,66,34.8,7.3,8,80,5,2,11,9,1.40,6,13,-7,-0.96,-1.54,9.2,11.1,-2.0,-0.27,-1.08,Matches
17,Miguel Almirón\862a1c15,py PAR,MF,Newcastle Utd,28-001,1994,17,980,58,49.5,10.9,11,79,4,6,18,4,0.65,10,26,-16,-1.47,-1.11,10.2,21.9,-11.6,-1.07,-0.69,Matches
18,Marcos Alonso\f4290206,es ESP,DF,Chelsea,31-045,1990,18,1431,80,66.3,15.9,16,85,10,2,34,5,1.72,26,14,+12,+0.75,-1.47,23.5,15.4,+8.1,+0.51,-0.80,Matches
19,Steven Alzate\ad1f61f3,co COL,MF,Brighton,23-156,1998,6,250,42,12.6,2.8,3,74,1,3,9,7,1.67,2,3,-1,-0.36,-0.41,2.0,4.1,-2.1,-0.76,-0.80,Matches
20,Daniel Amartey\1a4ef233,gh GHA,DF,Leicester City,27-052,1994,12,966,81,51.1,10.7,11,86,10,1,21,5,1.42,15,22,-7,-0.65,-0.85,14.4,21.0,-6.5,-0.61,-0.48,Matches
21,Joachim Andersen\e34fc66d,dk DEN,DF,Crystal Palace,25-256,1996,19,1566,82,75.7,17.4,17,90,16,2,22,0,1.16,26,26,0,0.00,+0.54,22.7,21.7,+1.0,+0.06,+0.05,Matches
22,Elliot Anderson\de31038e,sct SCO,MF,Newcastle Utd,19-097,2002,0,,,,,0,,0,0,,5,,,,,,,,,,,,Matches
23,Florin Andone\dc008610,ro ROU,FW,Brighton,28-306,1993,0,,,,,0,,0,0,,1,,,,,,,,,,,,Matches
24,Vincent Angelini\536e58cc,sct SCO,GK,Watford,18-152,2003,0,,,,,0,,0,0,,3,,,,,,,,,,,,Matches
25,Michail Antonio\ac05f970,jm JAM,FW,West Ham,31-320,1990,23,2017,88,93.4,22.4,22,90,17,1,45,0,1.74,41,28,+13,+0.58,+1.84,32.0,27.6,+4.3,+0.19,+0.27,Matches
26,Cameron Archer\05e8ca6d,eng ENG,MFFW,Aston Villa,20-205,2001,3,27,9,1.4,0.3,0,,0,3,9,9,1.00,1,0,+1,+3.33,+3.56,0.2,0.8,-0.7,-2.21,-1.92,Matches
27,Alphonse Areola\2f965a72,fr FRA,GK,West Ham,28-349,1993,1,90,90,4.2,1.0,1,90,1,0,,23,0.00,0,1,-1,-1.00,-1.52,0.3,1.8,-1.5,-1.49,-1.73,Matches
28,Adam Armstrong\68c720b5,eng ENG,FW,Southampton,25-001,1997,18,1197,67,57.8,13.3,14,83,9,4,10,4,0.94,12,23,-11,-0.83,-1.24,15.5,21.5,-6.0,-0.45,-0.74,Matches
29,Stuart Armstrong\97333cf5,sct SCO,MF,Southampton,29-318,1992,10,429,43,20.7,4.8,4,79,2,6,19,2,2.10,7,5,+2,+0.42,+0.91,5.9,7.7,-1.9,-0.39,-0.31,Matches
30,Kepa Arrizabalaga\28d596a0,es ESP,GK,Chelsea,27-131,1994,4,360,90,16.7,4.0,4,90,4,0,,20,1.75,6,2,+4,+1.00,-0.30,4.1,2.5,+1.6,+0.39,-0.47,Matches
31,Harrison Ashby\b391383a,sct SCO,DF,West Ham,20-089,2001,1,7,7,0.3,0.1,0,,0,1,7,7,0.00,0,1,-1,-12.86,-13.36,0.1,0.1,0.0,-0.63,-0.81,Matches
32,Pierre-Emerick Aubameyang\d5dd5f1f,ga GAB,FW,Arsenal,32-238,1989,14,1037,74,52.4,11.5,12,83,7,2,18,0,1.64,17,16,+1,+0.09,-0.68,16.3,16.9,-0.6,-0.05,-0.40,Matches
33,Brandon Austin\5e253986,eng ENG,GK,Tottenham,23-034,1999,0,,,,,0,,0,0,,1,,,,,,,,,,,,Matches
34,Zach Awe\7a0ae4f0,eng ENG,DF,Arsenal,18-033,2004,0,,,,,0,,0,0,,1,,,,,,,,,,,,Matches
35,Jordan Ayew\da052c14,gh GHA,FW,Crystal Palace,30-153,1991,21,1353,64,65.4,15.0,16,81,7,5,13,1,1.10,21,25,-4,-0.27,-0.39,18.9,19.2,-0.2,-0.02,-0.17,Matches
36,Luke Ayling\420d7c7d,eng ENG,DF,Leeds United,30-170,1991,13,1168,90,59.0,13.0,13,90,12,0,,0,0.85,19,35,-16,-1.23,-1.23,18.0,26.6,-8.6,-0.66,-0.51,Matches
37,César Azpilicueta\53cad200,es ESP,DF,Chelsea,32-167,1989,17,1390,82,64.4,15.4,16,85,11,1,27,7,1.94,24,11,+13,+0.84,-1.15,21.6,15.4,+6.3,+0.40,-1.05,Matches
38,Kwadwo Baah\f240e4f2,eng ENG,FW,Watford,19-015,2003,0,,,,,0,,0,0,,1,,,,,,,,,,,,Matches
39,Daniel Bachmann\1c0eea98,at AUT,GK,Watford,27-217,1994,11,990,90,50.0,11.0,11,90,11,0,,10,0.27,9,26,-17,-1.55,-1.45,10.3,20.2,-9.9,-0.90,-0.39,Matches
40,Leon Bailey\3a233281,jm JAM,FWMF,Aston Villa,24-186,1997,9,424,47,21.4,4.7,4,67,1,5,31,0,1.00,10,7,+3,+0.64,+1.04,5.7,3.3,+2.4,+0.51,+1.06,Matches
41,Eric Bailly\a1232f4e,ci CIV,DF,Manchester Utd,27-305,1994,4,217,54,10.5,2.4,3,67,1,1,17,9,1.75,5,4,+1,+0.41,+0.17,4.6,5.0,-0.3,-0.13,-0.16,Matches
42,Folarin Balogun\31822f8c,eng ENG,FW,Arsenal,20-223,2001,2,70,35,3.5,0.8,1,58,0,1,12,0,0.00,0,1,-1,-1.29,-1.76,0.4,1.0,-0.6,-0.74,-0.91,Matches
43,Patrick Bamford\93feac6e,eng ENG,FW,Leeds United,28-159,1993,6,459,77,23.2,5.1,5,87,4,1,23,0,0.67,6,12,-6,-1.18,-0.58,7.2,10.3,-3.1,-0.61,-0.21,Matches
44,Scott Banks\d01f8942,sct SCO,MF,Crystal Palace,20-138,2001,0,,,,,0,,0,0,,1,,,,,,,,,,,,Matches
45,Jamal Baptiste\41d3704d,eng ENG,DF,West Ham,18-092,2003,0,,,,,0,,0,0,,5,,,,,,,,,,,,Matches
46,Shandon Baptiste\2886c9b5,gd GRN,MF,Brentford,23-309,1998,17,817,48,37.8,9.1,9,69,3,8,24,1,1.12,12,13,-1,-0.11,+0.76,10.6,9.4,+1.1,+0.13,+0.42,Matches
47,Phil Bardsley\1ae30132,sct SCO,DF,Burnley,36-228,1985,0,,,,,0,,0,0,,17,,,,,,,,,,,,Matches
48,Ross Barkley\3a24769f,eng ENG,MF,Chelsea,28-068,1993,5,154,31,7.1,1.7,1,72,0,4,21,13,2.20,9,1,+8,+4.68,+3.69,6.9,0.4,+6.4,+3.77,+3.22,Matches
49,Ashley Barnes\2691c772,eng ENG,FW,Burnley,32-104,1989,9,385,43,21.4,4.3,4,75,1,5,17,3,0.44,2,10,-8,-1.87,-1.68,4.6,7.9,-3.3,-0.77,-0.26,Matches
50,Harvey Barnes\3ea50f67,eng ENG,FWMF,Leicester City,24-064,1997,17,1116,66,59.0,12.4,14,75,5,3,24,2,1.00,19,22,-3,-0.24,-0.01,18.8,21.4,-2.6,-0.21,+0.40,Matches
51,Lewis Bate\cd4256d3,eng ENG,MF,Leeds United,19-105,2002,1,43,43,2.2,0.5,0,,0,1,43,5,3.00,2,2,0,0.00,+0.74,1.6,1.1,+0.5,+1.06,+1.54,Matches
52,Mads Bech Sørensen\30db8574,dk DEN,DF,Brentford,23-035,1999,5,380,76,17.6,4.2,4,90,4,1,20,7,1.20,4,7,-3,-0.71,-0.15,4.7,5.9,-1.2,-0.28,-0.18,Matches
53,Owen Beck\a011a1e9,wls WAL,DF,Liverpool,19-186,2002,0,,,,,0,,0,0,,3,,,,,,,,,,,,Matches
54,Jan Bednarek\4115ce4e,pl POL,DF,Southampton,25-305,1996,18,1504,84,72.7,16.7,17,86,14,1,45,4,1.33,22,27,-5,-0.30,+0.02,21.5,24.0,-2.5,-0.15,-0.01,Matches
55,Donny van de Beek\50dc94ce,nl NED,MF,Everton,24-299,1997,1,31,31,1.6,0.3,0,,0,1,31,0,0.00,0,1,-1,-2.90,-2.32,0.0,0.7,-0.7,-2.03,-1.81,Matches
56,Donny van de Beek\50dc94ce,nl NED,MF,Manchester Utd,24-299,1997,8,75,9,3.6,0.8,0,,0,8,9,14,1.75,2,2,0,0.00,-0.27,1.6,1.6,0.0,+0.01,-0.01,Matches
57,Asmir Begović\7b4de647,ba BIH,GK,Everton,34-236,1987,1,90,90,4.8,1.0,1,90,1,0,,20,0.00,0,3,-3,-3.00,-2.50,0.7,1.3,-0.7,-0.67,-0.44,Matches
58,Héctor Bellerín\f874dd44,es ESP,DFMF,Arsenal,26-329,1995,0,,,,,0,,0,0,,1,,,,,,,,,,,,Matches
59,Saïd Benrahma\5a04fd92,dz ALG,FWMF,West Ham,26-185,1995,21,1497,71,69.3,16.6,19,78,3,2,11,0,1.76,31,19,+12,+0.72,+0.86,22.5,18.3,+4.2,+0.25,+0.25,Matches
60,Rodrigo Bentancur\3b8674e6,uy URU,MF,Tottenham,24-251,1997,1,31,31,1.6,0.3,0,,0,1,31,0,0.00,1,2,-1,-2.90,-3.00,0.6,0.6,0.0,+0.12,-0.32,Matches
61,Christian Benteke\ab070c55,be BEL,FW,Crystal Palace,31-070,1990,21,1093,52,52.8,12.1,11,82,6,10,19,1,1.14,16,19,-3,-0.25,-0.25,16.3,13.9,+2.4,+0.19,+0.32,Matches
62,Jóhann Berg Guðmundsson\f72293fc,is ISL,MF,Burnley,31-107,1990,18,1102,61,61.2,12.2,13,76,5,5,23,0,0.67,10,19,-9,-0.74,-0.48,11.4,17.6,-6.2,-0.51,+0.15,Matches
63,Steven Bergwijn\a29b1131,nl NED,FW,Tottenham,24-126,1997,11,422,38,22.3,4.7,4,81,1,7,14,4,1.91,6,4,+2,+0.43,+0.49,6.0,6.0,0.0,0.00,-0.56,Matches
64,Ryan Bertrand\01226327,eng ENG,DF,Leicester City,32-190,1989,4,337,84,17.8,3.7,4,84,3,0,,5,0.50,5,7,-2,-0.53,-0.36,6.2,6.3,-0.1,-0.01,+0.44,Matches
65,Marcus Bettinelli\0d85a4e8,eng ENG,GK,Chelsea,29-263,1992,0,,,,,0,,0,0,,7,,,,,,,,,,,,Matches
66,Mads Bidstrup\407db0d5,dk DEN,MF,Brentford,20-351,2001,4,41,10,1.9,0.5,0,,0,4,10,14,1.75,1,0,+1,+2.20,+2.83,0.4,0.7,-0.4,-0.79,-0.66,Matches
67,Mika Biereth\a1d95db3,dk DEN,FW,Arsenal,19-003,2003,0,,,,,0,,0,0,,1,,,,,,,,,,,,Matches
68,Yves Bissouma\6c203af0,ml MLI,MF,Brighton,25-165,1996,14,1210,86,61.1,13.4,14,86,11,0,,2,1.50,15,15,0,0.00,0.00,16.1,15.2,+0.8,+0.06,+0.31,Matches
69,Lamare Bogarde\bca5c4a7,nl NED,MF,Aston Villa,18-037,2004,0,,,,,0,,0,0,,1,,,,,,,,,,,,Matches
70,Willy Boly\a4ac4b8f,ci CIV,DF,Wolves,31-008,1991,0,,,,,0,,0,0,,11,,,,,,,,,,,,Matches
71,Jarrod Bowen\79c84d1c,eng ENG,FW,West Ham,25-053,1996,24,2034,85,94.2,22.6,23,88,13,1,17,0,1.67,42,30,+12,+0.53,+1.25,32.8,26.7,+6.1,+0.27,+1.61,Matches
72,Conor Bradley\bbd67769,nir NIR,DF,Liverpool,18-217,2003,0,,,,,0,,0,0,,1,,,,,,,,,,,,Matches
73,Jarrad Branthwaite\c1949191,eng ENG,DF,Everton,19-229,2002,2,146,73,7.7,1.6,1,90,1,1,56,12,0.50,2,4,-2,-1.23,-0.67,0.8,4.7,-3.9,-2.39,-2.32,Matches
74,Nathan Broadhead\43309491,wls WAL,FWMF,Everton,23-312,1998,0,,,,,0,,0,0,,1,,,,,,,,,,,,Matches
75,Armando Broja\97220da2,al ALB,FW,Southampton,20-154,2001,19,1056,56,51.0,11.7,11,80,2,8,22,0,1.26,19,21,-2,-0.17,+0.27,17.5,16.4,+1.2,+0.10,+0.49,Matches
76,Josh Brownhill\47369df8,eng ENG,MF,Burnley,26-054,1995,17,1383,81,76.8,15.4,15,90,15,2,17,0,0.76,14,20,-6,-0.39,+0.69,14.9,23.9,-9.0,-0.59,-0.09,Matches
77,Lewis Brunt\a2081c6b,eng ENG,MF,Leicester City,21-097,2000,0,,,,,0,,0,0,,3,,,,,,,,,,,,Matches
78,Bryan\7b5ab7f2,es ESP,FWMF,Tottenham,21-000,2001,9,94,10,5.0,1.0,0,,0,9,10,7,1.44,2,1,+1,+0.96,+0.96,2.2,1.1,+1.0,+1.01,+0.60,Matches
79,Emi Buendía\66b76d44,ar ARG,FWMF,Aston Villa,25-048,1996,20,1292,65,65.3,14.4,16,77,4,4,16,1,1.20,21,23,-2,-0.14,+0.12,15.0,18.7,-3.7,-0.26,+0.17,Matches
80,Hugo Bueno\bfc3b3a0,es ESP,DF,Wolves,19-146,2002,0,,,,,0,,0,0,,4,,,,,,,,,,,,Matches
81,Dan Burn\b2d31e83,eng ENG,DF,Newcastle Utd,29-278,1992,0,,,,,0,,0,0,,1,,,,,,,,,,,,Matches
82,Dan Burn\b2d31e83,eng ENG,DF,Brighton,29-278,1992,13,1022,79,51.6,11.4,12,83,10,1,21,2,1.31,10,12,-2,-0.18,-0.36,12.7,15.8,-3.0,-0.26,-0.43,Matches
83,Jack Butland\cc70a1d5,eng ENG,GK,Crystal Palace,28-338,1993,3,270,90,13.0,3.0,3,90,3,0,,20,0.67,3,6,-3,-1.00,-1.00,1.8,5.3,-3.5,-1.17,-1.40,Matches
84,Sam Byram\1bf811d4,eng ENG,DFMF,Norwich City,28-148,1993,4,154,39,7.4,1.7,1,90,1,3,21,4,1.50,1,4,-3,-1.75,-0.39,1.8,3.5,-1.7,-0.98,-0.15,Matches
85,Willy Caballero\a179d516,ar ARG,GK,Southampton,40-136,1981,2,180,90,8.7,2.0,2,90,2,0,,6,0.50,2,5,-3,-1.50,-1.31,1.3,2.8,-1.5,-0.74,-0.65,Matches
86,Moisés Caicedo\16264a81,ec ECU,MF,Brighton,20-101,2001,0,,,,,0,,0,0,,5,,,,,,,,,,,,Matches
87,Dominic Calvert-Lewin\59e6e5bf,eng ENG,FW,Everton,24-332,1997,6,518,86,27.4,5.8,6,86,4,0,,1,1.17,10,9,+1,+0.17,+1.09,9.3,5.1,+4.1,+0.72,+1.33,Matches
88,Chem Campbell\6f711f67,wls WAL,MF,Wolves,19-043,2002,0,,,,,0,,0,0,,6,,,,,,,,,,,,Matches
89,João Cancelo\bd6351cd,pt POR,DF,Manchester City,27-260,1994,23,2057,89,95.2,22.9,23,89,22,0,,0,2.48,50,13,+37,+1.62,-3.62,49.8,16.2,+33.6,+1.47,-1.33,Matches
90,Sergi Canós\1137759d,es ESP,DF,Brentford,25-009,1997,23,1708,74,79.1,19.0,21,78,9,2,32,0,0.87,21,33,-12,-0.63,-0.23,21.1,26.0,-4.8,-0.25,-0.56,Matches
91,Todd Cantwell\f63d8a4b,eng ENG,FWMF,Norwich City,23-349,1998,8,441,55,21.3,4.9,5,74,2,3,24,4,0.38,2,15,-13,-2.65,-1.60,3.6,11.5,-7.9,-1.62,-0.98,Matches
92,Scott Carson\3e1550ee,eng ENG,GK,Manchester City,36-161,1985,0,,,,,0,,0,0,,12,,,,,,,,,,,,Matches
93,Matty Cash\2389cdc2,pl POL,DF,Aston Villa,24-188,1997,22,1963,89,99.1,21.8,22,89,20,0,,0,1.23,31,32,-1,-0.05,+15.84,23.8,29.4,-5.6,-0.26,+7.22,Matches
94,Timothy Castagne\197640fd,be BEL,DF,Leicester City,26-068,1995,16,1273,80,67.4,14.1,12,90,12,4,48,1,1.38,26,21,+5,+0.35,+1.81,22.3,23.6,-1.3,-0.09,+0.86,Matches
95,Jonny Castro\e28868f3,es ESP,DFMF,Wolves,27-345,1994,0,,,,,0,,0,0,,1,,,,,,,,,,,,Matches
96,Craig Cathcart\89e4b358,nir NIR,DF,Watford,33-005,1989,19,1643,86,83.0,18.3,19,86,16,0,,1,0.79,23,35,-12,-0.66,+0.95,21.5,33.9,-12.4,-0.68,+0.17,Matches
97,Edinson Cavani\527f063d,uy URU,FW,Manchester Utd,34-362,1987,11,604,55,29.2,6.7,6,79,3,5,26,0,1.45,12,6,+6,+0.89,+0.89,10.2,7.7,+2.5,+0.37,+0.50,Matches
98,Kayky Chagas\17734ea0,br BRA,FW,Manchester City,18-245,2003,0,,,,,0,,0,0,,2,,,,,,,,,,,,Matches
99,Trevoh Chalobah\5515376c,eng ENG,DF,Chelsea,22-221,1999,14,909,65,42.1,10.1,11,77,7,3,20,6,2.14,25,7,+18,+1.78,+0.92,18.4,9.6,+8.8,+0.87,+0.16,Matches
100,Calum Chambers\dc6f5bdd,eng ENG,DF,Aston Villa,27-022,1995,1,2,2,0.1,0.0,0,,0,1,2,0,1.00,0,0,0,0.00,+0.18,0.0,0.0,0.0,0.00,+0.32,Matches
101,Calum Chambers\dc6f5bdd,eng ENG,DF,Arsenal,27-022,1995,2,170,85,8.6,1.9,2,85,1,0,,4,0.00,0,7,-7,-3.71,-4.50,1.0,5.1,-4.2,-2.22,-2.58,Matches
102,Kgagelo Chauke\06791660,eng ENG,MF,Southampton,19-034,2003,0,,,,,0,,0,0,,1,,,,,,,,,,,,Matches
103,Ben Chilwell\d2424d1b,eng ENG,DF,Chelsea,25-052,1996,6,540,90,25.0,6.0,6,90,6,0,,6,2.67,18,2,+16,+2.67,+1.89,13.8,4.7,+9.0,+1.51,+0.97,Matches
104,Chiquinho\dc6c2f02,pt POR,MF,Wolves,22-006,2000,1,29,29,1.5,0.3,0,,0,1,29,1,0.00,0,0,0,0.00,-0.09,0.6,0.4,+0.2,+0.65,+0.98,Matches
105,Hamza Choudhury\7d2d3329,eng ENG,MFDF,Leicester City,24-133,1997,4,224,56,11.9,2.5,3,68,1,1,20,13,1.00,4,4,0,0.00,+0.27,3.9,7.1,-3.3,-1.31,-1.06,Matches
106,Benjamin Chrisene\b17008fc,eng ENG,DF,Aston Villa,18-030,2004,0,,,,,0,,0,0,,1,,,,,,,,,,,,Matches
107,Andreas Christensen\1cb49278,dk DEN,DF,Chelsea,25-307,1996,13,1001,77,46.3,11.1,11,86,10,2,28,6,2.08,22,8,+14,+1.26,+0.02,17.1,11.9,+5.2,+0.47,-0.58,Matches
108,Carney Chukwuemeka\b2f9c73e,eng ENG,MFFW,Aston Villa,18-035,2004,8,188,24,9.5,2.1,1,62,0,7,18,9,1.50,4,3,+1,+0.48,+0.73,3.5,3.9,-0.4,-0.21,+0.12,Matches
109,Ciaran Clark\2b91cf8e,ie IRL,DF,Newcastle Utd,32-138,1989,13,1014,78,51.2,11.3,12,83,10,1,23,4,0.69,14,26,-12,-1.07,-0.32,10.6,19.4,-8.7,-0.77,-0.11,Matches
110,Tom Cleverley\6cdd8245,eng ENG,MF,Watford,32-183,1989,17,895,53,45.2,9.9,11,68,2,6,24,4,0.71,14,19,-5,-0.50,+0.58,11.1,15.0,-3.8,-0.39,+0.58,Matches
111,Nathaniel Clyne\0442183b,eng ENG,DF,Crystal Palace,30-312,1991,2,91,46,4.4,1.0,1,90,1,1,1,16,1.50,1,1,0,0.00,+0.14,0.9,1.1,-0.2,-0.21,-0.27,Matches
112,Conor Coady\2928dca2,eng ENG,DF,Wolves,28-351,1993,22,1966,89,99.3,21.8,22,89,20,0,,0,1.55,19,17,+2,+0.09,+0.09,21.4,28.9,-7.5,-0.34,-3.73,Matches
113,Séamus Coleman\0420d84f,ie IRL,DF,Everton,33-123,1988,16,1403,88,74.2,15.6,16,88,15,0,,2,0.88,20,32,-12,-0.77,-0.58,19.2,24.1,-4.9,-0.31,-0.26,Matches
114,Nathan Collins\a8c19eb8,ie IRL,DF,Burnley,20-287,2001,5,450,90,25.0,5.0,5,90,5,0,,14,0.60,2,5,-3,-0.60,-0.07,3.7,6.1,-2.4,-0.47,+0.12,Matches
115,Aaron Connolly\27c01749,ie IRL,FW,Brighton,22-014,2000,4,156,39,7.9,1.7,1,60,0,3,32,5,1.25,2,1,+1,+0.58,+0.63,2.8,2.5,+0.3,+0.19,+0.27,Matches
116,Kamil Conteh\1d5c9842,eng ENG,MF,Watford,19-047,2002,0,,,,,0,,0,0,,1,,,,,,,,,,,,Matches
117,Liam Cooper\dc64b8b3,sct SCO,DF,Leeds United,30-165,1991,15,1274,85,64.3,14.2,15,85,14,0,,0,1.07,13,20,-7,-0.49,+0.65,18.0,22.9,-4.9,-0.34,+0.31,Matches
118,Jack Cork\74e12f1e,eng ENG,MF,Burnley,32-231,1989,8,641,80,35.6,7.1,8,80,4,0,,12,0.38,5,14,-9,-1.26,-1.11,5.2,12.0,-6.8,-0.95,-0.60,Matches
119,Maxwel Cornet\beb391dd,ci CIV,FWMF,Burnley,25-137,1996,12,765,64,42.5,8.5,10,69,1,2,40,1,0.83,13,11,+2,+0.24,+1.37,8.1,13.1,-5.0,-0.59,-0.05,Matches
120,Hélder Costa\f13d02a6,ao ANG,MF,Leeds United,28-030,1994,1,22,22,1.1,0.2,0,,0,1,22,2,0.00,0,0,0,0.00,+0.74,0.3,0.0,+0.3,+1.30,+1.77,Matches
121,Vladimír Coufal\fdf3cb77,cz CZE,DF,West Ham,29-173,1992,21,1613,77,74.7,17.9,18,88,16,3,13,1,1.62,33,24,+9,+0.50,+0.17,27.1,21.9,+5.2,+0.29,+0.45,Matches
122,Philippe Coutinho\0ef89a37,br BRA,FW,Aston Villa,29-244,1992,3,173,58,8.7,1.9,2,75,0,1,23,0,1.67,6,3,+3,+1.56,+1.91,3.8,3.0,+0.8,+0.44,+0.83,Matches
123,Conor Coventry\a5ca9127,ie IRL,MF,West Ham,21-323,2000,0,,,,,0,,0,0,,3,,,,,,,,,,,,Matches
124,Matthew Cox\fea06849,eng ENG,GK,Brentford,18-285,2003,0,,,,,0,,0,0,,10,,,,,,,,,,,,Matches
125,Aaron Cresswell\4f974391,eng ENG,DF,West Ham,32-058,1989,17,1500,88,69.4,16.7,17,88,16,0,,0,1.71,28,19,+9,+0.54,+0.27,23.1,19.1,+4.0,+0.24,+0.20,Matches
126,Charlie Cresswell\4654e5f5,eng ENG,DF,Leeds United,19-066,2002,4,95,24,4.8,1.1,1,90,1,3,2,12,1.00,1,3,-2,-1.89,-1.23,1.4,2.6,-1.2,-1.18,-0.76,Matches
127,Cucho\71b47ab9,co COL,MFFW,Watford,22-297,1999,17,703,41,35.5,7.8,6,73,3,11,24,5,0.65,14,21,-7,-0.90,-0.12,10.9,17.3,-6.3,-0.81,-0.16,Matches
128,Marc Cucurella\1daec722,es ESP,DF,Brighton,23-204,1998,19,1649,87,83.3,18.3,19,87,16,0,,0,1.26,18,18,0,0.00,0.00,21.4,22.7,-1.3,-0.07,-0.09,Matches
129,Luke Cundle\cc3b8e78,eng ENG,MF,Wolves,19-291,2002,1,1,1,0.1,0.0,0,,0,1,1,19,3.00,0,0,0,0.00,-0.09,0.0,0.0,0.0,0.00,+0.32,Matches
130,Patson Daka\ca45605e,zm ZAM,FWMF,Leicester City,23-125,1998,10,512,51,27.1,5.7,5,78,1,5,25,9,1.10,12,9,+3,+0.53,+1.05,12.3,9.3,+3.0,+0.53,+1.25,Matches
131,Vontae Daley Campbell\192d4c3d,eng ENG,DF,Leicester City,20-315,2001,0,,,,,0,,0,0,,5,,,,,,,,,,,,Matches
132,Stuart Dallas\67ca8566,nir NIR,DFMF,Leeds United,30-298,1991,22,1967,89,99.3,21.9,22,89,21,0,,0,1.05,27,43,-16,-0.73,-0.73,28.9,39.1,-10.1,-0.46,-1.48,Matches
133,Diogo Dalot\d9565625,pt POR,DF,Manchester Utd,22-330,1999,13,823,63,39.8,9.1,8,90,8,5,21,9,1.85,13,10,+3,+0.33,+0.11,15.8,11.2,+4.7,+0.51,+0.82,Matches
134,Karl Darlow\cde3309f,eng ENG,GK,Newcastle Utd,31-126,1990,8,720,90,36.4,8.0,8,90,8,0,,10,0.63,10,15,-5,-0.62,+0.45,7.4,11.9,-4.4,-0.55,+0.26,Matches
135,Josh Dasilva\60344e4f,eng ENG,MFFW,Brentford,23-111,1998,1,29,29,1.3,0.3,0,,0,1,29,0,0.00,0,1,-1,-3.10,-2.55,0.1,0.7,-0.6,-1.89,-1.77,Matches
136,Ben Davies\44781702,wls WAL,DF,Tottenham,28-293,1993,12,1021,85,54.0,11.3,11,90,11,1,31,8,1.50,16,17,-1,-0.09,-0.30,21.0,13.3,+7.7,+0.68,+0.53,Matches
137,Tom Davies\9228b07c,eng ENG,MF,Everton,23-226,1998,5,158,32,8.4,1.8,1,90,1,4,17,5,1.00,2,5,-3,-1.71,-1.19,3.4,3.9,-0.5,-0.29,-0.04,Matches
138,Keinan Davis\9deaf2c8,eng ENG,FW,Aston Villa,23-363,1998,1,12,12,0.6,0.1,0,,0,1,12,5,0.00,0,0,0,0.00,+0.18,0.1,0.0,+0.1,+0.71,+1.04,Matches
139,Craig Dawson\3e9e06cb,eng ENG,DF,West Ham,31-281,1990,21,1613,77,74.7,17.9,17,90,17,4,21,3,1.76,31,25,+6,+0.33,-0.49,24.6,23.7,+0.9,+0.05,-0.50,Matches
140,Kevin De Bruyne\e46012d4,be BEL,MF,Manchester City,30-228,1991,18,1187,66,55.0,13.2,13,84,8,5,19,1,2.33,31,10,+21,+1.59,-0.44,26.0,11.0,+15.0,+1.14,-0.88,Matches
141,Troy Deeney\82e34b69,eng ENG,FW,Watford,33-227,1988,2,25,13,1.3,0.3,0,,0,2,13,0,1.50,0,1,-1,-3.60,-2.82,0.6,1.4,-0.7,-2.61,-1.93,Matches
142,Liam Delap\dd897ee7,eng ENG,FW,Manchester City,19-003,2003,0,,,,,0,,0,0,,1,,,,,,,,,,,,Matches
143,Fabian Delph\111c3236,eng ENG,MF,Everton,32-082,1989,6,249,42,13.2,2.8,3,59,0,3,24,3,0.33,1,4,-3,-1.08,-0.54,1.7,4.6,-2.9,-1.04,-0.91,Matches
144,Leander Dendoncker\5a7301ae,be BEL,MF,Wolves,26-302,1995,18,969,54,48.9,10.8,10,90,9,8,9,4,1.72,10,8,+2,+0.19,+0.19,9.7,15.8,-6.1,-0.57,-0.49,Matches
145,Emmanuel Dennis\2c44a35d,ng NGA,FWMF,Watford,24-088,1997,20,1553,78,78.4,17.3,19,80,9,1,27,0,0.70,19,32,-13,-0.75,+0.30,17.4,28.9,-11.5,-0.67,+0.18,Matches
146,Halil Dervişoğlu\9d8cf204,tr TUR,FW,Brentford,22-065,1999,0,,,,,0,,0,0,,3,,,,,,,,,,,,Matches
147,Kiernan Dewsbury Hall\5c74c0f5,eng ENG,MF,Leicester City,23-158,1998,12,705,59,37.3,7.8,7,89,5,5,17,8,1.25,13,12,+1,+0.13,+0.58,12.5,16.4,-3.9,-0.50,-0.20,Matches
148,Amad Diallo\9dc96f10,ci CIV,FW,Manchester Utd,19-215,2002,0,,,,,0,,0,0,,1,,,,,,,,,,,,Matches
149,Ibrahima Diallo\11ff3d56,fr FRA,MF,Southampton,22-340,1999,17,740,44,35.7,8.2,7,84,6,10,16,5,1.41,11,14,-3,-0.36,-0.09,11.3,11.9,-0.6,-0.07,+0.11,Matches
150,Raphael Dias Belloli\3423f250,br BRA,MFFW,Leeds United,25-059,1996,20,1707,85,86.2,19.0,20,85,16,0,,0,1.15,24,38,-14,-0.74,-0.08,25.2,32.7,-7.5,-0.40,+0.42,Matches
151,Rúben Dias\31c69ef1,pt POR,DF,Manchester City,24-273,1997,22,1862,85,86.2,20.7,21,88,19,1,19,2,2.45,48,14,+34,+1.64,-1.07,46.7,15.1,+31.6,+1.53,-0.04,Matches
152,Luis Díaz\4a1a9578,co COL,FW,Liverpool,25-029,1997,1,89,89,4.3,1.0,1,89,0,0,,0,3.00,2,0,+2,+2.02,+0.25,2.8,0.3,+2.4,+2.47,+1.05,Matches
153,Thomas Dickson-Peters\f119a610,sct SCO,FW,Norwich City,19-148,2002,0,,,,,0,,0,0,,1,,,,,,,,,,,,Matches
154,Eric Dier\ac861941,eng ENG,DF,Tottenham,28-027,1994,19,1631,86,86.3,18.1,19,86,18,0,,0,1.74,23,19,+4,+0.22,+1.26,27.8,17.5,+10.3,+0.57,+0.99,Matches
155,Lucas Digne\1b84dbe1,fr FRA,DF,Aston Villa,28-206,1993,3,270,90,13.6,3.0,3,90,3,0,,0,1.67,6,5,+1,+0.33,+0.60,4.5,4.2,+0.3,+0.11,+0.50,Matches
156,Lucas Digne\1b84dbe1,fr FRA,DF,Everton,28-206,1993,13,1170,90,61.9,13.0,13,90,13,0,,1,1.15,16,22,-6,-0.46,+0.41,16.6,18.4,-1.9,-0.14,+0.27,Matches
157,Virgil van Dijk\e06683ca,nl NED,DF,Liverpool,30-218,1991,21,1890,90,91.3,21.0,21,90,21,0,,0,2.24,55,16,+39,+1.86,+0.86,53.1,19.7,+33.4,+1.59,+1.47,Matches
158,Issa Diop\a712ca2b,fr FRA,DF,West Ham,25-033,1997,8,716,90,33.1,8.0,8,90,7,0,,16,1.63,16,13,+3,+0.38,-0.12,12.7,11.8,+1.0,+0.12,-0.08,Matches
159,Moussa Djenepo\254147d4,ml MLI,MF,Southampton,23-241,1998,8,430,54,20.8,4.8,5,73,2,3,22,6,0.88,3,7,-4,-0.84,-0.67,6.2,7.4,-1.2,-0.25,-0.13,Matches
160,Lewis Dobbin\e814e1cf,eng ENG,FWMF,Everton,19-039,2003,3,32,11,1.7,0.4,0,,0,3,11,6,1.67,1,1,0,0.00,+0.63,0.4,0.6,-0.2,-0.69,-0.45,Matches
161,Owen Dodgson\2e590065,eng ENG,DF,Burnley,18-329,2003,0,,,,,0,,0,0,,1,,,,,,,,,,,,Matches
162,Matt Doherty\d557d734,ie IRL,DFMF,Tottenham,30-026,1992,6,237,40,12.5,2.6,1,90,1,5,29,12,1.83,4,3,+1,+0.38,+0.38,4.3,2.3,+2.0,+0.76,+0.38,Matches
163,Gabriel Dos Santos\67ac5bb8,br BRA,DF,Arsenal,24-054,1997,19,1656,87,83.6,18.4,19,87,17,0,,0,2.05,34,15,+19,+1.03,+3.81,30.6,21.3,+9.3,+0.51,+2.25,Matches
164,Abdoulaye Doucouré\02b29014,fr FRA,MF,Everton,29-041,1993,16,1414,88,74.8,15.7,16,88,15,0,,0,1.13,21,25,-4,-0.25,+1.45,19.3,20.3,-1.0,-0.06,+0.74,Matches
165,Kieran Dowell\2f6ec02a,eng ENG,FWMF,Norwich City,24-124,1997,9,342,38,16.5,3.8,4,67,0,5,15,12,0.44,3,8,-5,-1.32,+0.09,3.8,7.0,-3.3,-0.86,-0.02,Matches
166,Thomas Doyle\5526deb1,eng ENG,MF,Manchester City,20-117,2001,0,,,,,0,,0,0,,2,,,,,,,,,,,,Matches
167,Cody Drameh\e0d1510a,eng ENG,DF,Leeds United,20-065,2001,3,128,43,6.5,1.4,1,90,1,2,19,7,1.00,1,6,-5,-3.52,-2.98,1.8,4.4,-2.6,-1.85,-1.49,Matches
168,Martin Dúbravka\3a949a25,sk SVK,GK,Newcastle Utd,33-027,1989,10,900,90,45.5,10.0,10,90,10,0,,3,1.20,9,17,-8,-0.80,+0.20,9.8,16.4,-6.6,-0.66,+0.11,Matches
169,Shane Duffy\7314bba4,ie IRL,DF,Brighton,30-041,1992,14,1165,83,58.8,12.9,12,90,12,2,43,3,1.57,14,12,+2,+0.15,+0.38,13.7,13.4,+0.3,+0.02,+0.19,Matches
170,Paul Dummett\3fe6bd8c,wls WAL,DF,Newcastle Utd,30-138,1991,2,152,76,7.7,1.7,2,76,1,0,,0,2.00,1,1,0,0.00,+0.98,1.9,2.1,-0.1,-0.07,+0.70,Matches
171,Lewis Dunk\282f75f3,eng ENG,DF,Brighton,30-082,1991,14,1260,90,63.6,14.0,14,90,14,0,,1,1.36,13,15,-2,-0.14,-0.39,15.8,17.2,-1.3,-0.09,-0.10,Matches
172,Ederson\3bb7b8b4,br BRA,GK,Manchester City,28-178,1993,23,2070,90,95.8,23.0,23,90,23,0,,0,2.48,55,14,+41,+1.78,-0.22,51.6,15.7,+35.9,+1.56,+0.65,Matches
173,Odsonne Édouard\0562b7f1,fr FRA,FW,Crystal Palace,24-026,1998,20,1173,59,56.7,13.0,14,77,4,6,15,0,1.15,21,18,+3,+0.23,+0.83,18.0,15.8,+2.1,+0.16,+0.27,Matches
174,Samuel Edozie\007414dd,eng ENG,FW,Manchester City,19-014,2003,0,,,,,0,,0,0,,1,,,,,,,,,,,,Matches
175,CJ Egan-Riley\d313e8ff,eng ENG,DF,Manchester City,19-040,2003,0,,,,,0,,0,0,,1,,,,,,,,,,,,Matches
176,Pierre Ekwah Elimby\830371be,fr FRA,DF,West Ham,20-027,2002,0,,,,,0,,0,0,,1,,,,,,,,,,,,Matches
177,Anthony Elanga\2fba6108,se SWE,FW,Manchester Utd,19-290,2002,6,256,43,12.4,2.8,3,76,1,3,9,3,1.83,6,2,+4,+1.41,+1.31,4.2,3.6,+0.6,+0.22,+0.23,Matches
178,Rob Elliot\b1b25949,ie IRL,GK,Watford,35-287,1986,0,,,,,0,,0,0,,8,,,,,,,,,,,,Matches
179,Harvey Elliott\c8387671,eng ENG,MF,Liverpool,18-313,2003,5,282,56,13.6,3.1,3,81,2,2,20,0,2.60,6,1,+5,+1.60,-0.22,9.9,3.3,+6.6,+2.11,+0.75,Matches
180,Mohamed Elneny\47a34c4f,eg EGY,MF,Arsenal,29-215,1992,7,176,25,8.9,2.0,1,90,1,6,14,10,1.29,4,6,-2,-1.02,-1.57,3.3,4.5,-1.2,-0.60,-0.81,Matches
181,Mohamed Elyounoussi\68dc0dac,no NOR,MF,Southampton,27-191,1994,16,1040,65,50.2,11.6,11,83,6,5,24,4,1.38,14,14,0,0.00,+0.61,19.2,13.0,+6.2,+0.54,+1.36,Matches
182,Emerson\df8b52a5,br BRA,DF,Tottenham,23-028,1999,16,1328,83,70.3,14.8,15,86,12,1,45,1,1.50,20,21,-1,-0.07,-0.39,24.5,16.0,+8.6,+0.58,+0.50,Matches
183,Oghenekaro Etebo\b579e83d,ng NGA,MF,Watford,26-094,1995,6,371,62,18.7,4.1,4,87,3,2,13,0,1.17,3,6,-3,-0.73,+0.11,3.1,5.2,-2.1,-0.50,+0.25,Matches
184,Jonny Evans\f8fcd2a5,nir NIR,DF,Leicester City,34-039,1988,10,752,75,39.8,8.4,9,80,7,1,30,1,1.40,13,16,-3,-0.36,-0.20,12.3,14.0,-1.7,-0.20,+0.28,Matches
185,Eberechi Eze\ae4fc6a4,eng ENG,MFFW,Crystal Palace,23-227,1998,5,136,27,6.6,1.5,1,64,0,4,18,5,0.40,1,2,-1,-0.66,-0.57,1.0,2.7,-1.7,-1.12,-1.25,Matches
186,Łukasz Fabiański\9328b835,pl POL,GK,West Ham,36-299,1985,23,2070,90,95.8,23.0,23,90,23,0,,0,1.74,42,30,+12,+0.52,+1.52,33.7,28.0,+5.7,+0.25,+1.73,Matches
187,Fabinho\7f3b388c,br BRA,MF,Liverpool,28-111,1993,17,1432,84,69.2,15.9,16,88,14,1,30,0,2.18,39,14,+25,+1.57,-0.69,39.5,15.3,+24.1,+1.52,+0.17,Matches
188,Josh Feeney\185321d3,eng ENG,DF,Aston Villa,16-281,2005,0,,,,,0,,0,0,,1,,,,,,,,,,,,Matches
189,Kiko Femenía\e5d01ecf,es ESP,DF,Watford,31-009,1991,15,1128,75,57.0,12.5,14,79,8,1,25,0,0.60,12,25,-13,-1.04,-0.51,12.6,22.0,-9.4,-0.75,-0.10,Matches
190,Evan Ferguson\4596da74,ie IRL,FW,Brighton,17-115,2004,0,,,,,0,,0,0,,5,,,,,,,,,,,,Matches
191,Nathan Ferguson\2f8d27bc,eng ENG,DF,Crystal Palace,21-128,2000,1,9,9,0.4,0.1,0,,0,1,9,3,0.00,0,0,0,0.00,+0.13,0.0,0.6,-0.6,-5.90,-5.97,Matches
192,Bruno Fernandes\507c7bdf,pt POR,MF,Manchester Utd,27-156,1994,22,1858,84,89.8,20.6,21,87,13,1,31,0,1.64,32,30,+2,+0.10,-1.60,30.4,31.5,-1.1,-0.05,-0.68,Matches
193,Álvaro Fernández\f127d782,es ESP,GK,Brentford,23-304,1998,12,1080,90,50.0,12.0,12,90,12,0,,11,0.92,13,24,-11,-0.92,-0.67,11.3,17.7,-6.4,-0.54,-0.80,Matches
194,Federico Fernández\f25b010f,ar ARG,DF,Newcastle Utd,32-355,1989,7,523,75,26.4,5.8,5,87,4,2,43,4,0.86,7,12,-5,-0.86,+0.07,7.9,10.3,-2.4,-0.41,+0.42,Matches
195,Fernandinho\101da2b5,br BRA,MF,Manchester City,36-283,1985,12,520,43,24.1,5.8,5,85,4,7,14,12,2.58,15,7,+8,+1.38,-0.54,11.1,6.3,+4.9,+0.84,-0.91,Matches
196,Roberto Firmino\4c370d81,br BRA,FW,Liverpool,30-132,1991,14,665,48,32.1,7.4,7,73,1,7,22,0,2.07,24,8,+16,+2.17,+0.56,17.9,8.3,+9.6,+1.30,-0.24,Matches
197,Junior Firpo\24f59bb2,es ESP,DF,Leeds United,25-173,1996,14,927,66,46.8,10.3,11,73,6,3,41,0,1.14,13,24,-11,-1.07,-0.64,13.7,20.6,-6.9,-0.67,-0.40,Matches
198,Ashley Fletcher\eeb6551f,eng ENG,FW,Watford,26-132,1995,3,30,10,1.5,0.3,0,,0,3,10,14,0.00,0,0,0,0.00,+0.83,0.9,0.2,+0.7,+2.20,+2.95,Matches
199,Phil Foden\ed1e53f3,eng ENG,FW,Manchester City,21-259,2000,16,1168,73,54.1,13.0,13,84,8,3,25,3,2.44,30,7,+23,+1.77,-0.04,28.7,9.3,+19.3,+1.49,-0.09,Matches
200,Pablo Fornals\82927de4,es ESP,MFFW,West Ham,25-354,1996,22,1693,77,78.4,18.8,20,83,12,2,16,0,1.55,30,22,+8,+0.43,-0.15,23.6,22.8,+0.8,+0.04,-0.61,Matches
201,Adam Forshaw\9f1938ab,eng ENG,MF,Leeds United,30-126,1991,13,858,66,43.3,9.5,10,81,7,3,16,4,1.23,12,20,-8,-0.84,-0.20,11.2,18.0,-6.8,-0.71,-0.45,Matches
202,Marcus Forss\82c215a0,fi FIN,FWMF,Brentford,22-238,1999,7,209,30,9.7,2.3,1,90,1,6,20,16,0.86,4,4,0,0.00,+0.65,4.6,4.5,+0.1,+0.06,+0.22,Matches
203,Fraser Forster\c3e39f12,eng ENG,GK,Southampton,33-331,1988,6,540,90,26.1,6.0,6,90,6,0,,14,1.83,13,10,+3,+0.50,+1.09,7.9,10.1,-2.2,-0.37,-0.31,Matches
204,Ben Foster\d0b3ceb9,eng ENG,GK,Watford,38-314,1983,11,990,90,50.0,11.0,11,90,11,0,,2,1.09,14,15,-1,-0.09,+1.45,13.7,19.4,-5.6,-0.51,+0.39,Matches
205,Tariqe Fosu\3dcef539,gh GHA,FWMF,Brentford,26-098,1995,0,,,,,0,,0,0,,1,,,,,,,,,,,,Matches
206,Ryan Fraser\d56543a0,sct SCO,MFFW,Newcastle Utd,27-352,1994,17,845,50,42.7,9.4,10,72,3,7,17,3,0.76,11,16,-5,-0.53,+0.66,8.6,15.7,-7.1,-0.76,-0.06,Matches
207,Fred\b853e0ad,br BRA,MF,Manchester Utd,28-343,1993,18,1427,79,68.9,15.9,17,84,11,1,1,3,1.94,23,19,+4,+0.25,-0.03,21.4,23.1,-1.8,-0.11,-0.42,Matches
208,Ryan Fredericks\c067631c,eng ENG,DF,West Ham,29-124,1992,2,24,12,1.1,0.3,0,,0,2,12,10,1.50,0,1,-1,-3.75,-4.26,0.2,1.2,-1.0,-3.61,-3.83,Matches
209,Leo Fuhr Hjelde\d102b8a2,no NOR,DF,Leeds United,18-169,2003,1,68,68,3.4,0.8,0,,0,1,68,9,3.00,2,2,0,0.00,+0.75,2.0,2.0,0.0,-0.04,+0.43,Matches
210,Conor Gallagher\c2731c10,eng ENG,MF,Crystal Palace,22-005,2000,20,1750,88,84.5,19.4,20,88,16,0,,0,1.10,26,29,-3,-0.15,-0.15,23.8,22.3,+1.5,+0.08,+0.23,Matches
211,Dwight Gayle\e58a03c6,eng ENG,FW,Newcastle Utd,31-117,1990,4,31,8,1.6,0.3,0,,0,4,8,16,0.75,0,0,0,0.00,+0.92,0.5,0.3,+0.3,+0.74,+1.48,Matches
212,Jean-Philippe Gbamin\6bd603db,ci CIV,MF,Everton,26-139,1995,3,67,22,3.5,0.7,1,45,0,2,11,13,0.67,1,2,-1,-1.34,-0.75,0.8,1.3,-0.5,-0.65,-0.42,Matches
213,David de Gea\7ba6d84e,es ESP,GK,Manchester Utd,31-096,1990,23,2070,90,100.0,23.0,23,90,23,0,,0,1.70,37,31,+6,+0.26,,34.0,33.5,+0.4,+0.02,,Matches
214,Joe Gelhardt\01962d0d,eng ENG,FW,Leeds United,19-283,2002,8,318,40,16.1,3.5,2,88,1,6,24,7,0.50,6,11,-5,-1.42,-0.82,5.2,8.9,-3.7,-1.05,-0.71,Matches
215,Anwar El Ghazi\ffa90327,nl NED,FWMF,Aston Villa,26-284,1995,9,386,43,19.5,4.3,4,79,2,5,14,9,1.11,6,8,-2,-0.47,-0.35,3.6,7.0,-3.4,-0.80,-0.60,Matches
216,Anwar El Ghazi\ffa90327,nl NED,FWMF,Everton,26-284,1995,0,,,,,0,,0,0,,2,,,,,,,,,,,,Matches
217,Saman Ghoddos\f7b1d4e0,ir IRN,MFDF,Brentford,28-158,1993,13,418,32,19.4,4.6,3,61,0,10,23,11,0.69,8,4,+4,+0.86,+1.79,8.3,5.5,+2.8,+0.60,+0.91,Matches
218,Dimitris Giannoulis\112c495e,gr GRE,DF,Norwich City,26-117,1995,11,546,50,26.4,6.1,7,71,4,4,13,11,0.82,1,12,-11,-1.81,-0.57,5.4,9.7,-4.3,-0.70,+0.19,Matches
219,Liam Gibbs\e4b6d914,eng ENG,MF,Norwich City,19-057,2002,0,,,,,0,,0,0,,1,,,,,,,,,,,,Matches
220,Morgan Gibbs-White\32f60ed8,eng ENG,FWMF,Wolves,22-015,2000,2,9,5,0.5,0.1,0,,0,2,5,1,0.00,0,0,0,0.00,-0.09,0.3,0.0,+0.3,+2.55,+2.89,Matches
221,Ben Gibson\bcfb0142,eng ENG,DF,Norwich City,29-027,1993,19,1684,89,81.4,18.7,19,89,18,0,,2,0.89,12,37,-25,-1.34,+0.30,16.0,31.1,-15.1,-0.81,+0.17,Matches
222,Mark Gillespie\e32958b7,eng ENG,GK,Newcastle Utd,29-321,1992,0,,,,,0,,0,0,,10,,,,,,,,,,,,Matches
223,Billy Gilmour\df10e27c,sct SCO,MF,Norwich City,20-245,2001,13,1080,83,52.2,12.0,12,88,9,1,27,6,0.46,5,29,-24,-2.00,-1.27,11.4,20.2,-8.8,-0.74,+0.22,Matches
224,Ben Godfrey\9f7c837d,eng ENG,DF,Everton,24-027,1998,17,1489,88,78.8,16.5,17,88,15,0,,0,0.71,15,32,-17,-1.03,-1.93,17.6,24.8,-7.2,-0.43,-0.88,Matches
225,Pierluigi Gollini\f0f7f62f,it ITA,GK,Tottenham,26-330,1995,0,,,,,0,,0,0,,20,,,,,,,,,,,,Matches
226,André Gomes\1961b2aa,pt POR,MF,Everton,28-196,1993,10,455,46,24.1,5.1,5,72,2,5,19,0,1.00,7,12,-5,-0.99,-0.49,5.2,8.6,-3.5,-0.69,-0.58,Matches
227,Toti Gomes\f0caab96,pt POR,DF,Wolves,23-026,1999,2,180,90,9.1,2.0,2,90,2,0,,1,3.00,5,2,+3,+1.50,+1.55,2.4,2.3,+0.1,+0.05,+0.40,Matches
228,Joe Gomez\7a11550b,eng ENG,DF,Liverpool,24-264,1997,4,16,4,0.8,0.2,0,,0,4,4,13,2.00,0,1,-1,-5.63,-7.47,0.4,0.6,-0.2,-1.27,-2.75,Matches
229,Charlie Goode\7aee4dd3,eng ENG,DF,Brentford,26-192,1995,6,450,75,20.8,5.0,4,90,4,2,45,6,1.33,6,6,0,0.00,+0.74,6.6,6.4,+0.2,+0.04,+0.22,Matches
230,Anthony Gordon\2bd83368,eng ENG,MFFW,Everton,20-352,2001,18,1006,56,53.2,11.2,10,85,6,8,20,2,0.67,10,21,-11,-0.98,-0.78,12.4,16.0,-3.6,-0.32,-0.15,Matches
231,Kaide Gordon\19a9cb70,eng ENG,FW,Liverpool,17-129,2004,1,9,9,0.4,0.1,0,,0,1,9,3,3.00,0,0,0,0.00,-1.79,0.5,0.2,+0.3,+3.34,+1.89,Matches
232,Dan Gosling\7fec31a0,eng ENG,MF,Watford,32-010,1990,1,22,22,1.1,0.2,0,,0,1,22,10,3.00,0,2,-2,-8.18,-7.45,0.0,1.0,-0.9,-3.85,-3.18,Matches
233,Archie Gray\f58515f5,eng ENG,FW,Leeds United,15-336,2006,0,,,,,0,,0,0,,2,,,,,,,,,,,,Matches
234,Demarai Gray\4468ec10,eng ENG,MFFW,Everton,25-228,1996,20,1530,77,81.0,17.0,19,79,7,1,21,0,0.90,23,26,-3,-0.18,+2.32,22.0,19.5,+2.5,+0.15,+2.07,Matches
235,Jack Grealish\b0b4fd3e,eng ENG,FW,Manchester City,26-154,1995,17,1266,74,58.6,14.1,15,83,8,2,14,5,2.29,29,4,+25,+1.78,-0.03,31.2,7.1,+24.1,+1.71,+0.44,Matches
236,Mason Greenwood\58eee997,eng ENG,FWMF,Manchester Utd,20-133,2001,18,1271,71,61.4,14.1,16,76,4,2,27,3,1.72,22,18,+4,+0.28,+0.06,20.4,18.7,+1.7,+0.12,+0.26,Matches
237,Sam Greenwood\f3354c07,eng ENG,MF,Leeds United,20-016,2002,1,13,13,0.7,0.1,0,,0,1,13,8,0.00,0,1,-1,-6.92,-6.24,0.0,0.4,-0.4,-2.63,-2.20,Matches
238,Pascal Groß\8aec0537,de GER,MFDF,Brighton,30-241,1991,15,1049,70,53.0,11.7,13,79,6,2,10,4,1.20,6,12,-6,-0.51,-1.09,13.1,15.1,-2.0,-0.17,-0.24,Matches
239,Vicente Guaita\ab13a5aa,es ESP,GK,Crystal Palace,35-032,1987,20,1800,90,87.0,20.0,20,90,20,0,,2,1.15,29,29,0,0.00,+1.00,26.9,22.4,+4.5,+0.23,+1.40,Matches
240,Marc Guéhi\d0706b27,eng ENG,DF,Crystal Palace,21-213,2000,22,1980,90,95.7,22.0,22,90,22,0,,1,1.14,32,32,0,0.00,+3.00,28.5,25.2,+3.3,+0.15,+2.43,Matches
241,Frederic Guilbert\5d8d7454,fr FRA,DFMF,Aston Villa,27-049,1994,0,,,,,0,,0,0,,1,,,,,,,,,,,,Matches
242,Bruno Guimarães\82518f62,br BRA,MF,Newcastle Utd,24-087,1997,1,1,1,0.1,0.0,0,,0,1,1,0,3.00,0,0,0,0.00,+0.91,0.3,0.0,+0.3,+25.86,+26.60,Matches
243,İlkay Gündoğan\819b3158,de GER,MF,Manchester City,31-110,1990,16,1083,68,50.1,12.0,12,82,8,4,25,5,2.69,33,5,+28,+2.33,+1.07,30.4,7.1,+23.4,+1.94,+0.82,Matches
244,Angus Gunn\e082af5b,eng ENG,GK,Norwich City,26-020,1996,4,360,90,17.4,4.0,4,90,4,0,,19,1.00,4,9,-5,-1.25,+0.17,2.6,6.7,-4.1,-1.04,-0.24,Matches
245,Patrik Gunnarsson\4d39152d,is ISL,GK,Brentford,21-088,2000,0,,,,,0,,0,0,,1,,,,,,,,,,,,Matches
246,Lewis Hall\da011f18,eng ENG,MF,Chelsea,17-156,2004,0,,,,,0,,0,0,,2,,,,,,,,,,,,Matches
247,Grant Hanley\e9254eec,sct SCO,DF,Norwich City,30-083,1991,19,1637,86,79.1,18.2,19,86,17,0,,0,0.74,12,34,-22,-1.21,+0.87,15.0,28.4,-13.4,-0.74,+0.50,Matches
248,Reece Hannam\974b8e7f,eng ENG,DF,Crystal Palace,21-145,2000,0,,,,,0,,0,0,,2,,,,,,,,,,,,Matches
249,Jack Harrison\aa849a12,eng ENG,MFFW,Leeds United,25-083,1996,19,1436,76,72.5,16.0,17,77,10,2,61,2,0.84,19,39,-20,-1.25,-1.92,18.1,31.5,-13.4,-0.84,-1.41,Matches
250,Kortney Hause\bf8fad51,eng ENG,DF,Aston Villa,26-210,1995,7,397,57,20.1,4.4,4,87,3,3,16,15,1.14,6,9,-3,-0.68,-0.62,5.8,6.7,-0.9,-0.20,+0.15,Matches
251,Kai Havertz\fed7cb61,de GER,FWMF,Chelsea,22-245,1999,16,945,59,43.8,10.5,12,73,4,4,17,5,2.13,27,8,+19,+1.81,+0.99,18.5,12.3,+6.2,+0.59,-0.34,Matches
252,Isaac Hayden\c951a6df,eng ENG,MFDF,Newcastle Utd,26-326,1995,14,1002,72,50.6,11.1,12,82,9,2,11,3,0.36,11,25,-14,-1.26,-0.71,8.9,19.5,-10.6,-0.95,-0.47,Matches
253,Maxwell Haygarth\2294d430,eng ENG,MF,Brentford,20-021,2002,0,,,,,0,,0,0,,1,,,,,,,,,,,,Matches
254,Tom Heaton\a6de6361,eng ENG,GK,Manchester Utd,35-302,1986,0,,,,,0,,0,0,,10,,,,,,,,,,,,Matches
255,Hwang Hee-chan\169fd162,kr KOR,FWMF,Wolves,26-016,1996,14,979,70,49.4,10.9,11,80,1,3,32,1,1.71,11,7,+4,+0.37,+0.55,9.9,14.1,-4.2,-0.39,-0.14,Matches
256,Dean Henderson\e5a76dfe,eng ENG,GK,Manchester Utd,24-336,1997,0,,,,,0,,0,0,,16,,,,,,,,,,,,Matches
257,Jordan Henderson\935e6b8f,eng ENG,MF,Liverpool,31-239,1990,20,1567,78,75.7,17.4,18,85,12,2,22,0,2.20,46,17,+29,+1.67,-0.48,41.8,16.7,+25.2,+1.44,-0.08,Matches
258,Jeff Hendrick\989d5705,ie IRL,MF,Newcastle Utd,30-011,1992,3,72,24,3.6,0.8,0,,0,3,24,14,0.00,1,3,-2,-2.50,-1.65,0.8,1.4,-0.7,-0.86,-0.15,Matches
259,Wayne Hennessey\76eca7e2,wls WAL,GK,Burnley,35-018,1987,2,180,90,10.0,2.0,2,90,2,0,,18,0.00,2,6,-4,-2.00,-1.61,1.8,3.6,-1.8,-0.92,-0.39,Matches
260,Rico Henry\8a3c1dc7,eng ENG,DF,Brentford,24-218,1997,20,1564,78,72.4,17.4,19,81,13,1,27,0,1.00,20,26,-6,-0.35,+0.86,20.6,22.1,-1.5,-0.09,+0.18,Matches
261,Son Heung-min\92e7e919,kr KOR,FWMF,Tottenham,29-218,1992,18,1573,87,83.2,17.5,18,87,13,0,,0,1.83,25,20,+5,+0.29,+1.42,27.5,18.9,+8.7,+0.50,+0.36,Matches
262,Ki-Jana Hoever\9a71e978,nl NED,DF,Wolves,20-024,2002,6,194,32,9.8,2.2,2,90,2,4,4,15,1.00,0,3,-3,-1.39,-1.64,1.8,2.9,-1.1,-0.51,-0.21,Matches
263,Rob Holding\d79a8c87,eng ENG,DF,Arsenal,26-144,1995,7,430,61,21.7,4.8,4,90,4,3,23,14,1.43,5,8,-3,-0.63,-1.32,4.7,8.7,-4.1,-0.85,-1.26,Matches
264,Mason Holgate\d0042ab9,eng ENG,DF,Everton,25-112,1996,10,788,79,41.7,8.8,8,90,8,2,34,8,1.10,13,15,-2,-0.23,+0.67,11.5,13.1,-1.5,-0.17,+0.13,Matches
265,Conor Hourihane\fcab00a0,ie IRL,MF,Aston Villa,31-009,1991,0,,,,,0,,0,0,,2,,,,,,,,,,,,Matches
266,Callum Hudson-Odoi\15f3ec41,eng ENG,FWMF,Chelsea,21-096,2000,15,962,64,44.5,10.7,11,80,3,4,20,7,1.93,24,8,+16,+1.50,+0.45,18.5,8.8,+9.7,+0.91,+0.24,Matches
267,Will Hughes\a0666d3e,eng ENG,MF,Crystal Palace,26-300,1995,9,665,74,32.1,7.4,8,82,4,1,11,9,1.00,10,14,-4,-0.54,-0.61,9.6,11.8,-2.2,-0.30,-0.51,Matches
268,Omari Hutchinson\bd9553e6,eng ENG,DF,Arsenal,18-104,2003,0,,,,,0,,0,0,,1,,,,,,,,,,,,Matches
269,Pierre Højbjerg\8b04d6c1,dk DEN,MF,Tottenham,26-190,1995,20,1756,88,92.9,19.5,20,88,17,0,,0,1.75,25,23,+2,+0.10,+0.77,28.4,21.8,+6.6,+0.34,-1.39,Matches
270,Adam Idah\291e3ec3,ie IRL,FWMF,Norwich City,20-337,2001,17,625,37,30.2,6.9,6,83,3,11,12,6,0.76,7,11,-4,-0.58,+1.17,7.2,11.4,-4.3,-0.62,+0.32,Matches
271,Kelechi Iheanacho\c92e1a31,ng NGA,FWMF,Leicester City,25-131,1996,15,623,42,33.0,6.9,6,71,2,9,22,3,1.13,10,14,-4,-0.58,-0.51,9.5,13.3,-3.8,-0.55,-0.27,Matches
272,Danny Ings\07802f7f,eng ENG,FW,Aston Villa,29-203,1992,16,1120,70,56.6,12.4,13,82,5,3,20,2,1.25,14,20,-6,-0.48,-0.69,13.6,16.5,-3.0,-0.24,+0.19,Matches
273,Tim Iroegbunam\84c5ceea,,DF,Aston Villa,,,0,,,,,0,,0,0,,7,,,,,,,,,,,,Matches
274,Alex Iwobi\6ca5ec4b,ng NGA,MFFW,Everton,25-284,1996,13,714,55,37.8,7.9,7,82,2,6,23,5,1.31,9,17,-8,-1.01,-0.63,9.4,14.4,-4.9,-0.62,-0.60,Matches
275,Karl Jakob Hein\aa81d8f8,ee EST,GK,Arsenal,19-304,2002,0,,,,,0,,0,0,,1,,,,,,,,,,,,Matches
276,Eldin Jakupović\1148323a,ch SUI,GK,Leicester City,37-132,1984,0,,,,,0,,0,0,,3,,,,,,,,,,,,Matches
277,Daniel James\c931d9f9,wls WAL,FWMF,Leeds United,24-093,1997,18,1335,74,67.4,14.8,16,80,10,2,26,0,1.17,21,20,+1,+0.07,+2.44,20.4,23.1,-2.8,-0.19,+0.82,Matches
278,Daniel James\c931d9f9,wls WAL,FW,Manchester Utd,24-093,1997,2,126,63,6.1,1.4,2,63,0,0,,1,3.00,5,1,+4,+2.86,+2.76,1.8,1.1,+0.7,+0.50,+0.51,Matches
279,Reece James\1265a93a,eng ENG,DF,Chelsea,22-065,1999,16,1114,70,51.6,12.4,14,78,11,2,13,1,1.88,27,9,+18,+1.45,+0.42,27.1,10.0,+17.1,+1.38,+1.25,Matches
280,Vitaly Janelt\8449d35e,de GER,MF,Brentford,23-277,1998,18,1349,75,62.5,15.0,16,82,8,2,17,0,1.11,20,24,-4,-0.27,+0.84,18.8,20.2,-1.4,-0.09,+0.12,Matches
281,Pontus Jansson\172e52d8,se SWE,DF,Brentford,30-363,1991,24,2151,90,99.6,23.9,24,90,23,0,,0,0.96,26,40,-14,-0.59,-0.59,27.6,31.0,-3.3,-0.14,-0.58,Matches
282,Jack Jenkins\3d46127c,eng ENG,MF,Leeds United,19-325,2002,0,,,,,0,,0,0,,9,,,,,,,,,,,,Matches
283,Mathias Jensen\0f134faf,dk DEN,MF,Brentford,26-041,1996,18,939,52,43.5,10.4,11,71,5,7,22,3,0.61,4,22,-18,-1.73,-2.02,10.9,14.5,-3.6,-0.34,-0.37,Matches
284,Gabriel Jesus\b66315ae,br BRA,FW,Manchester City,24-314,1997,19,1324,70,61.3,14.7,15,84,9,4,18,3,2.37,30,8,+22,+1.50,-0.77,29.6,8.7,+20.9,+1.42,-0.29,Matches
285,Raúl Jiménez\b561db50,mx MEX,FW,Wolves,30-282,1991,20,1643,82,83.0,18.3,19,86,14,1,3,0,1.40,12,12,0,0.00,-0.53,17.7,21.9,-4.2,-0.23,+0.52,Matches
286,Joelinton\c17bfb65,br BRA,MFFW,Newcastle Utd,25-181,1996,21,1434,68,72.4,15.9,16,85,13,5,14,1,0.86,18,33,-15,-0.94,-0.12,17.3,26.3,-9.0,-0.56,+0.58,Matches
287,Ryan John Giles\73b1d65b,eng ENG,MF,Wolves,22-016,2000,0,,,,,0,,0,0,,2,,,,,,,,,,,,Matches
288,Ben Johnson\9319781b,eng ENG,DF,West Ham,22-018,2000,11,801,73,37.1,8.9,10,80,7,1,1,9,2.27,18,10,+8,+0.90,+0.70,13.0,10.4,+2.6,+0.29,+0.19,Matches
289,Curtis Jones\4fb9c88f,eng ENG,MF,Liverpool,21-012,2001,9,561,62,27.1,6.2,6,80,3,3,27,3,2.11,19,7,+12,+1.93,+0.20,12.3,8.2,+4.0,+0.65,-1.12,Matches
290,Phil Jones\def899bd,eng ENG,DF,Manchester Utd,29-355,1992,1,90,90,4.3,1.0,1,90,1,0,,9,0.00,0,1,-1,-1.00,-1.32,0.8,0.7,+0.1,+0.09,+0.07,Matches
291,Bruno Jordão\41ff002d,pt POR,MF,Wolves,23-122,1998,0,,,,,0,,0,0,,4,,,,,,,,,,,,Matches
292,Jorginho\45db685d,it ITA,MF,Chelsea,30-053,1991,20,1525,76,70.6,16.9,17,85,11,3,28,3,2.00,39,13,+26,+1.53,+0.97,31.9,13.6,+18.2,+1.08,+1.01,Matches
293,Diogo Jota\178ae8f8,pt POR,FW,Liverpool,25-069,1996,22,1633,74,78.9,18.1,19,81,6,3,31,1,2.18,44,14,+30,+1.65,-0.61,45.7,18.7,+27.0,+1.49,+0.11,Matches
294,James Justin\fb614c44,eng ENG,DF,Leicester City,23-353,1998,3,218,73,11.5,2.4,2,90,2,1,38,0,0.33,2,5,-3,-1.24,-1.13,3.3,5.7,-2.4,-0.99,-0.70,Matches
295,Mathias Jørgensen\0db5d2c8,dk DEN,DF,Brentford,31-294,1990,7,428,61,19.8,4.8,5,74,4,2,29,1,1.00,6,10,-4,-0.84,-0.32,5.9,6.7,-0.8,-0.17,-0.04,Matches
296,Ozan Kabak\2d61d13a,tr TUR,DF,Norwich City,21-323,2000,9,742,82,35.8,8.2,9,82,7,0,,7,0.22,2,20,-18,-2.18,-1.23,5.1,13.9,-8.7,-1.06,-0.34,Matches
297,Christian Kabasele\914ab9a1,be BEL,DF,Watford,30-352,1991,4,293,73,14.8,3.3,3,90,3,1,23,11,0.75,3,7,-4,-1.23,-0.48,3.3,3.5,-0.2,-0.05,+0.77,Matches
298,Samuel Kalu\b8d22478,ng NGA,FWMF,Watford,24-169,1997,0,,,,,0,,0,0,,1,,,,,,,,,,,,Matches
299,Hassane Kamara\19a12bed,ci CIV,DF,Watford,27-145,1994,4,353,88,17.8,3.9,4,88,3,0,,0,0.50,1,4,-3,-0.76,+0.06,3.7,3.6,+0.2,+0.04,+0.91,Matches
300,Harry Kane\21a66f6a,eng ENG,FW,Tottenham,28-198,1993,20,1702,85,90.1,18.9,19,89,18,1,19,0,1.65,25,27,-2,-0.11,-1.54,29.8,20.9,+8.9,+0.47,+0.39,Matches
301,N'Golo Kanté\b9fbae28,fr FRA,MF,Chelsea,30-319,1991,15,959,64,44.4,10.7,11,78,6,4,27,1,1.80,14,9,+5,+0.47,-1.40,13.6,8.9,+4.7,+0.44,-0.61,Matches
302,Michał Karbownik\1b280c66,pl POL,DF,Brighton,20-335,2001,0,,,,,0,,0,0,,1,,,,,,,,,,,,Matches
303,Edo Kayembe\f99b71de,cd COD,MF,Watford,23-192,1998,4,325,81,16.4,3.6,4,81,2,0,,0,0.50,1,5,-4,-1.11,-0.35,3.7,3.2,+0.5,+0.14,+1.02,Matches
304,Moise Kean\3d50bcdb,it ITA,FW,Everton,21-348,2000,1,1,1,0.1,0.0,0,,0,1,1,0,1.00,0,0,0,0.00,+0.62,0.1,0.4,-0.3,-29.84,-29.61,Matches
305,Michael Keane\c5b7c315,eng ENG,DF,Everton,29-031,1993,20,1800,90,95.2,20.0,20,90,20,0,,1,0.95,25,37,-12,-0.60,+0.40,23.9,29.7,-5.8,-0.29,-0.88,Matches
306,Naby Keïta\f25c8e3a,gn GUI,MF,Liverpool,27-001,1995,11,527,48,25.5,5.9,6,70,2,5,21,4,2.18,21,3,+18,+3.07,+1.73,15.1,6.5,+8.6,+1.47,+0.01,Matches
307,Caoimhín Kelleher\62d7ef38,ie IRL,GK,Liverpool,23-080,1998,2,180,90,8.7,2.0,2,90,2,0,,19,2.00,7,2,+5,+2.50,+0.79,4.9,1.8,+3.1,+1.57,+0.12,Matches
308,Martin Kelly\d7492450,eng ENG,DFMF,Crystal Palace,31-290,1990,0,,,,,0,,0,0,,20,,,,,,,,,,,,Matches
309,Nohan Kenneh\bc91e227,eng ENG,MF,Leeds United,19-032,2003,0,,,,,0,,0,0,,5,,,,,,,,,,,,Matches
310,Jonjoe Kenny\099e666f,eng ENG,DF,Everton,24-333,1997,4,266,67,14.1,3.0,3,85,2,1,11,17,0.25,3,5,-2,-0.68,-0.07,3.2,4.9,-1.7,-0.58,-0.38,Matches
311,Kaine Kessler\9b066938,eng ENG,DF,Aston Villa,18-262,2003,0,,,,,0,,0,0,,2,,,,,,,,,,,,Matches
312,Max Kilman\d0f72bf1,eng ENG,DF,Wolves,24-264,1997,22,1979,90,99.9,22.0,22,90,21,0,,0,1.55,19,17,+2,+0.09,+0.09,21.9,28.8,-7.0,-0.32,+3.07,Matches
313,Joshua King\43458538,no NOR,FW,Watford,30-027,1992,20,1626,81,82.1,18.1,19,84,16,1,26,0,0.60,20,30,-10,-0.55,+1.48,21.9,31.4,-9.5,-0.53,+1.01,Matches
314,Kristoffer Klaesson\3f70db80,no NOR,GK,Leeds United,21-076,2000,0,,,,,0,,0,0,,22,,,,,,,,,,,,Matches
315,Mateusz Klich\282679b4,pl POL,MF,Leeds United,31-243,1990,17,1199,71,60.6,13.3,14,77,5,3,40,4,1.00,18,29,-11,-0.83,-0.25,17.6,22.1,-4.5,-0.34,+0.30,Matches
316,Robin Koch\ea6bc03a,de GER,MFDF,Leeds United,25-209,1996,6,540,90,27.3,6.0,6,90,6,0,,0,1.17,11,16,-5,-0.83,-0.15,9.0,10.5,-1.5,-0.25,+0.27,Matches
317,Sead Kolašinac\3935e52e,ba BIH,DF,Arsenal,28-236,1993,2,91,46,4.6,1.0,1,90,1,1,1,2,1.50,0,5,-5,-4.95,-5.61,0.1,3.8,-3.7,-3.64,-3.96,Matches
318,Ibrahima Konaté\5ed9b537,fr FRA,DF,Liverpool,22-262,1999,7,630,90,30.4,7.0,7,90,7,0,,16,2.14,21,7,+14,+2.00,+0.31,15.3,9.4,+5.9,+0.84,-0.89,Matches
319,Ezri Konsa\0313a347,eng ENG,DF,Aston Villa,24-111,1997,21,1798,86,90.8,20.0,21,86,17,0,,0,1.29,29,31,-2,-0.10,+0.89,21.6,29.5,-7.9,-0.40,-0.85,Matches
320,Cheikhou Kouyaté\8d3c902d,sn SEN,MF,Crystal Palace,32-052,1989,17,1320,78,63.8,14.7,15,85,10,2,22,2,1.24,17,22,-5,-0.34,-0.58,16.1,17.9,-1.8,-0.12,-0.46,Matches
321,Mateo Kovačić\79c0821a,hr CRO,MF,Chelsea,27-281,1994,16,1127,70,52.2,12.5,12,85,9,4,28,0,2.00,26,6,+20,+1.60,+0.73,18.9,11.0,+7.8,+0.63,-0.32,Matches
322,Emil Krafth\77cf6852,se SWE,DF,Newcastle Utd,27-193,1994,7,542,77,27.4,6.0,6,89,4,1,10,12,0.57,5,12,-7,-1.16,-0.35,3.5,11.0,-7.5,-1.25,-0.72,Matches
323,Alex Král\e717705a,cz CZE,MF,West Ham,23-268,1998,1,1,1,0.0,0.0,0,,0,1,1,17,3.00,1,0,+1,+90.00,+89.58,1.0,0.4,+0.6,+55.26,+55.11,Matches
324,Tim Krul\f23f9d20,nl NED,GK,Norwich City,33-314,1988,19,1710,90,82.6,19.0,19,90,19,0,,0,0.68,10,37,-27,-1.42,-0.17,16.8,32.0,-15.2,-0.80,+0.24,Matches
325,Juraj Kucka\5aaef9ef,sk SVK,MF,Watford,34-350,1987,19,1440,76,72.7,16.0,16,86,12,3,22,0,0.63,14,26,-12,-0.75,+0.25,15.9,27.9,-12.0,-0.75,-0.15,Matches
326,Dejan Kulusevski\df3cda47,se SWE,FWMF,Tottenham,21-292,2000,1,15,15,0.8,0.2,0,,0,1,15,0,0.00,0,2,-2,-12.00,-12.14,0.1,0.5,-0.5,-2.88,-3.34,Matches
327,Alexandre Lacazette\9dbb75ca,fr FRA,FWMF,Arsenal,30-259,1991,17,1034,61,52.2,11.5,12,78,3,5,20,3,1.76,24,7,+17,+1.48,+2.24,20.4,12.2,+8.2,+0.71,+1.21,Matches
328,Adam Lallana\99813635,eng ENG,MF,Brighton,33-277,1988,18,1364,76,68.9,15.2,16,82,10,2,26,2,1.44,18,16,+2,+0.13,+0.42,17.9,17.9,0.0,0.00,+0.19,Matches
329,Tariq Lamptey\f4e433d4,eng ENG,DFFW,Brighton,21-134,2000,15,815,54,41.2,9.1,8,76,2,7,29,3,1.07,9,8,+1,+0.11,+0.19,10.5,8.1,+2.4,+0.27,+0.55,Matches
330,Manuel Lanzini\26f6dca8,ar ARG,MF,West Ham,28-361,1993,18,892,50,41.3,9.9,8,86,3,10,21,6,1.50,18,14,+4,+0.40,-0.09,15.9,13.8,+2.1,+0.21,+0.06,Matches
331,Aymeric Laporte\119b9a8e,es ESP,DF,Manchester City,27-260,1994,20,1720,86,79.6,19.1,20,86,17,0,,1,2.65,52,11,+41,+2.15,+1.74,46.8,12.8,+34.0,+1.78,+1.22,Matches
332,Jamaal Lascelles\450ab6fc,eng ENG,DF,Newcastle Utd,28-092,1993,18,1597,89,80.7,17.7,18,89,17,0,,1,0.89,18,36,-18,-1.01,-0.54,15.2,31.7,-16.5,-0.93,-1.08,Matches
333,Roméo Lavia\ecad9aa5,be BEL,MF,Manchester City,18-036,2004,0,,,,,0,,0,0,,4,,,,,,,,,,,,Matches
334,Pierre Lees-Melou\f5044e54,fr FRA,MF,Norwich City,28-262,1993,18,1325,74,64.0,14.7,15,83,10,3,28,4,0.72,10,29,-19,-1.29,+0.28,12.0,27.8,-15.8,-1.07,-0.64,Matches
335,Aaron Lennon\2ff964a0,eng ENG,MFFW,Burnley,34-301,1987,11,444,40,24.7,4.9,5,73,1,6,13,6,0.73,2,6,-4,-0.81,-0.35,4.0,7.6,-3.6,-0.73,-0.22,Matches
336,Bernd Leno\2628fd2b,de GER,GK,Arsenal,29-344,1992,3,270,90,13.6,3.0,3,90,3,0,,14,0.00,0,9,-9,-3.00,-3.95,1.9,8.1,-6.2,-2.07,-2.55,Matches
337,Marc Leonard\bd8afa3d,sct SCO,MF,Brighton,20-054,2001,0,,,,,0,,0,0,,5,,,,,,,,,,,,Matches
338,Harry Lewis\c35e99d8,eng ENG,GK,Southampton,24-053,1997,0,,,,,0,,0,0,,3,,,,,,,,,,,,Matches
339,Jamal Lewis\efb9215a,nir NIR,DF,Newcastle Utd,24-017,1998,5,262,52,13.2,2.9,4,64,2,1,7,14,0.80,3,4,-1,-0.34,+0.65,2.9,4.2,-1.4,-0.47,+0.29,Matches
340,Victor Lindelöf\f5deef4c,se SWE,DF,Manchester Utd,27-209,1994,15,1267,84,61.2,14.1,14,89,13,1,24,3,1.47,23,25,-2,-0.14,-1.04,18.9,24.7,-5.8,-0.41,-1.11,Matches
341,Jesse Lingard\810e3c74,eng ENG,FW,Manchester Utd,29-058,1992,10,108,11,5.2,1.2,0,,0,10,11,9,1.60,5,4,+1,+0.83,+0.60,2.1,3.8,-1.8,-1.46,-1.56,Matches
342,Valentino Livramento\afed6722,eng ENG,DF,Southampton,19-091,2002,18,1615,90,78.0,17.9,18,90,17,0,,0,1.11,19,28,-9,-0.50,-0.90,23.2,24.6,-1.4,-0.08,+0.30,Matches
343,Diego Llorente\bba30585,es ESP,DF,Leeds United,28-179,1993,16,1356,85,68.5,15.1,16,85,14,0,,0,1.13,17,25,-8,-0.53,+0.62,18.1,25.2,-7.1,-0.47,-0.05,Matches
344,Hugo Lloris\8f62b6ee,fr FRA,GK,Tottenham,35-047,1986,21,1890,90,100.0,21.0,21,90,21,0,,0,1.71,28,27,+1,+0.05,,33.1,23.9,+9.1,+0.43,,Matches
345,Giovani Lo Celso\d7553721,ar ARG,MFFW,Tottenham,25-308,1996,9,238,26,12.6,2.6,2,67,0,7,15,4,1.78,3,5,-2,-0.76,-0.92,4.4,2.7,+1.7,+0.65,+0.25,Matches
346,Jürgen Locadia\6cc47ae1,nl NED,FW,Brighton,28-096,1993,1,23,23,1.2,0.3,0,,0,1,23,8,1.00,0,0,0,0.00,0.00,0.3,0.6,-0.3,-1.29,-1.25,Matches
347,Ruben Loftus-Cheek\e97fd090,eng ENG,MF,Chelsea,26-019,1996,12,697,58,32.3,7.7,7,85,5,5,20,4,2.00,15,9,+6,+0.77,-0.70,16.1,9.5,+6.6,+0.85,+0.10,Matches
348,Andy Lonergan\165cf989,ie IRL,GK,Everton,38-115,1983,0,,,,,0,,0,0,,7,,,,,,,,,,,,Matches
349,Kevin Long\5a4280b1,ie IRL,DF,Burnley,31-177,1990,0,,,,,0,,0,0,,12,,,,,,,,,,,,Matches
350,Shane Long\9f472354,ie IRL,FWMF,Southampton,35-020,1987,4,111,28,5.4,1.2,1,70,0,3,14,14,1.25,1,1,0,0.00,+0.32,1.0,1.9,-0.9,-0.69,-0.58,Matches
351,Sean Longstaff\a2b105e0,eng ENG,MF,Newcastle Utd,24-104,1997,15,985,66,49.7,10.9,10,83,7,5,30,6,0.67,12,22,-10,-0.91,-0.01,11.6,19.7,-8.0,-0.73,-0.03,Matches
352,Ademola Lookman\7c104bb7,eng ENG,FWMF,Leicester City,24-114,1997,15,956,64,50.6,10.6,11,74,2,4,36,2,0.73,19,24,-5,-0.47,-0.47,17.7,20.3,-2.6,-0.25,+0.25,Matches
353,Jonas Lössl\939bc634,dk DEN,GK,Brentford,33-010,1989,2,180,90,8.3,2.0,2,90,2,0,,3,0.00,2,5,-3,-1.50,-1.00,3.5,2.6,+1.0,+0.48,+0.68,Matches
354,Imran Louza\e1df6989,ma MAR,MF,Watford,22-286,1999,8,437,55,22.1,4.9,6,62,0,2,33,9,0.38,4,12,-8,-1.65,-1.06,5.5,9.9,-4.4,-0.91,-0.26,Matches
355,Matthew Lowton\9a9c05db,eng ENG,DF,Burnley,32-247,1989,17,1514,89,84.1,16.8,17,89,16,0,,3,0.65,16,27,-11,-0.65,-0.65,16.6,25.5,-8.8,-0.53,+0.24,Matches
356,Douglas Luiz\6f7d826d,br BRA,MF,Aston Villa,23-278,1998,18,1502,83,75.9,16.7,17,87,13,1,24,0,1.33,24,23,+1,+0.06,+1.00,20.2,24.2,-3.9,-0.24,+0.34,Matches
357,Romelu Lukaku\5eae500a,be BEL,FW,Chelsea,28-274,1993,16,1089,68,50.4,12.1,11,88,9,5,25,0,1.94,21,8,+13,+1.07,-0.35,18.0,12.5,+5.5,+0.46,-0.65,Matches
358,Lyanco\b5bf1770,br BRA,DF,Southampton,25-010,1997,11,551,50,26.6,6.1,5,90,5,6,17,6,1.18,8,12,-4,-0.65,-0.48,6.6,9.0,-2.4,-0.39,-0.34,Matches
359,Alexis Mac Allister\83d074ff,ar ARG,MFFW,Brighton,23-049,1998,17,848,50,42.8,9.4,8,82,5,9,21,5,1.35,14,10,+4,+0.42,+0.74,12.2,9.6,+2.6,+0.28,+0.58,Matches
360,James Maddison\ee38d9c5,eng ENG,MFFW,Leicester City,25-080,1996,21,1431,68,75.7,15.9,17,79,6,4,22,0,1.24,26,30,-4,-0.25,-0.06,21.6,32.4,-10.8,-0.68,-1.26,Matches
361,Edmond-Paris Maghoma\8a3ddcd2,eng ENG,MF,Brentford,20-279,2001,0,,,,,0,,0,0,,4,,,,,,,,,,,,Matches
362,Harry Maguire\d8931174,eng ENG,DF,Manchester Utd,28-343,1993,19,1594,84,77.0,17.7,18,87,16,1,20,1,1.89,31,23,+8,+0.45,+0.83,27.6,25.0,+2.6,+0.15,+0.56,Matches
363,Riyad Mahrez\892d5bb1,dz ALG,FW,Manchester City,30-355,1991,17,913,54,42.3,10.1,9,84,6,8,19,5,2.53,29,9,+20,+1.97,+0.31,24.7,9.0,+15.7,+1.55,+0.03,Matches
364,Ainsley Maitland-Niles\e3a5814e,eng ENG,MF,Arsenal,24-166,1997,8,268,34,13.5,3.0,2,86,1,6,16,9,2.00,2,4,-2,-0.67,-1.25,4.1,5.5,-1.4,-0.47,-0.70,Matches
365,Sadio Mané\c691bfe2,sn SEN,FW,Liverpool,29-307,1992,20,1711,86,82.7,19.0,19,89,16,1,14,0,2.10,47,18,+29,+1.53,-1.48,45.7,19.4,+26.3,+1.38,-0.45,Matches
366,Javier Manquillo\758dd7f0,es ESP,DF,Newcastle Utd,27-282,1994,14,1064,76,53.7,11.8,12,86,9,2,15,4,1.00,12,22,-10,-0.85,+0.14,11.4,19.9,-8.5,-0.72,+0.01,Matches
367,Fernando Marçal\9ae9eaea,br BRA,DF,Wolves,32-357,1989,12,1016,85,51.3,11.3,12,85,9,0,,4,1.58,7,9,-2,-0.18,-0.55,11.7,12.3,-0.6,-0.05,+0.55,Matches
368,Solly March\bb5fbd2b,eng ENG,DFFW,Brighton,27-206,1994,18,901,50,45.5,10.0,8,83,6,10,24,3,1.28,16,12,+4,+0.40,+0.73,13.5,13.0,+0.4,+0.04,+0.19,Matches
369,Pablo Marí\aa54ec6f,es ESP,DF,Arsenal,28-164,1993,2,180,90,9.1,2.0,2,90,2,0,,4,0.00,0,4,-4,-2.00,-2.65,1.8,4.3,-2.5,-1.26,-1.53,Matches
370,Dilan Markanday\4f242e0e,eng ENG,FWMF,Tottenham,20-175,2001,0,,,,,0,,0,0,,1,,,,,,,,,,,,Matches
371,Christian Marques\a7cf1541,ch SUI,DF,Wolves,19-027,2003,0,,,,,0,,0,0,,2,,,,,,,,,,,,Matches
372,Filip Marshall\a79abd8b,eng ENG,GK,Aston Villa,18-293,2003,0,,,,,0,,0,0,,1,,,,,,,,,,,,Matches
373,Anthony Martial\8b788c01,fr FRA,FW,Manchester Utd,26-068,1995,8,212,27,10.2,2.4,2,57,0,6,16,5,2.13,6,3,+3,+1.27,+1.13,4.4,2.1,+2.3,+0.97,+1.06,Matches
374,Martinelli\48a5a5d6,br BRA,FWMF,Arsenal,20-238,2001,15,937,62,47.3,10.4,11,82,5,4,10,7,1.73,18,9,+9,+0.86,+0.86,15.6,10.8,+4.9,+0.47,+0.63,Matches
375,Emiliano Martínez\7956236f,ar ARG,GK,Aston Villa,29-162,1992,21,1890,90,95.5,21.0,21,90,21,0,,0,1.29,31,32,-1,-0.05,+2.95,22.4,29.8,-7.4,-0.35,-0.74,Matches
376,Adam Masina\de0f152c,ma MAR,DF,Watford,28-040,1994,11,866,79,43.7,9.6,11,79,9,0,,7,0.82,15,20,-5,-0.52,+0.53,13.5,17.9,-4.4,-0.46,+0.44,Matches
377,Arthur Masuaku\57df7a11,cd COD,DFFW,West Ham,28-096,1993,11,505,46,23.4,5.6,4,86,3,7,23,7,1.55,6,9,-3,-0.53,-1.30,7.4,9.4,-2.0,-0.35,-0.69,Matches
378,Juan Mata\29733c72,es ESP,FWMF,Manchester Utd,33-289,1988,0,,,,,0,,0,0,,14,,,,,,,,,,,,Matches
379,Jean-Philippe Mateta\50e6dc35,fr FRA,FW,Crystal Palace,24-228,1997,8,380,48,18.4,4.2,4,73,0,4,22,7,0.75,8,7,+1,+0.24,+0.45,5.9,4.8,+1.1,+0.27,+0.28,Matches
380,Nemanja Matić\eb7822d7,rs SRB,MF,Manchester Utd,33-194,1988,13,764,59,36.9,8.5,8,88,6,5,12,8,1.69,15,14,+1,+0.12,-0.23,11.5,13.5,-2.0,-0.24,-0.40,Matches
381,Joël Matip\b217ef29,cm CMR,DF,Liverpool,30-187,1991,18,1620,90,78.3,18.0,18,90,18,0,,3,2.22,44,15,+29,+1.61,-0.79,45.6,17.6,+28.0,+1.56,+0.42,Matches
382,Remi Matthews\27f4f772,eng ENG,GK,Crystal Palace,28-001,1994,0,,,,,0,,0,0,,4,,,,,,,,,,,,Matches
383,Neal Maupay\4bcf39f6,fr FRA,FW,Brighton,25-181,1996,20,1496,75,75.6,16.6,17,84,14,3,22,1,1.45,18,18,0,0.00,0.00,18.8,21.7,-2.9,-0.17,-0.48,Matches
384,Luke Mbete-Tatu\387e1d35,eng ENG,DF,Manchester City,21-146,2000,0,,,,,0,,0,0,,6,,,,,,,,,,,,Matches
385,Bryan Mbeumo\6afaebf2,fr FRA,FW,Brentford,22-188,1999,21,1690,80,78.2,18.8,20,83,13,1,29,1,0.95,21,31,-10,-0.53,+0.23,24.3,22.2,+2.2,+0.11,+1.16,Matches
386,James McArthur\cee31595,sct SCO,MF,Crystal Palace,34-127,1987,11,950,86,45.9,10.6,11,86,8,0,,1,1.36,15,12,+3,+0.28,+0.77,12.1,10.6,+1.5,+0.14,+0.18,Matches
387,James Mcatee\96593e89,eng ENG,FW,Manchester City,19-116,2002,1,4,4,0.2,0.0,0,,0,1,4,6,3.00,0,0,0,0.00,-1.79,0.0,0.0,0.0,+0.95,-0.59,Matches
388,Kasey McAteer\b2c66859,eng ENG,FW,Leicester City,20-081,2001,1,3,3,0.2,0.0,0,,0,1,3,4,3.00,0,0,0,0.00,+0.24,0.0,0.1,-0.1,-3.76,-3.39,Matches
389,Liam McCarron\076bb352,sct SCO,FW,Leeds United,20-341,2001,1,10,10,0.5,0.1,0,,0,1,10,9,0.00,0,1,-1,-9.00,-8.31,0.0,0.4,-0.4,-3.42,-2.99,Matches
390,Alex McCarthy\36c2ca73,eng ENG,GK,Southampton,32-070,1989,15,1350,90,65.2,15.0,15,90,15,0,,0,1.07,14,21,-7,-0.47,-0.47,20.7,20.3,+0.4,+0.03,+0.49,Matches
391,Jon McCracken\47188db7,sct SCO,GK,Norwich City,21-263,2000,0,,,,,0,,0,0,,1,,,,,,,,,,,,Matches
392,Thomas Mcgill\4eb2d015,eng ENG,GK,Brighton,21-323,2000,0,,,,,0,,0,0,,1,,,,,,,,,,,,Matches
393,John McGinn\90f91999,sct SCO,MF,Aston Villa,27-116,1994,19,1656,87,83.6,18.4,19,87,17,0,,0,1.32,24,29,-5,-0.27,-0.55,19.5,25.7,-6.1,-0.33,-0.09,Matches
394,Michael McGovern\51a19d04,nir NIR,GK,Norwich City,37-214,1984,0,,,,,0,,0,0,,4,,,,,,,,,,,,Matches
395,Stuart McKinstry\1000a059,sct SCO,MF,Leeds United,19-146,2002,1,4,4,0.2,0.0,0,,0,1,4,8,0.00,0,0,0,0.00,+0.73,0.0,0.0,0.0,-0.55,-0.10,Matches
396,Kenny McLean\471f16b3,sct SCO,MF,Norwich City,30-034,1992,21,1825,87,88.2,20.3,19,90,19,2,58,1,0.67,12,40,-28,-1.38,+0.09,17.2,34.8,-17.6,-0.87,-0.24,Matches
397,Dwight McNeil\fc15fb84,eng ENG,MF,Burnley,22-081,1999,20,1774,89,98.6,19.7,20,89,16,0,,0,0.70,17,28,-11,-0.56,-0.56,18.1,29.7,-11.6,-0.59,-1.58,Matches
398,Scott McTominay\d93c2511,sct SCO,MF,Manchester Utd,25-065,1996,20,1539,77,74.3,17.1,18,84,12,2,13,0,1.60,27,21,+6,+0.35,+0.35,24.7,24.6,+0.1,+0.01,-0.05,Matches
399,Ben Mee\8df7a2fb,eng ENG,DF,Burnley,32-141,1989,16,1440,90,80.0,16.0,16,90,16,0,,0,0.75,15,23,-8,-0.50,+0.25,15.3,24.7,-9.4,-0.59,-0.13,Matches
400,Benjamin Mendy\5271c8f1,fr FRA,DF,Manchester City,27-209,1994,1,78,78,3.6,0.9,1,78,0,0,,1,0.00,0,1,-1,-1.15,-3.06,1.8,1.3,+0.5,+0.63,-0.94,Matches
401,Edouard Mendy\33887998,sn SEN,GK,Chelsea,29-347,1992,20,1800,90,83.3,20.0,20,90,20,0,,0,2.00,42,16,+26,+1.30,+0.30,36.8,19.6,+17.1,+0.86,+0.47,Matches
402,Illan Meslier\6b625ac2,fr FRA,GK,Leeds United,21-346,2000,22,1980,90,100.0,22.0,22,90,22,0,,0,1.05,27,43,-16,-0.73,,29.1,39.1,-10.0,-0.45,,Matches
403,Luka Milivojević\2ce2508a,rs SRB,MF,Crystal Palace,30-310,1991,10,571,57,27.6,6.3,7,72,1,3,23,8,1.20,12,12,0,0.00,+0.18,9.9,6.2,+3.7,+0.59,+0.75,Matches
404,James Milner\2f90f6b8,eng ENG,MFDF,Liverpool,36-038,1986,15,614,41,29.7,6.8,7,75,3,8,11,3,2.40,19,5,+14,+2.05,+0.38,14.8,8.8,+6.0,+0.88,-0.83,Matches
405,Yerry Mina\6d5701f2,co COL,DF,Everton,27-141,1994,10,649,65,34.3,7.2,8,76,6,2,23,1,1.40,9,8,+1,+0.14,+1.15,9.6,6.8,+2.8,+0.38,+0.96,Matches
406,Takumi Minamino\f833a830,jp JPN,FWMF,Liverpool,27-026,1995,9,95,11,4.6,1.1,0,,0,9,11,11,2.44,4,0,+4,+3.79,+2.10,3.8,0.5,+3.3,+3.11,+1.73,Matches
407,Tyrone Mings\8397a50c,eng ENG,DF,Aston Villa,28-335,1993,20,1749,87,88.3,19.4,19,90,19,1,39,0,1.30,28,30,-2,-0.10,+0.68,21.7,28.5,-6.8,-0.35,-0.28,Matches
408,Tyrick Mitchell\5cbd1eb0,eng ENG,DF,Crystal Palace,22-163,1999,23,2060,90,99.5,22.9,23,90,21,0,,0,1.09,31,35,-4,-0.17,-9.17,28.7,27.0,+1.6,+0.07,+5.56,Matches
409,Jakub Moder\f230bc30,pl POL,MFFW,Brighton,22-310,1999,21,1330,63,67.2,14.8,14,85,8,7,21,1,1.38,14,16,-2,-0.14,-0.41,16.5,18.7,-2.2,-0.15,-0.29,Matches
410,Kris Moore\b660a486,,MF,Leeds United,,,0,,,,,0,,0,0,,4,,,,,,,,,,,,Matches
411,Wesley Moraes\bfae110f,br BRA,FW,Aston Villa,25-077,1996,1,1,1,0.1,0.0,0,,0,1,1,1,3.00,0,0,0,0.00,+0.18,0.0,0.1,-0.1,-8.73,-8.42,Matches
412,James Morris\59e3e314,eng ENG,DF,Watford,20-080,2001,0,,,,,0,,0,0,,6,,,,,,,,,,,,Matches
413,Tyler Morton\2bc28bb9,eng ENG,MF,Liverpool,19-103,2002,2,66,33,3.2,0.7,1,59,0,1,7,7,2.00,1,1,0,0.00,-1.84,0.7,2.7,-2.0,-2.74,-4.34,Matches
414,Yerson Mosquera\1e159d70,co COL,DF,Wolves,20-285,2001,0,,,,,0,,0,0,,2,,,,,,,,,,,,Matches
415,Louie Moulden\7b7de75a,eng ENG,GK,Wolves,20-036,2002,0,,,,,0,,0,0,,9,,,,,,,,,,,,Matches
416,Mason Mount\9674002f,eng ENG,MFFW,Chelsea,23-032,1999,21,1438,68,66.6,16.0,16,85,13,5,16,1,1.95,34,13,+21,+1.31,+0.19,28.2,14.6,+13.5,+0.85,+0.21,Matches
417,Lucas Moura\2b622f01,br BRA,FWMF,Tottenham,29-182,1992,20,1409,70,74.6,15.7,16,82,6,4,24,0,1.80,23,15,+8,+0.51,+1.82,25.9,16.4,+9.5,+0.61,+0.67,Matches
418,João Moutinho\f5a00fa4,pt POR,MF,Wolves,35-156,1986,21,1749,83,88.3,19.4,20,87,16,1,12,0,1.62,16,15,+1,+0.05,-0.34,18.4,23.9,-5.4,-0.28,+0.34,Matches
419,Bali Mumba\2d760d7b,eng ENG,DF,Norwich City,20-126,2001,1,45,45,2.2,0.5,0,,0,1,45,5,0.00,0,3,-3,-6.00,-4.71,0.1,1.7,-1.7,-3.34,-2.55,Matches
420,Jacob Murphy\de112b84,eng ENG,DFMF,Newcastle Utd,26-352,1995,18,818,45,41.3,9.1,7,90,7,11,17,4,0.72,10,25,-15,-1.65,-1.26,8.7,17.3,-8.5,-0.94,-0.37,Matches
421,Enock Mwepu\1d5cab82,zm ZAM,MF,Brighton,24-041,1998,11,639,58,32.3,7.1,7,76,4,4,27,4,1.73,11,8,+3,+0.42,+0.62,8.9,10.2,-1.3,-0.19,-0.19,Matches
422,Vitaliy Mykolenko\30d4a2e5,ua UKR,DF,Everton,22-258,1999,1,90,90,4.8,1.0,1,90,1,0,,0,0.00,1,2,-1,-1.00,-0.40,0.8,0.6,+0.2,+0.25,+0.52,Matches
423,Marvelous Nakamba\de5b5570,zw ZIM,MF,Aston Villa,28-023,1994,12,758,63,38.3,8.4,8,81,5,4,29,4,1.08,14,16,-2,-0.24,-0.09,7.5,11.1,-3.6,-0.43,-0.18,Matches
424,Wilfred Ndidi\6b47c5db,ng NGA,MFDF,Leicester City,25-057,1996,14,1260,90,66.7,14.0,14,90,14,0,,2,1.29,20,22,-2,-0.14,+0.29,17.8,26.0,-8.2,-0.59,-0.64,Matches
425,Tanguy Ndombele\5cdddffa,fr FRA,MF,Tottenham,25-045,1996,9,484,54,25.6,5.4,6,74,1,3,14,6,1.22,6,11,-5,-0.93,-1.31,8.0,5.4,+2.7,+0.50,+0.08,Matches
426,Benjamin Nelson\7be10897,sct SCO,DF,Leicester City,17-330,2004,0,,,,,0,,0,0,,3,,,,,,,,,,,,Matches
427,Reiss Nelson\c5bdb6e3,eng ENG,FW,Arsenal,22-063,1999,1,20,20,1.0,0.2,0,,0,1,20,1,0.00,0,1,-1,-4.50,-4.96,0.7,0.7,+0.1,+0.27,+0.14,Matches
428,Rúben Neves\44bfb6c5,pt POR,MF,Wolves,24-335,1997,20,1616,81,81.6,18.0,18,90,17,2,3,0,1.50,14,16,-2,-0.11,-1.10,17.2,24.6,-7.4,-0.41,-0.52,Matches
429,Jeremy Ngakia\3631ad41,eng ENG,DF,Watford,21-157,2000,12,571,48,28.8,6.3,5,80,2,7,24,9,0.67,6,9,-3,-0.47,+0.49,6.7,13.0,-6.3,-0.99,-0.40,Matches
430,Saúl Ñíguez\c14bc029,es ESP,MFFW,Chelsea,27-082,1994,6,165,28,7.6,1.8,2,45,0,4,19,14,2.33,3,2,+1,+0.55,-0.76,2.7,2.3,+0.4,+0.24,-0.59,Matches
431,Eddie Nketiah\a53649b7,eng ENG,MFFW,Arsenal,22-257,1999,5,65,13,3.3,0.7,0,,0,5,13,5,1.40,1,2,-1,-1.38,-1.85,1.2,1.5,-0.3,-0.44,-0.59,Matches
432,Nicolas Nkoulou\93cf32a8,cm CMR,DF,Watford,31-321,1990,3,168,56,8.5,1.9,2,77,1,1,15,1,2.00,6,2,+4,+2.14,+3.24,4.1,3.1,+0.9,+0.50,+1.32,Matches
433,Niels Nkounkou\f5b281e7,fr FRA,DF,Everton,21-102,2000,0,,,,,0,,0,0,,1,,,,,,,,,,,,Matches
434,Mark Noble\ff527768,eng ENG,MF,West Ham,34-279,1987,4,96,24,4.4,1.1,1,90,1,3,2,16,2.25,4,2,+2,+1.87,+1.48,3.7,1.2,+2.5,+2.31,+2.23,Matches
435,Mathias Normann\8996350d,no NOR,MF,Norwich City,25-259,1996,10,720,72,34.8,8.0,9,78,5,1,17,1,1.00,6,14,-8,-1.00,+0.60,6.0,11.2,-5.2,-0.65,+0.29,Matches
436,Will Norris\c73ada83,eng ENG,GK,Burnley,28-183,1993,0,,,,,0,,0,0,,7,,,,,,,,,,,,Matches
437,Christian Nørgaard\df0a4c90,dk DEN,MF,Brentford,27-338,1994,23,2036,89,94.3,22.6,23,89,21,0,,0,1.00,25,39,-14,-0.62,-0.62,27.2,30.3,-3.1,-0.14,0.00,Matches
438,Angelo Ogbonna\74b2cd7e,it ITA,DF,West Ham,33-264,1988,11,921,84,42.6,10.2,11,84,10,0,,0,2.09,21,11,+10,+0.98,+0.90,16.4,10.2,+6.2,+0.60,+0.75,Matches
439,Armstrong Okoflex\ab77d10d,ie IRL,MF,West Ham,19-346,2002,0,,,,,0,,0,0,,5,,,,,,,,,,,,Matches
440,Arthur Okonkwo\75834acc,eng ENG,GK,Arsenal,20-155,2001,0,,,,,0,,0,0,,6,,,,,,,,,,,,Matches
441,Michael Olise\c4486bac,fr FRA,FWMF,Crystal Palace,20-061,2001,16,560,35,27.1,6.2,5,78,1,11,15,2,1.00,11,10,+1,+0.16,+0.40,7.6,7.6,-0.1,-0.01,-0.08,Matches
442,Robin Olsen\e7ee38c3,se SWE,GK,Aston Villa,32-034,1990,0,,,,,0,,0,0,,2,,,,,,,,,,,,Matches
443,Andrew Omobamidele\c393a6c4,ie IRL,DF,Norwich City,19-233,2002,5,382,76,18.5,4.2,4,90,4,1,22,9,0.60,3,9,-6,-1.41,-0.03,4.5,9.6,-5.1,-1.21,-0.45,Matches
444,Tobi Omole\296904e8,eng ENG,DF,Tottenham,22-056,1999,0,,,,,0,,0,0,,1,,,,,,,,,,,,Matches
445,Tyler Onyango\d86a1f3e,eng ENG,MFFW,Everton,18-344,2003,3,28,9,1.5,0.3,0,,0,3,9,2,0.33,0,0,0,0.00,+0.63,0.7,0.0,+0.7,+2.13,+2.42,Matches
446,Frank Onyeka\2944f86f,ng NGA,MF,Brentford,24-041,1998,18,1012,56,46.9,11.2,12,72,1,6,25,1,1.22,11,18,-7,-0.62,-0.07,11.7,15.1,-3.4,-0.30,-0.31,Matches
447,Divock Origi\43a166b4,be BEL,FW,Liverpool,26-299,1995,3,41,14,2.0,0.5,0,,0,3,14,7,2.00,3,0,+3,+6.59,+4.90,1.5,0.0,+1.5,+3.27,+1.84,Matches
448,Salah Oulad M'Hand\b85c3273,nl NED,MF,Arsenal,18-175,2003,0,,,,,0,,0,0,,1,,,,,,,,,,,,Matches
449,Alex Oxlade-Chamberlain\38c7feef,eng ENG,MFFW,Liverpool,28-180,1993,16,724,45,35.0,8.0,8,65,0,8,26,6,2.38,15,6,+9,+1.12,-1.02,17.5,7.3,+10.2,+1.27,-0.30,Matches
450,Cole Palmer\dc7f8a28,eng ENG,FWMF,Manchester City,19-281,2002,4,123,31,5.7,1.4,1,86,0,3,12,14,3.00,6,0,+6,+4.39,+2.76,4.3,0.5,+3.8,+2.80,+1.35,Matches
451,Emerson Palmieri\e0bc6fdc,it ITA,DF,Chelsea,27-192,1994,1,5,5,0.2,0.1,0,,0,1,5,0,3.00,0,0,0,0.00,-1.25,0.0,0.0,0.0,-0.87,-1.65,Matches
452,Thomas Partey\529f49ab,gh GHA,MF,Arsenal,28-243,1993,17,1414,83,71.4,15.7,16,87,11,1,29,0,2.06,30,16,+14,+0.89,+1.69,24.7,19.9,+4.8,+0.31,+0.59,Matches
453,Charlie Patino\e71aac2c,eng ENG,FW,Arsenal,18-117,2003,0,,,,,0,,0,0,,2,,,,,,,,,,,,Matches
454,Nathan Patterson\230f0471,sct SCO,DF,Everton,20-118,2001,0,,,,,0,,0,0,,2,,,,,,,,,,,,Matches
455,Myles Peart-Harris\ea1a5662,eng ENG,MF,Brentford,19-146,2002,0,,,,,0,,0,0,,2,,,,,,,,,,,,Matches
456,João Pedro\e8832875,br BRA,MFFW,Watford,20-138,2001,17,820,48,41.4,9.1,6,81,4,11,30,0,0.53,11,17,-6,-0.66,+0.27,12.2,18.6,-6.4,-0.70,+0.01,Matches
457,Nicolas Pépé\57e3f0c7,ci CIV,FWMF,Arsenal,26-258,1995,9,505,56,25.5,5.6,5,90,5,4,14,11,1.89,6,6,0,0.00,-0.55,9.1,7.5,+1.6,+0.28,+0.19,Matches
458,Andreas Pereira\6639e500,br BRA,MF,Manchester Utd,26-041,1996,0,,,,,0,,0,0,,1,,,,,,,,,,,,Matches
459,Ricardo Pereira\75a72a99,pt POR,DF,Leicester City,28-128,1993,8,595,74,31.5,6.6,8,74,6,0,,4,1.75,12,12,0,0.00,+0.35,10.7,9.2,+1.4,+0.22,+0.86,Matches
460,Ayoze Pérez\819aa8e7,es ESP,FWMF,Leicester City,28-203,1993,8,220,28,11.6,2.4,3,48,0,5,15,8,1.38,4,6,-2,-0.82,-0.66,5.7,6.5,-0.8,-0.33,+0.05,Matches
461,Sonny Perkins\87f12e30,eng ENG,MF,West Ham,18-001,2004,1,4,4,0.2,0.0,0,,0,1,4,1,0.00,0,0,0,0.00,-0.46,0.7,0.0,+0.7,+15.25,+15.11,Matches
462,Romain Perraud\6dfd8f05,fr FRA,DF,Southampton,24-142,1997,12,972,81,47.0,10.8,11,88,8,1,5,11,1.25,15,18,-3,-0.28,+0.05,13.7,16.2,-2.4,-0.23,-0.16,Matches
463,Kalvin Phillips\4f565d77,eng ENG,MF,Leeds United,26-071,1995,12,999,83,50.5,11.1,12,83,10,0,,2,1.25,12,14,-2,-0.18,+1.10,15.1,17.4,-2.3,-0.21,+0.50,Matches
464,Nathaniel Phillips\515ebe8d,eng ENG,DF,Liverpool,24-327,1997,0,,,,,0,,0,0,,4,,,,,,,,,,,,Matches
465,Jaden Philogene Bidace\19f4d211,eng ENG,FW,Aston Villa,19-269,2002,1,5,5,0.3,0.1,0,,0,1,5,8,3.00,0,0,0,0.00,+0.18,0.0,0.1,-0.1,-1.75,-1.43,Matches
466,Jordan Pickford\4806ec67,eng ENG,GK,Everton,27-341,1994,20,1800,90,95.2,20.0,20,90,20,0,,0,0.95,25,35,-10,-0.50,+2.50,24.5,29.0,-4.5,-0.23,+0.44,Matches
467,Erik Pieters\1ef37668,nl NED,DF,Burnley,33-188,1988,7,382,55,21.2,4.2,4,90,4,3,7,13,0.57,1,3,-2,-0.47,+0.10,3.6,6.4,-2.8,-0.67,-0.13,Matches
468,Ethan Pinnock\e541326e,jm JAM,DF,Brentford,28-258,1993,23,1954,85,90.5,21.7,23,85,20,0,,0,0.87,21,35,-14,-0.64,-0.64,24.4,27.8,-3.4,-0.16,-0.21,Matches
469,Marcelo Pitaluga\b3cafda8,br BRA,GK,Liverpool,19-053,2002,0,,,,,0,,0,0,,2,,,,,,,,,,,,Matches
470,Daniel Podence\7fcc71d8,pt POR,FWMF,Wolves,26-113,1995,16,789,49,39.8,8.8,8,84,2,8,15,2,1.81,12,6,+6,+0.68,+0.99,10.2,11.7,-1.5,-0.17,+0.24,Matches
471,Paul Pogba\867239d3,fr FRA,MFFW,Manchester Utd,28-333,1993,10,721,72,34.8,8.0,8,86,6,2,18,0,1.50,15,11,+4,+0.50,+0.37,14.3,10.1,+4.2,+0.52,+0.77,Matches
472,Nick Pope\4b40d9ca,eng ENG,GK,Burnley,29-298,1992,18,1620,90,90.0,18.0,18,90,18,0,,0,0.78,15,22,-7,-0.39,+1.61,17.0,26.4,-9.4,-0.52,+0.39,Matches
473,Dennis Praet\86695068,be BEL,MF,Leicester City,27-273,1994,0,,,,,0,,0,0,,3,,,,,,,,,,,,Matches
474,Teemu Pukki\0745b37d,fi FIN,FW,Norwich City,31-319,1990,22,1905,87,92.0,21.2,22,87,15,0,,0,0.77,13,41,-28,-1.32,+0.86,16.4,35.6,-19.3,-0.91,-0.88,Matches
475,Christian Pulisic\1bf33a9a,us USA,FWMF,Chelsea,23-146,1998,12,756,63,35.0,8.4,8,86,6,4,17,3,1.50,13,7,+6,+0.71,-0.82,13.6,6.6,+7.0,+0.83,+0.08,Matches
476,Przemysław Płacheta\3c33f9d9,pl POL,FWMF,Norwich City,23-325,1998,8,428,54,20.7,4.8,6,71,0,2,2,4,0.50,1,9,-8,-1.68,-0.37,3.2,5.9,-2.8,-0.58,+0.32,Matches
477,Jarrell Quansah\4125cb98,eng ENG,DF,Liverpool,19-013,2003,0,,,,,0,,0,0,,1,,,,,,,,,,,,Matches
478,Jesuran Rak Sakyi\45685411,eng ENG,MF,Crystal Palace,19-129,2002,1,14,14,0.7,0.2,0,,0,1,14,3,0.00,0,0,0,0.00,+0.13,0.0,0.0,0.0,+0.31,+0.27,Matches
479,Aaron Ramsdale\466fb2c5,eng ENG,GK,Arsenal,23-273,1998,19,1710,90,86.4,19.0,19,90,19,0,,2,2.05,34,16,+18,+0.95,+3.95,30.9,21.6,+9.2,+0.49,+2.55,Matches
480,Aaron Ramsey\e1618c22,eng ENG,MF,Aston Villa,19-021,2003,0,,,,,0,,0,0,,3,,,,,,,,,,,,Matches
481,Jacob Ramsey\1544f145,eng ENG,MFFW,Aston Villa,20-259,2001,20,1336,67,67.5,14.8,16,76,6,4,28,1,1.30,23,19,+4,+0.27,+1.39,17.6,18.4,-0.8,-0.05,+0.81,Matches
482,Darren Randolph\6385ebfb,ie IRL,GK,West Ham,34-275,1987,0,,,,,0,,0,0,,1,,,,,,,,,,,,Matches
483,Marcus Rashford\a1d5bd30,eng ENG,FWMF,Manchester Utd,24-103,1997,14,733,52,35.4,8.1,8,75,2,6,22,1,1.50,11,17,-6,-0.74,-1.54,12.2,16.0,-3.8,-0.47,-0.75,Matches
484,Milot Rashica\6c6a3300,xk KVX,FWMF,Norwich City,25-228,1996,17,1147,67,55.4,12.7,12,86,5,5,23,0,0.94,12,25,-13,-1.02,+0.83,10.4,20.7,-10.3,-0.81,+0.07,Matches
485,David Raya\98ea5115,es ESP,GK,Brentford,26-149,1995,10,900,90,41.7,10.0,10,90,10,0,,0,1.20,11,11,0,0.00,+1.00,13.1,11.0,+2.2,+0.22,+0.61,Matches
486,Nathan Redmond\ab651565,eng ENG,MFFW,Southampton,27-342,1994,19,1340,71,64.7,14.9,15,83,10,4,24,1,1.11,20,21,-1,-0.07,+0.67,19.8,20.0,-0.2,-0.01,+0.37,Matches
487,Sergio Reguilón\3353737a,es ESP,DF,Tottenham,25-057,1996,19,1444,76,76.4,16.0,18,80,10,1,5,2,1.89,21,20,+1,+0.06,+0.06,24.0,18.3,+5.7,+0.36,-0.33,Matches
488,Declan Rice\1c7012b8,eng ENG,MF,West Ham,23-028,1999,23,2070,90,95.8,23.0,23,90,23,0,,0,1.61,38,30,+8,+0.35,-2.65,31.1,28.7,+2.5,+0.11,-1.66,Matches
489,Taylor Richards\e0243d23,eng ENG,MFFW,Brighton,21-069,2000,2,25,13,1.3,0.3,0,,0,2,13,14,0.00,0,0,0,0.00,0.00,0.3,0.4,0.0,-0.09,-0.03,Matches
490,Lewis Richardson\4fa62ae4,eng ENG,FW,Burnley,19-004,2003,0,,,,,0,,0,0,,2,,,,,,,,,,,,Matches
491,Richarlison\fa031b34,br BRA,FWMF,Everton,24-277,1997,14,1103,79,58.4,12.3,12,86,9,2,34,0,1.00,17,23,-6,-0.49,+0.31,14.6,18.2,-3.6,-0.29,-0.10,Matches
492,Jaïro Riedewald\7a1f2c08,nl NED,MF,Crystal Palace,25-155,1996,3,118,39,5.7,1.3,1,76,0,2,21,13,0.00,2,5,-3,-2.29,-2.29,1.2,1.3,-0.1,-0.07,-0.12,Matches
493,Matt Ritchie\71ef519e,sct SCO,DF,Newcastle Utd,32-154,1989,16,1318,82,66.6,14.6,14,88,13,2,41,2,0.38,15,36,-21,-1.43,-1.57,12.6,28.3,-15.8,-1.08,-1.06,Matches
494,Connor Roberts\24fae784,wls WAL,DF,Burnley,26-141,1995,4,286,72,15.9,3.2,3,90,3,1,16,3,0.75,1,1,0,0.00,+0.65,2.1,4.5,-2.4,-0.77,-0.24,Matches
495,Haydon Roberts\a731e8a0,eng ENG,DF,Brighton,19-277,2002,0,,,,,0,,0,0,,12,,,,,,,,,,,,Matches
496,Tyler Roberts\6c17e046,wls WAL,MFFW,Leeds United,23-030,1999,20,882,44,44.5,9.8,7,84,4,13,23,1,0.95,9,22,-13,-1.33,-1.08,13.6,19.9,-6.3,-0.64,-0.34,Matches
497,Andrew Robertson\2e4f5f03,sct SCO,DF,Liverpool,27-337,1994,17,1484,87,71.7,16.5,17,87,14,0,,2,2.24,45,16,+29,+1.76,-0.08,39.9,17.6,+22.3,+1.35,-0.39,Matches
498,Joe Rodon\8d62d31a,wls WAL,DF,Tottenham,24-112,1997,1,79,79,4.2,0.9,0,,0,1,79,14,0.00,0,3,-3,-3.42,-3.62,0.1,2.4,-2.3,-2.66,-3.23,Matches
499,Rodri\6434f10d,es ESP,MF,Manchester City,25-234,1996,20,1742,87,80.6,19.4,20,87,18,0,,1,2.65,46,10,+36,+1.86,+0.35,44.4,12.1,+32.2,+1.67,+0.69,Matches
500,Rodrigo\1fb1c435,es ESP,MFFW,Leeds United,30-342,1991,15,1103,74,55.7,12.3,13,79,8,2,36,2,1.20,11,14,-3,-0.24,+1.09,16.4,19.3,-2.9,-0.24,+0.49,Matches
501,Jay Rodriguez\4ab53cdb,eng ENG,FW,Burnley,32-197,1989,16,566,35,31.4,6.3,4,82,1,12,20,2,0.56,3,2,+1,+0.16,+1.03,6.1,6.4,-0.4,-0.06,+0.74,Matches
502,Mads Roerslev\57c94db2,dk DEN,DF,Brentford,22-232,1999,14,905,65,41.9,10.1,9,89,8,5,21,8,1.00,12,22,-10,-0.99,-0.71,9.6,14.8,-5.2,-0.52,-0.65,Matches
503,Cristian Romero\a3d94a58,ar ARG,DF,Tottenham,23-290,1998,8,623,78,33.0,6.9,7,89,6,1,1,2,1.25,7,12,-5,-0.72,-1.15,7.7,8.5,-0.8,-0.11,-0.82,Matches
504,Oriol Romeu\4b511457,es ESP,MF,Southampton,30-140,1991,21,1818,87,87.8,20.2,21,87,15,0,,1,1.29,27,29,-2,-0.10,+1.69,27.0,27.2,-0.2,-0.01,+1.10,Matches
505,Cristiano Ronaldo\dea698d9,pt POR,FW,Manchester Utd,37-006,1985,19,1480,78,71.5,16.4,16,87,12,3,28,0,1.63,23,25,-2,-0.12,-1.34,26.3,25.1,+1.2,+0.07,+0.20,Matches
506,Salomón Rondón\b318a643,ve VEN,FW,Everton,32-148,1989,13,710,55,37.6,7.9,8,78,5,5,17,2,0.54,7,15,-8,-1.01,-0.63,10.1,11.2,-1.1,-0.14,+0.18,Matches
507,Danny Rose\89d10e53,eng ENG,DF,Watford,31-224,1990,8,689,86,34.8,7.7,7,87,6,1,79,7,0.50,5,16,-11,-1.44,-0.95,5.7,17.4,-11.7,-1.53,-1.26,Matches
508,Jon Rowe\8c12f884,eng ENG,MFFW,Norwich City,18-287,2003,3,46,15,2.2,0.5,0,,0,3,15,3,0.33,0,1,-1,-1.96,-0.58,0.2,1.3,-1.1,-2.17,-1.36,Matches
509,John Ruddy\da8b19e2,eng ENG,GK,Wolves,35-110,1986,0,,,,,0,,0,0,,22,,,,,,,,,,,,Matches
510,Antonio Rüdiger\18b896d6,de GER,DF,Chelsea,28-345,1993,23,2070,90,95.8,23.0,23,90,23,0,,0,1.91,47,18,+29,+1.26,+0.26,40.6,20.6,+20.0,+0.87,+2.19,Matches
511,Lukas Rupp\3faa1780,de GER,MF,Norwich City,31-034,1991,10,477,48,23.0,5.3,5,76,2,5,20,6,0.70,1,9,-8,-1.51,-0.15,5.7,8.5,-2.8,-0.52,+0.41,Matches
512,José Sá\903b6e8b,pt POR,GK,Wolves,29-025,1993,22,1980,90,100.0,22.0,22,90,22,0,,0,1.55,19,17,+2,+0.09,,21.9,28.9,-7.0,-0.32,,Matches
513,Allan Saint-Maximin\2b16cb1a,fr FRA,FWMF,Newcastle Utd,24-336,1997,22,1885,86,95.2,20.9,21,88,15,1,45,0,0.82,24,39,-15,-0.72,+4.02,21.0,35.6,-14.7,-0.70,+0.45,Matches
514,Romain Saïss\9fbbcf39,ma MAR,DF,Wolves,31-322,1990,20,1748,87,88.3,19.4,20,87,18,0,,0,1.40,14,15,-1,-0.05,-1.22,19.0,25.9,-6.9,-0.35,-0.31,Matches
515,Bukayo Saka\bc7dc64d,eng ENG,FWMF,Arsenal,20-159,2001,22,1641,75,82.9,18.2,20,79,8,2,27,0,1.77,27,16,+11,+0.60,+1.13,27.2,23.0,+4.2,+0.23,+0.55,Matches
516,Mohamed Salah\e342ad68,eg EGY,FW,Liverpool,29-241,1992,21,1813,86,87.6,20.1,20,89,18,1,31,0,2.14,51,18,+33,+1.64,-1.16,50.6,20.3,+30.3,+1.50,+0.33,Matches
517,Mohammed Salisu\0b33f6ad,gh GHA,DF,Southampton,22-300,1999,22,1892,86,91.4,21.0,21,88,20,1,54,0,1.27,29,32,-3,-0.14,+1.88,29.0,29.5,-0.5,-0.02,+1.39,Matches
518,Albert Sambi Lokonga\1b4f1169,be BEL,MF,Arsenal,22-112,1999,14,909,65,45.9,10.1,10,82,7,4,24,7,1.93,9,8,+1,+0.10,-0.57,13.5,12.6,+0.9,+0.09,-0.09,Matches
519,Davinson Sánchez\da7b447d,co COL,DF,Tottenham,25-244,1996,15,1201,80,63.5,13.3,13,90,13,2,16,5,1.93,22,14,+8,+0.60,+1.51,25.6,14.8,+10.8,+0.81,+1.02,Matches
520,Robert Sánchez\6a713852,es ESP,GK,Brighton,24-085,1997,21,1889,90,95.4,21.0,21,90,20,0,,0,1.43,23,21,+2,+0.10,+2.07,25.3,26.3,-1.1,-0.05,+0.16,Matches
521,Jadon Sancho\dbf053da,eng ENG,FWMF,Manchester Utd,21-323,2000,18,1027,57,49.6,11.4,11,75,3,7,29,3,1.67,14,10,+4,+0.35,+0.18,15.1,15.3,-0.2,-0.02,-0.07,Matches
522,Dion Sanderson\b3fa76c5,eng ENG,DF,Wolves,22-058,1999,0,,,,,0,,0,0,,1,,,,,,,,,,,,Matches
523,Morgan Sanson\6e7f1353,fr FRA,MF,Aston Villa,27-177,1994,6,226,38,11.4,2.5,2,71,0,4,21,7,0.67,1,6,-5,-1.99,-2.04,2.3,4.2,-1.9,-0.78,-0.52,Matches
524,Samir Santos\92b4758e,br BRA,DF,Watford,27-068,1994,4,360,90,18.2,4.0,4,90,4,0,,0,0.50,1,5,-4,-1.00,-0.22,3.8,3.6,+0.3,+0.07,+0.95,Matches
525,Josh Sargent\a8d4428b,us USA,FWMF,Norwich City,21-356,2000,19,1073,56,51.8,11.9,12,78,3,7,19,0,0.84,8,20,-12,-1.01,+0.80,9.9,14.6,-4.8,-0.40,+0.92,Matches
526,Jeremy Sarmiento\ac0d576d,ec ECU,FW,Brighton,19-240,2002,2,21,11,1.1,0.2,1,12,0,1,9,4,1.00,0,1,-1,-4.29,-4.33,0.3,0.9,-0.7,-2.95,-2.92,Matches
527,Ismaila Sarr\bfdb33aa,sn SEN,MFFW,Watford,23-351,1998,12,1030,86,52.0,11.4,12,86,10,0,,0,1.08,10,20,-10,-0.87,-0.12,11.6,21.8,-10.2,-0.89,-0.38,Matches
528,Malang Sarr\4315f30d,fr FRA,DF,Chelsea,23-019,1999,3,270,90,12.5,3.0,3,90,3,0,,12,2.00,3,1,+2,+0.67,-0.67,1.7,2.8,-1.0,-0.35,-1.29,Matches
529,Dane Scarlett\21945a9e,eng ENG,FW,Tottenham,17-324,2004,0,,,,,0,,0,0,,10,,,,,,,,,,,,Matches
530,Fabian Schär\c8aa95da,ch SUI,DF,Newcastle Utd,30-053,1991,12,1060,88,53.5,11.8,12,88,11,0,,10,1.17,13,20,-7,-0.59,+0.68,13.0,18.8,-5.8,-0.49,+0.49,Matches
531,Kjell Scherpen\f0e4c69e,nl NED,GK,Brighton,22-019,2000,0,,,,,0,,0,0,,8,,,,,,,,,,,,Matches
532,Jeffrey Schlupp\3312f911,gh GHA,MFFW,Crystal Palace,29-050,1992,18,849,47,41.0,9.4,9,81,5,9,13,3,1.11,11,12,-1,-0.11,+0.04,12.3,13.3,-1.0,-0.11,-0.26,Matches
533,Kasper Schmeichel\53af52f3,dk DEN,GK,Leicester City,35-098,1986,21,1890,90,100.0,21.0,21,90,21,0,,0,1.24,34,39,-5,-0.24,,31.4,39.2,-7.8,-0.37,,Matches
534,Ken Sema\1770bd68,se SWE,MFFW,Watford,28-134,1993,11,519,47,26.2,5.8,4,87,2,7,25,6,0.64,4,9,-5,-0.87,-0.07,5.2,9.5,-4.3,-0.75,-0.05,Matches
535,Nélson Semedo\d04b94db,pt POR,DF,Wolves,28-087,1993,20,1749,87,88.3,19.4,20,87,16,0,,2,1.65,19,15,+4,+0.21,+0.99,19.8,25.7,-5.9,-0.30,+0.13,Matches
536,Ryan Sessegnon\6aa3e78b,eng ENG,DFMF,Tottenham,21-269,2000,4,221,55,11.7,2.5,2,70,0,2,41,5,1.75,4,4,0,0.00,-0.05,5.0,3.8,+1.2,+0.50,+0.07,Matches
537,Jamie Shackleton\8d03ca5a,eng ENG,DF,Leeds United,22-126,1999,11,628,57,31.7,7.0,7,75,3,4,26,5,1.00,8,10,-2,-0.29,+0.65,9.3,10.7,-1.4,-0.20,+0.37,Matches
538,Luke Shaw\9c94165b,eng ENG,DF,Manchester Utd,26-214,1995,15,1269,85,61.3,14.1,15,85,12,0,,2,1.40,24,21,+3,+0.21,-0.12,20.2,20.0,+0.2,+0.01,-0.01,Matches
539,Jonjo Shelvey\3727dd3c,eng ENG,MF,Newcastle Utd,29-349,1992,14,1083,77,54.7,12.0,12,88,9,2,17,0,1.00,15,21,-6,-0.50,+0.91,12.3,17.7,-5.4,-0.45,+0.60,Matches
540,Francisco Sierralta\0f933743,cl CHI,DF,Watford,24-281,1997,5,427,85,21.6,4.7,5,85,4,0,,5,0.00,1,9,-8,-1.69,-1.11,2.4,9.6,-7.3,-1.53,-1.05,Matches
541,Bernardo Silva\3eb22ec9,pt POR,MFFW,Manchester City,27-185,1994,23,1972,86,91.3,21.9,23,86,19,0,,1,2.61,52,13,+39,+1.78,-0.13,47.7,15.0,+32.7,+1.49,-0.46,Matches
542,Fábio Silva\e7aa9d7c,pt POR,FWMF,Wolves,19-207,2002,12,146,12,7.4,1.6,1,74,0,11,7,9,1.50,6,2,+4,+2.47,+2.56,3.4,1.9,+1.5,+0.91,+1.32,Matches
543,Thiago Silva\86e7deaf,br BRA,DF,Chelsea,37-142,1984,20,1643,82,76.1,18.3,17,88,16,3,51,2,1.85,37,15,+22,+1.21,-0.19,32.2,16.8,+15.5,+0.85,+0.28,Matches
544,Dynel Simeu\6df49f02,eng ENG,DF,Southampton,19-335,2002,0,,,,,0,,0,0,,3,,,,,,,,,,,,Matches
545,Ellis Simms\26d3b5be,eng ENG,FW,Everton,21-037,2001,1,61,61,3.2,0.7,1,61,0,0,,6,1.00,0,0,0,0.00,+0.64,0.1,2.1,-2.0,-2.90,-2.74,Matches
546,Viljami Sinisalo\a48635b8,fi FIN,GK,Aston Villa,20-123,2001,0,,,,,0,,0,0,,1,,,,,,,,,,,,Matches
547,Moussa Sissoko\2acd49b9,fr FRA,MF,Watford,32-179,1989,20,1780,89,89.9,19.8,20,89,19,0,,0,0.60,20,37,-17,-0.86,-0.41,22.0,36.9,-14.9,-0.75,-0.47,Matches
548,Moussa Sissoko\2acd49b9,fr FRA,MF,Tottenham,32-179,1989,0,,,,,0,,0,0,,1,,,,,,,,,,,,Matches
549,Oliver Skipp\6250083a,eng ENG,MF,Tottenham,21-148,2000,18,1350,75,71.4,15.0,14,87,12,4,34,1,1.78,21,13,+8,+0.53,+1.70,22.6,16.4,+6.2,+0.41,-0.08,Matches
550,Cieran Slicker\02aed921,sct SCO,GK,Manchester City,19-149,2002,0,,,,,0,,0,0,,2,,,,,,,,,,,,Matches
551,Thierry Small\6f487e5d,eng ENG,DF,Southampton,17-194,2004,0,,,,,0,,0,0,,3,,,,,,,,,,,,Matches
552,William Smallbone\5e105217,ie IRL,MF,Southampton,21-355,2000,1,69,69,3.3,0.8,1,69,0,0,,6,1.00,2,2,0,0.00,+0.31,0.4,1.2,-0.8,-1.02,-0.91,Matches
553,Emile Smith Rowe\17695062,eng ENG,MFFW,Arsenal,21-198,2000,20,1305,65,65.9,14.5,14,85,8,6,20,1,1.80,21,21,0,0.00,-1.20,20.3,23.4,-3.1,-0.21,-1.02,Matches
554,Cédric Soares\839c14e1,pt POR,DF,Arsenal,30-164,1991,5,307,61,15.5,3.4,3,90,3,2,19,12,1.80,2,8,-6,-1.76,-2.57,3.3,9.1,-5.7,-1.69,-2.16,Matches
555,Tomáš Souček\6613c819,cz CZE,MF,West Ham,26-349,1995,22,1968,89,91.1,21.9,22,89,21,0,,0,1.68,38,28,+10,+0.46,-0.01,29.7,26.9,+2.8,+0.13,-0.55,Matches
556,Boubakary Soumaré\ae59b359,fr FRA,MF,Leicester City,22-349,1999,17,1024,60,54.2,11.4,11,78,6,6,29,4,1.35,19,24,-5,-0.44,-0.44,16.6,19.8,-3.2,-0.28,+0.20,Matches
557,Çağlar Söyüncü\21166ff4,tr TUR,DF,Leicester City,25-264,1996,18,1597,89,84.5,17.7,18,89,17,0,,1,1.28,29,31,-2,-0.11,+0.81,26.8,30.3,-3.5,-0.19,+1.15,Matches
558,Jason Steele\28300a16,eng ENG,GK,Brighton,31-177,1990,1,90,90,4.5,1.0,1,90,1,0,,16,0.00,0,2,-2,-2.00,-2.10,0.4,0.6,-0.2,-0.21,-0.16,Matches
559,Jed Steer\a8a3d139,eng ENG,GK,Aston Villa,29-141,1992,1,90,90,4.5,1.0,1,90,1,0,,18,0.00,0,3,-3,-3.00,-2.95,1.5,1.1,+0.4,+0.39,+0.74,Matches
560,Zack Steffen\42130443,us USA,GK,Manchester City,26-315,1995,1,90,90,4.2,1.0,1,90,1,0,,20,3.00,2,0,+2,+2.00,+0.22,1.9,1.0,+0.9,+0.91,-0.65,Matches
561,Dale Stephens\653ee42d,eng ENG,MF,Burnley,32-244,1989,2,123,62,6.8,1.4,1,90,1,1,33,3,0.50,0,0,0,0.00,+0.59,1.1,1.2,0.0,-0.02,+0.58,Matches
562,Jack Stephens\6adbc307,eng ENG,DF,Southampton,28-015,1994,6,486,81,23.5,5.4,6,81,5,0,,5,0.67,4,9,-5,-0.93,-0.81,6.6,7.7,-1.2,-0.22,-0.10,Matches
563,Raheem Sterling\b400bde0,eng ENG,FW,Manchester City,27-065,1994,20,1336,67,61.9,14.8,14,86,11,6,22,3,2.40,33,10,+23,+1.55,-0.64,33.4,12.1,+21.3,+1.43,-0.26,Matches
564,Finley Stevens\7e003182,wls WAL,DF,Brentford,18-307,2003,1,15,15,0.7,0.2,0,,0,1,15,14,0.00,0,0,0,0.00,+0.59,0.6,0.0,+0.5,+3.28,+3.44,Matches
565,John Stones\5eecec3d,eng ENG,DF,Manchester City,27-259,1994,8,593,74,27.5,6.6,6,90,6,2,27,10,2.63,18,1,+17,+2.58,+1.09,13.7,4.2,+9.5,+1.44,-0.13,Matches
566,James Storer\257b20e1,,GK,Wolves,,,0,,,,,0,,0,0,,1,,,,,,,,,,,,Matches
567,Robert Street\b4390912,eng ENG,FW,Crystal Palace,20-138,2001,0,,,,,0,,0,0,,2,,,,,,,,,,,,Matches
568,Pascal Struijk\f4d296e4,nl NED,DFMF,Leeds United,22-184,1999,15,1108,74,56.0,12.3,12,86,11,3,24,0,1.20,15,21,-6,-0.49,+0.54,15.8,19.9,-4.1,-0.33,+0.28,Matches
569,Crysencio Summerville\df04eb4b,nl NED,MFFW,Leeds United,20-104,2001,5,122,24,6.2,1.4,0,,0,5,24,11,0.40,2,1,+1,+0.74,+1.56,3.4,1.6,+1.9,+1.38,+1.95,Matches
570,Jakob Sørensen\953c30b0,dk DEN,DFMF,Norwich City,23-345,1998,6,370,62,17.9,4.1,4,73,3,2,40,8,1.00,2,7,-5,-1.22,+0.21,3.8,6.5,-2.6,-0.64,+0.24,Matches
571,Japhet Tanganga\e9971f2d,eng ENG,DF,Tottenham,22-317,1999,11,735,67,38.9,8.2,10,73,4,1,8,7,2.18,11,8,+3,+0.37,+0.52,12.6,11.6,+1.0,+0.12,-0.51,Matches
572,Matt Targett\e514ab62,eng ENG,DF,Aston Villa,26-146,1995,17,1431,84,72.3,15.9,17,84,14,0,,3,0.94,16,28,-12,-0.75,-2.07,14.0,23.8,-9.8,-0.62,-1.07,Matches
573,Matt Targett\e514ab62,eng ENG,DF,Newcastle Utd,26-146,1995,1,90,90,4.5,1.0,1,90,1,0,,0,3.00,3,1,+2,+2.00,+3.05,2.3,0.6,+1.7,+1.65,+2.49,Matches
574,James Tarkowski\15ea812b,eng ENG,DF,Burnley,29-084,1992,19,1710,90,95.0,19.0,19,90,19,0,,0,0.68,17,28,-11,-0.58,-0.58,18.5,29.3,-10.8,-0.57,-0.05,Matches
575,Nuno Tavares\a65c844b,pt POR,DF,Arsenal,22-016,2000,13,625,48,31.6,6.9,6,90,6,7,12,9,1.85,10,10,0,0.00,-0.60,11.0,11.3,-0.3,-0.05,-0.27,Matches
576,Charlie Taylor\cc2d7ad5,eng ENG,DF,Burnley,28-146,1993,16,1440,90,80.0,16.0,16,90,16,0,,0,0.69,16,25,-9,-0.56,-0.06,15.9,23.8,-8.0,-0.50,+0.33,Matches
577,Nathan Tella\f1e94cd6,eng ENG,MFFW,Southampton,22-221,1999,10,586,59,28.3,6.5,7,76,1,3,19,10,0.90,10,13,-3,-0.46,-0.22,7.9,9.6,-1.7,-0.26,-0.16,Matches
578,Alex Telles\e73c9bb2,br BRA,DF,Manchester Utd,29-058,1992,9,738,82,35.7,8.2,8,90,8,1,18,5,2.00,13,7,+6,+0.73,+0.73,12.0,12.5,-0.5,-0.06,-0.12,Matches
579,Bobby Thomas\6a471ee8,eng ENG,DF,Burnley,,,0,,,,,0,,0,0,,11,,,,,,,,,,,,Matches
580,Luke Thomas\fc027d02,eng ENG,DF,Leicester City,20-246,2001,13,1132,87,59.9,12.6,13,87,12,0,,1,1.31,21,23,-2,-0.16,+0.20,18.1,25.2,-7.2,-0.57,-0.49,Matches
581,Dominic Thompson\235a62f8,eng ENG,DF,Brentford,21-200,2000,2,146,73,6.8,1.6,2,73,0,0,,11,0.00,0,3,-3,-1.85,-1.36,0.8,1.5,-0.7,-0.46,-0.34,Matches
582,Youri Tielemans\56f7a928,be BEL,MF,Leicester City,24-280,1997,17,1382,81,73.1,15.4,15,88,13,2,33,0,1.29,27,28,-1,-0.07,+0.64,24.4,26.5,-2.1,-0.14,+0.87,Matches
583,Kieran Tierney\fce2302c,sct SCO,DF,Arsenal,24-251,1997,16,1376,86,69.5,15.3,16,86,13,0,,4,1.69,24,15,+9,+0.59,+0.59,22.4,18.5,+3.9,+0.26,+0.39,Matches
584,Takehiro Tomiyasu\b3af9be1,jp JPN,DF,Arsenal,23-098,1998,16,1383,86,69.8,15.4,16,86,14,0,,0,2.00,26,15,+11,+0.72,+1.02,23.2,18.7,+4.5,+0.29,+0.52,Matches
585,James Tomkins\e7ca0439,eng ENG,DF,Crystal Palace,32-319,1989,8,547,68,26.4,6.1,6,88,5,2,9,11,1.00,6,11,-5,-0.82,-0.94,6.0,8.2,-2.2,-0.37,-0.56,Matches
586,Jonathan Tomkinson\4ba27cea,us USA,DF,Norwich City,19-306,2002,0,,,,,0,,0,0,,2,,,,,,,,,,,,Matches
587,Ivan Toney\e09f279b,eng ENG,FW,Brentford,25-332,1996,21,1890,90,87.5,21.0,21,90,21,0,,0,0.90,22,35,-13,-0.62,-0.29,24.3,27.5,-3.2,-0.15,-0.12,Matches
588,Ferrán Torres\9e1035f8,es ESP,FW,Manchester City,21-347,2000,4,303,76,14.0,3.4,4,76,2,0,,3,2.25,8,1,+7,+2.08,+0.33,9.1,1.7,+7.4,+2.20,+0.78,Matches
589,Cenk Tosun\9a104dee,tr TUR,FW,Everton,30-249,1991,1,7,7,0.4,0.1,0,,0,1,7,5,0.00,0,0,0,0.00,+0.62,0.0,0.0,0.0,+0.23,+0.48,Matches
590,Andros Townsend\b28bbd58,eng ENG,MF,Everton,30-210,1991,18,1411,78,74.7,15.7,17,82,11,1,16,1,1.00,14,29,-15,-0.96,-1.33,16.6,23.1,-6.5,-0.41,-0.66,Matches
591,Adama Traoré\9a28eba4,es ESP,FW,Wolves,26-017,1996,20,1067,53,53.9,11.9,10,85,5,10,22,1,1.55,9,10,-1,-0.08,-0.38,12.8,16.0,-3.2,-0.27,+0.11,Matches
592,Bertrand Traoré\c47541e0,bf BFA,MFFW,Aston Villa,26-158,1995,6,154,26,7.8,1.7,1,79,0,5,15,1,0.50,2,3,-1,-0.58,-0.44,1.8,2.8,-0.9,-0.55,-0.26,Matches
593,Trézéguet\3ae14ed1,eg EGY,FW,Aston Villa,27-133,1994,1,11,11,0.6,0.1,0,,0,1,11,3,0.00,0,1,-1,-8.18,-8.04,0.6,0.2,+0.4,+3.31,+3.65,Matches
594,Francisco Trincão\77e39b04,pt POR,FWMF,Wolves,22-044,1999,18,999,56,50.5,11.1,13,75,1,5,4,3,1.33,7,9,-2,-0.18,-0.55,12.4,13.7,-1.3,-0.12,+0.41,Matches
595,Kieran Trippier\21512407,eng ENG,DF,Newcastle Utd,31-145,1990,3,269,90,13.6,3.0,3,90,2,0,,0,2.33,5,2,+3,+1.00,+2.21,4.5,3.1,+1.5,+0.49,+1.41,Matches
596,William Troost-Ekong\7ed4921e,ng NGA,DF,Watford,28-163,1993,16,1377,86,69.5,15.3,15,90,15,1,27,2,0.81,19,30,-11,-0.72,+0.33,16.7,30.1,-13.4,-0.87,-0.55,Matches
597,Leandro Trossard\38ceb24a,be BEL,FWMF,Brighton,27-069,1994,21,1740,83,87.9,19.3,20,86,16,1,29,0,1.38,20,21,-1,-0.05,-0.43,23.2,23.9,-0.6,-0.03,+0.21,Matches
598,Kostas Tsimikas\f315ca93,gr GRE,DF,Liverpool,25-275,1996,9,580,64,28.0,6.4,6,90,5,3,14,14,2.00,15,3,+12,+1.86,+0.11,17.0,5.4,+11.7,+1.81,+0.48,Matches
599,Axel Tuanzebe\2baec6ce,eng ENG,DF,Aston Villa,24-089,1997,9,508,56,25.7,5.6,6,83,5,3,4,8,1.44,6,10,-4,-0.71,-0.71,5.3,8.3,-3.0,-0.53,-0.28,Matches
600,Ozan Tufan\17d45fb2,tr TUR,MF,Watford,26-325,1995,7,334,48,16.9,3.7,4,61,0,3,30,9,0.57,4,9,-5,-1.35,-0.64,4.0,10.0,-6.1,-1.63,-1.11,Matches
601,Ed Turns\9bbef03e,eng ENG,DF,Brighton,19-116,2002,0,,,,,0,,0,0,,2,,,,,,,,,,,,Matches
602,Harry Tyrer\af49fb14,eng ENG,GK,Everton,20-067,2001,0,,,,,0,,0,0,,1,,,,,,,,,,,,Matches
603,Christos Tzolis\9f333379,gr GRE,FWMF,Norwich City,20-012,2002,11,308,28,14.9,3.4,3,60,0,8,16,9,0.73,0,9,-9,-2.63,-1.46,3.9,8.7,-4.7,-1.38,-0.63,Matches
604,Harvey Vale\a70182a5,eng ENG,MF,Chelsea,18-153,2003,0,,,,,0,,0,0,,1,,,,,,,,,,,,Matches
605,Yan Valery\531a4aa8,fr FRA,DF,Southampton,22-354,1999,1,90,90,4.3,1.0,1,90,1,0,,18,1.00,1,1,0,0.00,+0.32,0.4,2.4,-2.1,-2.07,-2.02,Matches
606,Raphaël Varane\9f8e9423,fr FRA,DF,Manchester Utd,28-292,1993,13,1105,85,53.4,12.3,12,90,12,1,25,1,1.92,19,10,+9,+0.73,+1.01,18.4,14.4,+3.9,+0.32,+0.65,Matches
607,Jamie Vardy\45963054,eng ENG,FW,Leicester City,35-031,1987,16,1321,83,69.9,14.7,15,86,13,1,26,2,1.38,22,23,-1,-0.07,+0.56,19.8,25.6,-5.8,-0.40,-0.08,Matches
608,Joël Veltman\dad4b285,nl NED,DF,Brighton,30-027,1992,18,1447,80,73.1,16.1,17,82,11,1,45,1,1.17,12,18,-6,-0.37,-1.39,19.8,21.4,-1.5,-0.10,-0.14,Matches
609,Jannik Vestergaard\1900032e,dk DEN,DF,Leicester City,29-192,1992,9,565,63,29.9,6.3,6,85,5,3,18,9,1.22,12,15,-3,-0.48,-0.34,11.9,13.3,-1.4,-0.22,+0.22,Matches
610,Nikola Vlašić\aa8e289e,hr CRO,FWMF,West Ham,24-130,1997,11,358,33,16.6,4.0,4,62,0,7,16,9,1.55,6,7,-1,-0.25,-0.85,5.3,6.4,-1.0,-0.26,-0.52,Matches
611,Matěj Vydra\0d4ceb32,cz CZE,FW,Burnley,29-286,1992,16,449,28,24.9,5.0,3,66,1,13,19,0,0.75,3,5,-2,-0.40,+0.20,5.0,7.2,-2.3,-0.46,+0.14,Matches
612,Theo Walcott\1ecb65be,eng ENG,MFFW,Southampton,32-332,1989,9,379,42,18.3,4.2,5,66,0,4,12,8,1.33,7,8,-1,-0.24,+0.08,4.2,6.4,-2.2,-0.51,-0.45,Matches
613,Kyle Walker\86dd77d1,eng ENG,DF,Manchester City,31-259,1990,14,1215,87,56.3,13.5,14,87,13,0,,5,2.36,28,8,+20,+1.48,-0.71,28.5,8.5,+20.1,+1.49,-0.11,Matches
614,Kyle Walker-Peters\984a5a64,eng ENG,DF,Southampton,24-304,1997,17,1348,79,65.1,15.0,15,89,14,2,8,5,1.18,19,22,-3,-0.20,+0.30,19.6,22.0,-2.5,-0.17,-0.07,Matches
615,Aaron Wan-Bissaka\9e525177,eng ENG,DF,Manchester Utd,24-077,1997,15,1343,90,64.9,14.9,15,90,14,0,,3,1.40,24,24,0,0.00,-0.74,20.5,23.9,-3.4,-0.23,-0.71,Matches
616,Danny Ward\d3ce0e89,wls WAL,GK,Leicester City,28-234,1993,0,,,,,0,,0,0,,20,,,,,,,,,,,,Matches
617,Joel Ward\8a7ff278,eng ENG,DF,Crystal Palace,32-105,1989,22,1980,90,95.7,22.0,22,90,22,0,,0,1.14,32,34,-2,-0.09,+0.91,27.8,26.6,+1.2,+0.06,+0.25,Matches
618,James Ward-Prowse\3515d404,eng ENG,MF,Southampton,27-102,1994,21,1865,89,90.1,20.7,21,89,19,0,,0,1.14,26,32,-6,-0.29,+0.15,25.9,30.2,-4.3,-0.21,-0.64,Matches
619,Ollie Watkins\aed3a70f,eng ENG,FW,Aston Villa,26-043,1995,19,1620,85,81.8,18.0,18,89,17,1,12,0,1.26,25,29,-4,-0.22,-0.22,20.1,27.3,-7.2,-0.40,-0.46,Matches
620,Adam Webster\c40b6180,eng ENG,DF,Brighton,27-038,1995,13,987,76,49.8,11.0,12,81,10,1,16,3,1.62,12,11,+1,+0.09,+0.18,13.0,12.2,+0.7,+0.07,+0.25,Matches
621,Wout Weghorst\c4e87b8b,nl NED,FW,Burnley,29-188,1992,2,180,90,10.0,2.0,2,90,2,0,,0,1.00,1,1,0,0.00,+0.61,1.4,3.1,-1.6,-0.82,-0.29,Matches
622,Danny Welbeck\ce5143da,eng ENG,FWMF,Brighton,31-077,1990,9,403,45,20.4,4.5,4,67,0,5,27,1,1.56,6,3,+3,+0.67,+0.84,3.8,4.8,-0.9,-0.21,-0.19,Matches
623,Reece Welch\a182122b,eng ENG,DF,Everton,18-145,2003,0,,,,,0,,0,0,,1,,,,,,,,,,,,Matches
624,Timo Werner\49fe9070,de GER,FW,Chelsea,25-342,1996,11,578,53,26.8,6.4,6,86,4,5,13,5,2.09,12,5,+7,+1.09,-0.22,11.0,7.2,+3.9,+0.60,-0.24,Matches
625,Ashley Westwood\495945ef,eng ENG,MF,Burnley,31-316,1990,18,1599,89,88.8,17.8,18,89,17,0,,0,0.72,17,26,-9,-0.51,+0.39,17.4,26.3,-8.8,-0.50,+0.60,Matches
626,Charlie Whitaker\08288a57,eng ENG,MF,Everton,18-148,2003,0,,,,,0,,0,0,,1,,,,,,,,,,,,Matches
627,Ben White\35e413f1,eng ENG,DF,Arsenal,24-126,1997,20,1800,90,90.9,20.0,20,90,20,0,,0,1.95,34,18,+16,+0.80,+4.30,32.3,23.0,+9.3,+0.47,+3.62,Matches
628,Harvey White\4d90ce8c,eng ENG,MF,Tottenham,20-145,2001,0,,,,,0,,0,0,,3,,,,,,,,,,,,Matches
629,Joe White\d60c03a9,eng ENG,MF,Newcastle Utd,19-133,2002,0,,,,,0,,0,0,,3,,,,,,,,,,,,Matches
630,Brandon Williams\5e74d6c8,eng ENG,DF,Manchester Utd,21-161,2000,0,,,,,0,,0,0,,1,,,,,,,,,,,,Matches
631,Brandon Williams\5e74d6c8,eng ENG,DF,Norwich City,21-161,2000,17,1403,83,67.8,15.6,15,88,12,2,45,3,0.88,12,29,-17,-1.09,+0.93,13.2,26.6,-13.4,-0.86,-0.07,Matches
632,Neco Williams\dd323728,wls WAL,DF,Liverpool,20-304,2001,1,8,8,0.4,0.1,0,,0,1,8,12,3.00,1,0,+1,+11.25,+9.50,0.6,0.4,+0.2,+2.52,+1.06,Matches
633,Joe Willock\a3b03921,eng ENG,MF,Newcastle Utd,22-175,1999,18,1229,68,62.1,13.7,15,78,5,3,18,2,0.83,13,26,-13,-0.95,-0.11,14.2,21.7,-7.6,-0.56,+0.44,Matches
634,Callum Wilson\c596fcb0,eng ENG,FW,Newcastle Utd,29-349,1992,15,1184,79,59.8,13.2,14,84,10,1,12,0,0.60,12,29,-17,-1.29,-0.95,9.5,23.4,-13.9,-1.05,-0.83,Matches
635,Josh Wilson-Esbrand\c19a2df1,eng ENG,DF,Manchester City,19-047,2002,0,,,,,0,,0,0,,6,,,,,,,,,,,,Matches
636,Harry Winks\2f7acede,eng ENG,MF,Tottenham,26-009,1996,10,616,62,32.6,6.8,7,83,4,3,12,8,1.70,9,10,-1,-0.15,-0.29,13.0,8.9,+4.2,+0.61,+0.26,Matches
637,Yoane Wissa\2500cef9,cd COD,FWMF,Brentford,25-161,1996,16,517,32,23.9,5.7,3,75,1,13,22,3,1.00,6,10,-4,-0.70,-0.15,5.1,6.0,-0.9,-0.16,-0.03,Matches
638,Chris Wood\4e9a0555,nz NZL,FW,Burnley,30-066,1991,17,1367,80,75.9,15.2,17,80,6,0,,0,0.65,15,26,-11,-0.72,-0.72,14.3,23.8,-9.5,-0.63,-0.26,Matches
639,Chris Wood\4e9a0555,nz NZL,FW,Newcastle Utd,30-066,1991,3,270,90,13.6,3.0,3,90,3,0,,0,2.33,5,2,+3,+1.00,+2.21,4.8,3.1,+1.8,+0.59,+1.52,Matches
640,Ben Woodburn\8aadeaef,wls WAL,FWMF,Liverpool,22-119,1999,0,,,,,0,,0,0,,1,,,,,,,,,,,,Matches
641,Freddie Woodman\19e50035,eng ENG,GK,Newcastle Utd,24-344,1997,4,360,90,18.2,4.0,4,90,4,0,,1,0.25,5,12,-7,-1.75,-1.03,4.3,9.1,-4.8,-1.21,-0.60,Matches
642,Granit Xhaka\e61b8aee,ch SUI,MF,Arsenal,29-137,1992,11,915,83,46.2,10.2,11,83,8,0,,0,1.64,20,12,+8,+0.79,+0.70,16.3,14.5,+1.8,+0.18,+0.08,Matches
643,Andriy Yarmolenko\849c826a,ua UKR,FWMF,West Ham,32-111,1989,11,95,9,4.4,1.1,0,,0,11,9,12,1.55,0,1,-1,-0.95,-1.47,2.4,1.5,+0.9,+0.84,+0.70,Matches
644,Ashley Young\be927d03,eng ENG,FWDF,Aston Villa,36-217,1985,13,746,57,37.7,8.3,7,80,3,6,31,7,1.54,13,13,0,0.00,+0.29,7.6,11.5,-3.9,-0.47,-0.25,Matches
645,Nathan Young-Coombes\f9682888,eng ENG,FW,Brentford,19-027,2003,0,,,,,0,,0,0,,2,,,,,,,,,,,,Matches
646,Wilfried Zaha\b2bc3b1f,ci CIV,FW,Crystal Palace,29-093,1992,18,1481,82,71.5,16.5,17,86,15,1,24,0,1.11,21,23,-2,-0.12,+0.03,19.5,17.6,+1.9,+0.12,+0.26,Matches
647,Andi Zeqiri\d01231f0,ch SUI,FW,Brighton,22-234,1999,0,,,,,0,,0,0,,3,,,,,,,,,,,,Matches
648,Christoph Zimmermann\2d5f03bf,de GER,DF,Norwich City,29-030,1993,0,,,,,0,,0,0,,3,,,,,,,,,,,,Matches
649,Oleksandr Zinchenko\51cf8561,ua UKR,DF,Manchester City,25-058,1996,7,507,72,23.5,5.6,5,90,5,2,29,11,2.57,22,4,+18,+3.20,+1.83,16.7,3.9,+12.7,+2.26,+0.95,Matches
650,Hakim Ziyech\6622454d,ma MAR,FWMF,Chelsea,28-329,1993,13,786,60,36.4,8.7,9,77,3,4,23,9,1.92,14,5,+9,+1.03,-0.35,14.6,6.2,+8.3,+0.95,+0.28,Matches
651,Kurt Zouma\ce4246f5,fr FRA,DF,Chelsea,27-107,1994,0,,,,,0,,0,0,,2,,,,,,,,,,,,Matches
652,Kurt Zouma\ce4246f5,fr FRA,DF,West Ham,27-107,1994,13,1150,88,53.2,12.8,13,88,12,0,,1,1.69,18,15,+3,+0.23,-0.48,15.0,15.3,-0.3,-0.02,-0.42,Matches
653,Martin Ødegaard\79300479,no NOR,MF,Arsenal,23-056,1998,20,1376,69,69.5,15.3,16,80,8,4,26,0,1.95,26,16,+10,+0.65,+0.80,23.5,17.9,+5.6,+0.36,+0.74,Matches