,,,,,,,,Performance,Performance,Performance,Performance,Performance,Performance,,,,Performance,Performance,Performance,Performance,Aerial Duels,Aerial Duels,Aerial Duels,
Rk,Player,Nation,Pos,Squad,Age,Born,90s,CrdY,CrdR,2CrdY,Fls,Fld,Off,Crs,Int,TklW,PKwon,PKcon,OG,Recov,Won,Lost,Won%,Matches
1,Tammy Abraham\f586779e,eng ENG,FW,Roma,24-132,1997,21.6,7,0,0,35,29,13,12,8,18,0,1,0,73,58,63,47.9,Matches
2,Francesco Acerbi\b96b595c,it ITA,DF,Lazio,34-001,1988,17.1,1,1,0,14,11,3,1,33,8,1,0,0,176,48,25,65.8,Matches
3,Michel Aebischer\f9c927de,ch SUI,MF,Bologna,25-036,1997,0.1,0,0,0,2,0,0,1,0,1,0,0,0,2,0,1,0.0,Matches
4,Felix Afena-Gyan\0154d290,gh GHA,FW,Roma,19-023,2003,4.2,4,1,1,8,12,3,4,5,1,0,0,0,30,4,7,36.4,Matches
5,Kevin Agudelo\46fa7204,co COL,FWMF,Spezia,23-089,1998,4.0,1,1,0,17,7,0,4,2,11,0,0,0,27,7,9,43.8,Matches
6,Ola Aina\246d153b,ng NGA,DF,Torino,25-126,1996,11.8,4,0,0,17,24,0,27,27,12,0,0,0,102,14,18,43.8,Matches
7,Jean-Daniel Akpa-Akpro\fdf4b948,ci CIV,MF,Lazio,29-123,1992,3.4,1,0,0,13,10,0,0,3,8,0,1,0,23,6,7,46.2,Matches
8,Luis Alberto\5294a83f,es ESP,MF,Lazio,29-136,1992,16.0,4,0,0,7,20,1,29,13,15,0,0,0,115,7,7,50.0,Matches
9,Giorgio Altare\aa5322d5,it ITA,DF,Cagliari,23-186,1998,3.5,3,0,0,11,3,1,1,12,6,0,0,0,46,5,10,33.3,Matches
10,Kelvin Amian\bcc81786,fr FRA,DF,Spezia,24-003,1998,17.9,4,1,0,27,11,0,13,31,23,0,0,0,87,22,29,43.1,Matches
11,Nadiem Amiri\555d5edd,de GER,FW,Genoa,25-107,1996,0.4,0,0,0,0,0,0,0,1,0,0,0,0,5,1,0,100.0,Matches
12,Ethan Ampadu\10b9fa99,wls WAL,MFDF,Venezia,21-150,2000,13.1,7,1,0,21,14,0,12,35,24,0,0,0,118,21,15,58.3,Matches
13,Sofyan Amrabat\5a2cb25d,ma MAR,MF,Fiorentina,25-174,1996,2.5,3,0,0,9,1,0,2,3,7,0,0,0,28,1,4,20.0,Matches
14,Felipe Anderson\9f1893b9,br BRA,FW,Lazio,28-302,1993,19.5,1,0,0,27,22,5,47,23,29,0,0,0,111,10,17,37.0,Matches
15,Ebenezer Annan\39aa05a7,gh GHA,DF,Bologna,19-174,2002,0.3,0,0,0,0,0,0,0,1,0,0,0,0,4,0,0,,Matches
16,Cristian Ansaldi\bbafc0c4,ar ARG,DF,Torino,35-144,1986,4.0,0,0,0,3,4,2,18,4,4,0,0,0,32,2,2,50.0,Matches
17,Janis Antiste\38d9ce53,fr FRA,FWMF,Spezia,19-177,2002,6.9,0,0,0,12,5,3,4,3,11,0,0,0,30,10,19,34.5,Matches
18,Mattia Aramu\0847b5a5,it ITA,FWMF,Venezia,26-273,1995,13.1,4,0,0,18,44,5,30,8,7,0,0,0,61,6,25,19.4,Matches
19,Marko Arnautović\00459419,at AUT,FW,Bologna,32-298,1989,18.3,3,0,0,32,20,9,9,9,9,0,0,0,80,37,45,45.1,Matches
20,Tolgay Arslan\963a328b,de GER,MF,Udinese,31-179,1990,13.3,5,0,0,22,31,0,19,19,15,1,0,0,121,4,5,44.4,Matches
21,Arthur\a820e429,br BRA,FW,Fiorentina,23-292,1998,0.8,0,0,0,3,3,0,1,1,0,0,0,0,0,2,1,66.7,Matches
22,Kristoffer Askildsen\a69cc629,no NOR,MF,Sampdoria,21-033,2001,8.1,5,0,0,19,14,0,1,18,9,0,0,1,74,23,15,60.5,Matches
23,Kristjan Asllani\0fdcef0e,al ALB,MF,Empoli,19-339,2002,2.1,1,0,0,4,6,0,2,4,1,0,0,0,19,0,3,0.0,Matches
24,Emil Audero\649b01d8,it ITA,GK,Sampdoria,25-024,1997,19.5,1,0,0,0,5,0,0,0,0,0,0,0,69,0,0,,Matches
25,Tommaso Augello\3cd3b384,it ITA,DF,Sampdoria,27-165,1994,18.8,0,0,0,10,15,0,45,29,20,0,0,0,159,31,19,62.0,Matches
26,Ramzi Aya\6a1f66a7,it ITA,DF,Salernitana,31-193,1990,1.5,1,0,0,1,0,0,1,2,1,0,0,0,7,1,1,50.0,Matches
27,Kaan Ayhan\2200181e,tr TUR,DF,Sassuolo,27-093,1994,6.8,1,1,0,7,3,0,1,11,6,0,0,0,56,22,16,57.9,Matches
28,Milan Badelj\e8c930bb,hr CRO,MF,Genoa,32-351,1989,19.7,2,0,0,28,16,0,8,81,31,1,0,0,202,16,19,45.7,Matches
29,Nedim Bajrami\f42d6c13,al ALB,MF,Empoli,22-348,1999,14.4,1,0,0,11,15,5,46,6,16,0,0,0,75,2,15,11.8,Matches
30,Tiemoué Bakayoko\59bf127b,fr FRA,MF,Milan,27-178,1994,5.4,3,0,0,14,11,0,1,10,14,0,1,0,69,18,4,81.8,Matches
31,Keita Baldé\509a4ccb,sn SEN,FWMF,Cagliari,26-340,1995,9.8,2,0,0,20,17,9,7,2,3,1,1,0,32,14,40,25.9,Matches
32,Fodé Ballo-Touré\f449640d,sn SEN,DF,Milan,25-039,1997,4.9,2,0,0,13,9,1,16,4,12,0,1,0,49,7,10,41.2,Matches
33,Filippo Bandinelli\d44360be,it ITA,MF,Empoli,26-319,1995,11.9,7,0,0,27,10,4,26,15,12,0,1,0,91,8,19,29.6,Matches
34,Mattia Bani\0821331c,it ITA,DF,Genoa,28-063,1993,7.7,0,0,0,6,13,0,0,24,3,0,0,0,82,36,19,65.5,Matches
35,Antonín Barák\01efac19,cz CZE,FWMF,Hellas Verona,27-070,1994,18.0,3,0,0,21,18,3,15,8,11,1,0,0,141,34,51,40.0,Matches
36,Nicolò Barella\6928979a,it ITA,MF,Inter,25-004,1997,18.8,6,0,0,22,33,2,38,15,19,1,0,0,168,13,18,41.9,Matches
37,Musa Barrow\e5bf73f3,gm GAM,FWMF,Bologna,23-089,1998,14.4,0,0,0,7,12,3,24,7,9,0,0,0,57,14,32,30.4,Matches
38,Daniele Baselli\ea06dd97,it ITA,MFFW,Torino,29-336,1992,1.7,0,0,0,4,4,1,3,3,0,0,0,0,24,1,9,10.0,Matches
39,Daniele Baselli\ea06dd97,it ITA,FW,Cagliari,29-336,1992,0.1,0,0,0,0,0,0,0,0,0,0,0,0,2,0,0,,Matches
40,Toma Bašić\80556f08,hr CRO,MF,Lazio,25-078,1996,7.1,3,0,0,9,5,0,6,6,2,0,0,0,43,6,6,50.0,Matches
41,Alessandro Bastoni\75b86fb3,it ITA,DF,Inter,22-304,1999,18.4,3,0,0,26,26,0,13,24,22,0,1,0,172,41,20,67.2,Matches
42,Simone Bastoni\1ac232b8,it ITA,DFMF,Spezia,25-098,1996,18.1,3,1,0,29,25,1,38,34,23,0,0,0,160,19,14,57.6,Matches
43,Rodrigo Becão\19e4eab9,br BRA,DF,Udinese,26-023,1996,20.8,5,0,0,25,30,3,3,25,39,0,1,0,141,46,19,70.8,Matches
44,Valon Behrami\d3d758d8,ch SUI,MF,Genoa,36-298,1985,3.5,3,0,0,8,5,0,3,5,3,0,0,0,21,0,9,0.0,Matches
45,Vid Belec\4f8ce0e1,si SVN,GK,Salernitana,31-250,1990,20.0,0,0,0,0,1,0,0,0,0,0,0,0,77,0,0,,Matches
46,Raoul Bellanova\e3756e72,it ITA,DFMF,Cagliari,21-239,2000,14.3,2,0,0,7,17,1,43,30,10,0,1,0,83,15,19,44.1,Matches
47,Andrea Belotti\d705ba44,it ITA,FW,Torino,28-053,1993,5.3,0,0,0,7,20,8,4,7,0,0,0,0,16,23,42,35.4,Matches
48,Marco Benassi\0000acda,it ITA,MF,Empoli,27-156,1994,0.4,1,0,0,1,0,0,2,0,0,0,0,0,3,1,0,100.0,Matches
49,Marco Benassi\0000acda,it ITA,DFMF,Fiorentina,27-156,1994,1.8,1,0,0,4,0,0,1,4,3,0,0,0,14,3,4,42.9,Matches
50,Ismaël Bennacer\db092d3b,dz ALG,MF,Milan,24-072,1997,9.7,3,0,0,12,38,0,13,21,21,0,0,0,112,7,9,43.8,Matches
51,Rodrigo Bentancur\3b8674e6,uy URU,MF,Juventus,24-251,1997,12.8,1,0,0,26,12,0,4,38,27,0,0,0,121,22,16,57.9,Matches
52,Domenico Berardi\53a0e358,it ITA,FW,Sassuolo,27-194,1994,20.3,5,0,0,39,53,8,35,30,10,1,0,0,149,18,16,52.9,Matches
53,Bartosz Bereszyński\61b3978f,pl POL,DF,Sampdoria,29-214,1992,19.7,9,0,0,26,19,0,31,27,26,0,0,0,186,37,10,78.7,Matches
54,Federico Bernardeschi\ee93c1a9,it ITA,FWMF,Juventus,27-360,1994,11.7,3,0,0,15,20,3,21,9,11,0,0,0,78,7,12,36.8,Matches
55,Daniel Bessa\88895312,it ITA,MFFW,Hellas Verona,29-028,1993,4.4,2,1,1,13,6,1,5,4,4,0,0,0,50,7,5,58.3,Matches
56,Beto\ed5c0319,gw GNB,FW,Udinese,24-011,1998,18.7,1,0,0,39,21,6,7,7,7,0,0,0,72,60,101,37.3,Matches
57,Luis Binks\36e88fbc,eng ENG,DF,Bologna,20-162,2001,4.8,2,0,0,5,6,0,0,15,2,0,0,0,45,15,12,55.6,Matches
58,Cristiano Biraghi\9e1577aa,it ITA,DF,Fiorentina,29-163,1992,20.7,5,1,1,20,18,3,77,20,11,0,0,1,136,1,16,5.9,Matches
59,Davide Biraschi\64cd167d,it ITA,DF,Genoa,27-224,1994,10.3,4,0,0,12,12,0,8,15,19,0,0,0,87,25,16,61.0,Matches
60,Bjarki Bjarkason\f1d25de7,is ISL,FW,Venezia,21-276,2000,0.0,0,0,0,0,1,0,0,0,0,0,0,0,0,0,0,,Matches
61,Jeremie Boga\fe012aca,ci CIV,MF,Atalanta,25-039,1997,0.4,0,0,0,0,2,0,0,0,0,0,0,0,1,0,0,,Matches
62,Jeremie Boga\fe012aca,ci CIV,FWMF,Sassuolo,25-039,1997,7.4,0,0,0,1,12,2,14,3,3,1,0,0,40,1,5,16.7,Matches
63,Luka Bogdan\cb678320,hr CRO,DF,Salernitana,25-322,1996,5.4,0,0,0,3,1,0,2,15,4,0,0,0,22,8,7,53.3,Matches
64,Emil Bohinen\c83c203f,no NOR,MF,Salernitana,22-336,1999,0.3,0,0,0,0,0,0,1,0,0,0,0,0,3,0,1,0.0,Matches
65,Giacomo Bonaventura\d995ed27,it ITA,MF,Fiorentina,32-173,1989,19.8,5,0,0,22,47,1,15,22,13,2,0,0,145,14,15,48.3,Matches
66,Federico Bonazzoli\bf57eaab,it ITA,FW,Salernitana,24-266,1997,12.0,4,0,0,18,45,5,6,3,8,0,0,0,65,11,22,33.3,Matches
67,Kevin Bonifazi\fb77bfef,it ITA,DF,Bologna,25-268,1996,8.7,2,0,0,12,7,0,2,12,7,0,1,1,91,21,12,63.6,Matches
68,Leonardo Bonucci\52ec54d0,it ITA,DF,Juventus,34-286,1987,15.0,1,0,0,14,5,1,1,27,4,0,0,0,118,32,24,57.1,Matches
69,Mehdi Bourabia\0d077b88,ma MAR,MF,Spezia,30-188,1991,2.8,0,0,0,5,7,0,0,5,1,0,0,0,26,2,0,100.0,Matches
70,Edoardo Bove\ae94a6c5,it ITA,MFDF,Roma,19-271,2002,0.4,0,0,0,0,0,0,1,0,1,0,0,0,3,0,1,0.0,Matches
71,Josip Brekalo\d4a2533d,hr CRO,FWMF,Torino,23-233,1998,13.7,1,0,0,17,11,4,47,5,3,0,0,0,92,13,25,34.2,Matches
72,Gleison Bremer\5fd5ed86,br BRA,DF,Torino,24-330,1997,20.3,5,0,0,41,12,3,1,88,20,0,0,0,296,92,79,53.8,Matches
73,Marcelo Brozović\33b8d077,hr CRO,MF,Inter,29-087,1992,21.2,4,0,0,38,30,0,13,37,26,0,0,0,242,13,18,41.9,Matches
74,Aleksander Buksa\59f2d958,pl POL,FW,Genoa,19-027,2003,0.7,0,0,0,2,0,0,1,0,0,0,0,0,5,3,3,50.0,Matches
75,Alessandro Buongiorno\4ae67f27,it ITA,DF,Torino,22-250,1999,9.0,4,0,0,24,12,1,4,23,8,0,0,0,92,39,25,60.9,Matches
76,Gianluca Busio\4a0b7f07,us USA,MF,Venezia,19-259,2002,16.4,4,0,0,29,15,0,10,29,28,0,0,0,102,21,21,50.0,Matches
77,Liberato Cacace\dd86e8e4,nz NZL,DF,Empoli,21-137,2000,0.2,1,0,0,2,1,0,0,2,0,0,0,0,4,1,0,100.0,Matches
78,Martín Cáceres\e94d79e3,uy URU,DF,Cagliari,34-310,1987,9.2,3,1,0,7,9,0,12,22,12,0,0,0,95,8,9,47.1,Matches
79,Felipe Caicedo\93b891d1,ec ECU,FW,Genoa,33-159,1988,3.2,1,0,0,7,3,4,1,0,2,1,0,0,15,15,16,48.4,Matches
80,Davide Calabria\2146785a,it ITA,DF,Milan,25-067,1996,11.2,2,0,0,7,9,0,21,20,18,0,0,0,101,6,17,26.1,Matches
81,Riccardo Calafiori\aded8e6f,it ITA,DF,Genoa,19-268,2002,0.6,1,0,0,1,0,0,0,1,0,0,0,0,6,1,0,100.0,Matches
82,Riccardo Calafiori\aded8e6f,it ITA,DF,Roma,19-268,2002,1.9,2,0,0,5,0,0,2,5,2,0,0,0,10,1,1,50.0,Matches
83,Mattia Caldara\ac7e640b,it ITA,DF,Venezia,27-282,1994,18.0,6,0,0,15,15,1,0,60,21,1,1,0,133,35,35,50.0,Matches
84,Hakan Çalhanoğlu\cd0fa27b,tr TUR,MF,Inter,28-003,1994,15.3,7,0,0,22,22,0,30,15,17,1,0,0,134,6,10,37.5,Matches
85,José Callejón\78841da9,es ESP,FW,Fiorentina,35-000,1987,13.0,0,0,0,3,16,3,30,12,13,0,1,0,63,8,12,40.0,Matches
86,Andrea Cambiaso\247ed022,it ITA,DF,Genoa,21-356,2000,18.0,5,1,1,23,15,1,44,28,26,0,0,0,152,11,20,35.5,Matches
87,Matteo Cancellieri\b6a1cdf9,it ITA,MFDF,Hellas Verona,19-364,2002,1.9,0,0,0,7,3,1,3,1,2,0,0,0,10,5,9,35.7,Matches
88,Antonio Candreva\356c9002,it ITA,MFFW,Sampdoria,34-348,1987,22.8,4,1,0,10,30,7,126,34,9,0,0,0,150,3,7,30.0,Matches
89,Leonardo Capezzi\07ea0ef2,it ITA,MF,Salernitana,26-320,1995,1.9,0,0,0,4,2,0,0,1,2,0,0,0,18,2,6,25.0,Matches
90,Gianluca Caprari\54e53b7e,it ITA,FWMF,Hellas Verona,28-196,1993,17.3,3,0,0,35,43,9,38,10,20,0,0,0,94,2,25,7.4,Matches
91,Francesco Caputo\5bd72174,it ITA,FW,Sampdoria,34-189,1987,18.0,0,0,0,14,23,26,13,3,3,2,0,0,47,22,32,40.7,Matches
92,Francesco Caputo\5bd72174,it ITA,FW,Sassuolo,34-189,1987,1.7,1,0,0,1,3,0,0,0,0,0,0,0,6,1,1,50.0,Matches
93,Andrea Carboni\f7e2af2c,it ITA,DF,Cagliari,21-007,2001,19.5,5,0,0,14,7,0,16,44,25,0,0,1,159,48,35,57.8,Matches
94,Nicolò Casale\3f5f38fb,it ITA,DF,Hellas Verona,23-362,1998,17.7,4,0,0,27,11,0,10,40,19,0,0,0,174,48,37,56.5,Matches
95,Francesco Cassata\96960855,it ITA,MF,Genoa,24-210,1997,0.1,0,0,0,0,1,0,1,1,0,0,0,0,1,0,0,,Matches
96,Samu Castillejo\130a7a3f,es ESP,FWMF,Milan,27-024,1995,1.4,1,0,0,2,3,0,5,2,1,1,0,0,10,3,4,42.9,Matches
97,Gaetano Castrovilli\0728bebe,it ITA,MF,Fiorentina,24-359,1997,7.0,3,0,0,9,23,0,13,13,6,0,0,0,50,3,6,33.3,Matches
98,Danilo Cataldi\ba3d3bea,it ITA,MF,Lazio,27-189,1994,12.9,6,0,0,12,11,0,7,20,10,0,1,0,103,4,5,44.4,Matches
99,Pietro Ceccaroni\4d1efb48,it ITA,DF,Venezia,26-052,1995,21.7,5,1,0,19,17,0,6,51,15,0,1,0,168,38,24,61.3,Matches
100,Federico Ceccherini\d9624b51,it ITA,DF,Hellas Verona,29-276,1992,15.2,6,0,0,33,17,2,2,34,15,0,0,0,160,48,29,62.3,Matches
101,Emil Ceide\98a84572,no NOR,FW,Sassuolo,20-161,2001,0.1,0,0,0,0,0,0,0,0,0,0,0,0,1,0,0,,Matches
102,Luca Ceppitelli\7d50454d,it ITA,DF,Cagliari,32-184,1989,12.1,2,0,0,13,5,1,1,28,7,0,0,0,113,37,14,72.5,Matches
103,Damir Ceter\eade5337,co COL,FW,Cagliari,24-101,1997,0.1,0,0,0,0,0,0,0,0,0,0,0,0,0,0,1,0.0,Matches
104,Julian Chabot\ae7058f9,de GER,DF,Sampdoria,23-364,1998,5.4,5,0,0,12,12,0,0,12,7,0,0,0,54,21,13,61.8,Matches
105,Giorgio Chiellini\e85fb9b8,it ITA,DF,Juventus,37-181,1984,10.5,2,0,0,11,20,1,1,11,9,0,0,0,94,37,17,68.5,Matches
106,Federico Chiesa\b0f7e36c,it ITA,MFFW,Juventus,24-109,1997,9.6,0,0,0,12,20,1,23,8,17,1,0,0,64,3,12,20.0,Matches
107,Vlad Chiricheș\c316607a,ro ROU,DF,Sassuolo,32-089,1989,17.6,4,0,0,26,10,1,0,39,13,0,2,0,143,32,39,45.1,Matches
108,Riccardo Ciervo\da77b60b,it ITA,MFDF,Sampdoria,19-316,2002,2.5,0,0,0,2,1,0,8,5,5,0,0,0,14,0,3,0.0,Matches
109,Giorgio Cittadini\e4ba67f2,it ITA,DF,Atalanta,19-299,2002,0.0,0,0,0,0,0,0,0,0,0,0,0,0,0,0,0,,Matches
110,Ebrima Colley\bf356094,gm GAM,FWMF,Spezia,22-010,2000,4.0,1,0,0,11,13,2,12,3,3,0,0,0,27,2,7,22.2,Matches
111,Omar Colley\8b95acda,gm GAM,DF,Sampdoria,29-110,1992,17.5,5,0,0,17,25,1,0,71,25,0,0,0,171,53,25,67.9,Matches
112,Andrea Consigli\8cabdc1e,it ITA,GK,Sassuolo,35-015,1987,23.0,2,0,0,2,3,0,0,0,0,0,2,0,116,0,0,,Matches
113,Andrea Conti\8fef5412,it ITA,DF,Sampdoria,27-346,1994,0.5,0,0,0,1,0,0,0,2,1,0,0,0,3,0,2,0.0,Matches
114,Andrea Conti\8fef5412,it ITA,DF,Milan,27-346,1994,0.1,0,0,0,0,0,0,0,0,0,0,0,0,1,0,0,,Matches
115,Diego Coppola\22ae86f9,it ITA,DF,Hellas Verona,18-045,2003,0.1,0,0,0,0,0,0,0,0,1,0,0,0,0,0,0,,Matches
116,Joaquín Correa\45b9b619,ar ARG,FW,Inter,27-182,1994,6.1,2,0,0,6,11,1,8,2,3,0,0,0,27,4,11,26.7,Matches
117,Lassana Coulibaly\85a44ecc,ml MLI,MF,Salernitana,25-307,1996,13.5,1,0,0,12,26,0,5,18,14,0,0,0,133,17,14,54.8,Matches
118,Mamadou Coulibaly\c976160c,sn SEN,MFFW,Salernitana,23-008,1999,8.2,1,0,0,16,8,0,5,19,9,0,0,0,90,8,9,47.1,Matches
119,Alessio Cragno\f554e29b,it ITA,GK,Cagliari,27-228,1994,21.0,2,0,0,1,6,0,0,0,0,0,1,0,87,0,0,,Matches
120,Domenico Criscito\35dd6d80,it ITA,DF,Genoa,35-043,1986,14.4,3,0,0,17,26,0,21,34,18,0,0,0,174,24,10,70.6,Matches
121,Bryan Cristante\16657b95,it ITA,MF,Roma,26-345,1995,18.8,6,0,0,27,13,0,10,31,32,0,1,1,196,49,43,53.3,Matches
122,Domen Črnigoj\22cd43d2,si SVN,MF,Venezia,26-085,1995,12.1,3,0,0,21,9,0,15,30,10,0,0,0,91,20,32,38.5,Matches
123,Giovanni Crociata\8c964914,it ITA,FW,Empoli,24-184,1997,0.2,0,0,0,1,0,0,0,0,0,0,0,0,2,0,0,,Matches
124,Juan Cuadrado\0ab1f153,co COL,DFMF,Juventus,33-261,1988,18.0,5,0,0,19,36,0,57,30,21,0,0,0,162,14,10,58.3,Matches
125,Mickaël Cuisance\5722eced,fr FRA,MF,Venezia,22-179,1999,3.2,1,0,0,8,2,0,6,9,2,0,0,0,23,5,1,83.3,Matches
126,Patrick Cutrone\a4fe8cda,it ITA,FW,Empoli,24-039,1998,11.1,1,0,0,11,13,16,17,7,4,1,0,0,33,8,30,21.1,Matches
127,Danilo D'Ambrosio\44eb9093,it ITA,DF,Inter,33-155,1988,5.7,0,0,0,7,2,0,3,5,10,0,0,0,43,10,12,45.5,Matches
128,Mikkel Damsgaard\215f3907,dk DEN,MFFW,Sampdoria,21-223,2000,5.7,1,0,0,9,8,0,9,9,8,0,0,0,45,4,4,50.0,Matches
129,Danilo\94b2001f,br BRA,DFMF,Juventus,30-211,1991,11.0,4,0,0,13,4,0,8,19,11,0,0,0,105,25,10,71.4,Matches
130,Ebrima Darboe\cf043a33,gm GAM,MF,Roma,20-250,2001,0.7,0,0,0,1,1,0,0,2,2,0,0,0,5,0,0,,Matches
131,Matteo Darmian\96e0490d,it ITA,DF,Inter,32-071,1989,12.1,2,0,0,17,15,0,27,14,18,1,0,0,65,14,3,82.4,Matches
132,Paweł Dawidowicz\16bb656a,pl POL,DF,Hellas Verona,26-267,1995,13.2,3,0,0,26,15,0,4,23,19,0,1,0,122,31,22,58.5,Matches
133,Sebastien De Maio\952a03fe,fr FRA,DF,Udinese,34-343,1987,2.0,0,0,0,5,0,0,0,3,2,0,0,0,29,3,3,50.0,Matches
134,Tommaso De Nipoti\7f9d956a,it ITA,MF,Atalanta,18-203,2003,0.1,0,0,0,0,0,1,0,0,0,0,0,0,1,1,0,100.0,Matches
135,Mattia De Sciglio\ae4e2852,it ITA,DF,Juventus,29-114,1992,7.3,1,0,0,8,4,0,20,15,6,0,0,0,52,11,10,52.4,Matches
136,Lorenzo De Silvestri\e74f0e59,it ITA,DF,Bologna,33-264,1988,15.9,5,0,0,20,18,0,29,22,12,1,0,0,109,54,33,62.1,Matches
137,Grégoire Defrel\854ee61a,mq MTQ,FW,Sassuolo,30-239,1991,9.5,3,0,0,11,16,2,0,5,13,0,0,0,42,8,23,25.8,Matches
138,Alessandro Deiola\7f267d66,it ITA,MF,Cagliari,26-194,1995,15.0,5,0,0,26,21,0,4,21,16,0,0,0,129,26,18,59.1,Matches
139,Filippo Delli Carri\d2e8fd9b,it ITA,DF,Salernitana,22-284,1999,4.7,1,0,0,2,3,0,3,7,5,0,0,0,25,3,3,50.0,Matches
140,Merih Demiral\e3cceee6,tr TUR,DF,Atalanta,23-343,1998,13.7,4,0,0,23,11,2,0,40,15,0,1,0,112,59,16,78.7,Matches
141,Diego Demme\dc3fa3b5,de GER,MF,Napoli,30-082,1991,4.6,4,0,0,13,7,0,4,7,6,0,0,0,40,3,3,50.0,Matches
142,Fabio Depaoli\d97f2e8d,it ITA,MFDF,Sampdoria,24-293,1997,1.2,1,0,0,8,1,0,2,2,0,0,0,0,7,1,3,25.0,Matches
143,Fabio Depaoli\d97f2e8d,it ITA,DF,Hellas Verona,24-293,1997,2.5,2,0,0,6,5,2,14,4,2,0,0,0,24,5,5,50.0,Matches
144,Mattia Destro\d7d32194,it ITA,FW,Genoa,30-328,1991,13.2,3,0,0,27,23,13,2,5,4,0,0,0,42,47,58,44.8,Matches
145,Gerard Deulofeu\39583cfd,es ESP,FWMF,Udinese,27-335,1994,16.1,5,0,0,18,27,10,40,17,4,0,0,0,81,0,21,0.0,Matches
146,Jacopo Dezi\e921b9db,it ITA,MF,Venezia,30-001,1992,0.2,0,0,0,0,0,0,1,1,0,0,0,0,5,1,0,100.0,Matches
147,Samuel Di Carmine\ef94dc2f,it ITA,FW,Hellas Verona,33-144,1988,0.4,1,0,0,1,2,0,0,0,0,0,0,0,2,0,1,0.0,Matches
148,Federico Di Francesco\1fca9171,it ITA,FWMF,Empoli,27-242,1994,10.7,1,0,0,22,23,8,23,6,6,1,0,0,59,4,17,19.0,Matches
149,Giovanni Di Lorenzo\230a2fac,it ITA,DF,Napoli,28-191,1993,23.8,3,0,0,31,35,6,32,31,33,1,0,0,194,45,24,65.2,Matches
150,Francesco Di Mariano\35a2557c,it ITA,FW,Venezia,25-297,1996,0.7,0,0,0,1,1,0,2,0,1,0,0,0,0,0,1,0.0,Matches
151,Francesco Di Tacchio\b5c3ff9f,it ITA,MF,Salernitana,31-297,1990,13.9,3,0,0,30,28,0,3,36,11,0,0,1,142,18,19,48.6,Matches
152,Amadou Diawara\bf309d24,gn GUI,MF,Roma,24-209,1997,1.9,0,0,0,6,0,0,0,0,2,0,0,0,19,2,0,100.0,Matches
153,Brahim Díaz\407feb71,es ESP,MF,Milan,22-192,1999,14.2,3,0,0,12,23,3,9,8,14,0,0,0,87,2,36,5.3,Matches
154,Mitchell Dijks\0a3065c8,nl NED,DF,Bologna,29-002,1993,2.7,1,0,0,3,3,0,7,7,3,0,0,0,12,2,2,50.0,Matches
155,Federico Dimarco\970b8574,it ITA,DF,Inter,24-093,1997,9.1,0,0,0,11,7,2,29,9,6,0,0,0,69,7,9,43.8,Matches
156,Filippo Distefano\2110f96c,it ITA,FW,Fiorentina,18-167,2003,0.0,0,0,0,0,0,1,0,0,0,0,0,0,1,0,0,,Matches
157,Koffi Djidji\933d3b51,ci CIV,DF,Torino,29-073,1992,13.1,5,1,1,17,5,1,10,36,10,0,1,0,141,33,25,56.9,Matches
158,Berat Djimsiti\6eee05f1,al ALB,DF,Atalanta,28-357,1993,15.3,3,0,0,14,8,1,6,34,20,0,1,1,145,45,13,77.6,Matches
159,Nicolás Domínguez\20b3a502,ar ARG,MF,Bologna,23-228,1998,18.9,7,0,0,28,37,0,6,37,38,0,0,0,219,26,24,52.0,Matches
160,Bartłomiej Drągowski\085e71a7,pl POL,GK,Fiorentina,24-176,1997,4.2,0,1,0,0,1,0,0,0,0,0,0,0,17,0,0,,Matches
161,Radu Drăgușin\620922ed,ro ROU,DF,Sampdoria,20-008,2002,6.9,1,0,0,9,5,1,4,13,2,0,0,0,81,16,8,66.7,Matches
162,Radu Drăgușin\620922ed,ro ROU,DF,Salernitana,20-008,2002,1.0,0,0,0,0,3,0,0,6,1,0,0,0,11,1,2,33.3,Matches
163,Denzel Dumfries\481c9ece,nl NED,DF,Inter,25-299,1996,11.5,1,0,0,19,25,3,29,10,10,1,1,0,63,30,17,63.8,Matches
164,Alfred Duncan\528492ea,gh GHA,MF,Fiorentina,28-338,1993,12.1,1,0,0,13,7,0,15,12,13,0,0,0,79,11,11,50.0,Matches
165,Paulo Dybala\e0921a4f,ar ARG,FWMF,Juventus,28-088,1993,14.5,2,0,0,14,37,4,22,16,9,0,0,0,99,3,20,13.0,Matches
166,Edin Džeko\3bb7f478,ba BIH,FW,Inter,35-331,1986,16.9,2,0,0,18,34,3,23,6,10,1,0,0,63,55,42,56.7,Matches
167,Tyronne Ebuehi\6af30900,ng NGA,DF,Venezia,26-057,1995,9.2,1,1,0,19,5,1,14,13,12,0,0,0,58,14,14,50.0,Matches
168,Albin Ekdal\f503ea63,se SWE,MF,Sampdoria,32-198,1989,12.6,8,1,1,29,27,0,1,26,18,0,0,0,132,16,9,64.0,Matches
169,Caleb Ekuban\7afbd2c3,gh GHA,FWMF,Genoa,27-325,1994,13.6,2,0,0,23,27,1,4,6,7,0,0,0,77,28,52,35.0,Matches
170,Elif Elmas\cf007308,mk MKD,FWMF,Napoli,22-140,1999,13.2,2,0,0,21,18,2,8,11,10,1,0,0,55,5,19,20.8,Matches
171,Martin Erlic\0fee6bda,hr CRO,DF,Spezia,24-018,1998,16.2,2,0,0,17,10,0,1,35,9,1,1,0,123,39,28,58.2,Matches
172,Gonzalo Escalante\3f79a1c8,ar ARG,MF,Lazio,28-321,1993,0.1,0,0,0,0,0,0,0,0,0,0,0,0,1,0,0,,Matches
173,Diego Falcinelli\a39b9ef6,it ITA,FWMF,Bologna,30-230,1991,0.5,0,0,0,1,2,0,0,1,2,0,0,0,2,4,4,50.0,Matches
174,Wladimiro Falcone\9f5a610b,it ITA,GK,Sampdoria,26-305,1995,4.5,2,0,0,0,1,0,0,0,0,0,0,0,21,0,0,,Matches
175,Paolo Faragò\9085dd7c,it ITA,MF,Cagliari,28-364,1993,0.2,0,0,0,0,0,0,0,0,1,0,0,0,3,1,1,50.0,Matches
176,Davide Faraoni\aae9d04a,it ITA,DF,Hellas Verona,30-109,1991,18.4,4,0,0,18,21,6,51,20,33,0,1,0,148,32,38,45.7,Matches
177,Mohamed Fares\b7a5bc86,dz ALG,DFFW,Genoa,25-361,1996,6.5,2,0,0,12,8,0,19,16,4,0,0,0,50,12,15,44.4,Matches
178,Diego Farias\157d29b6,br BRA,MFFW,Cagliari,31-277,1990,0.7,0,0,0,0,0,0,2,0,0,0,0,0,7,2,3,40.0,Matches
179,Andrea Favilli\44510fde,it ITA,FW,Genoa,24-270,1997,0.4,0,0,0,0,1,1,0,0,0,0,0,0,1,0,1,0.0,Matches
180,Federico Fazio\4e358a2d,ar ARG,DF,Salernitana,34-331,1987,1.0,1,0,0,3,4,0,0,4,2,0,1,0,10,1,3,25.0,Matches
181,Luiz Felipe\15d0c248,br BRA,DF,Lazio,24-326,1997,20.5,8,1,0,26,15,0,2,33,16,0,0,0,142,41,29,58.6,Matches
182,Alex Ferrari\d0dbca9f,it ITA,DF,Sampdoria,27-225,1994,7.8,1,0,0,12,12,0,2,28,9,0,0,0,69,14,14,50.0,Matches
183,Salvador Ferrer\eb76987d,es ESP,DFMF,Spezia,24-021,1998,10.8,3,0,0,10,7,0,19,17,17,0,0,0,87,23,21,52.3,Matches
184,Riccardo Fiamozzi\9f9b9269,it ITA,DF,Empoli,28-269,1993,4.3,1,0,0,4,7,0,7,7,4,0,1,0,54,2,4,33.3,Matches
185,Luca Fiordilino\9bb1ad91,it ITA,MF,Venezia,25-201,1996,2.3,1,0,0,3,4,0,0,10,3,0,0,0,23,3,3,50.0,Matches
186,Vincenzo Fiorillo\a2565f79,it ITA,GK,Salernitana,32-029,1990,2.0,0,0,0,0,0,0,0,0,0,0,0,0,2,0,0,,Matches
187,Alessandro Florenzi\e288d4b3,it ITA,DFFW,Milan,30-337,1991,10.0,1,0,0,8,6,3,23,26,14,0,0,0,85,9,10,47.4,Matches
188,Fernando Forestieri\d60c26fc,it ITA,FWMF,Udinese,32-027,1990,0.6,1,0,0,5,4,0,3,1,1,0,0,0,5,0,2,0.0,Matches
189,Francesco Forte\69e11a01,it ITA,FW,Venezia,28-286,1993,4.7,3,0,0,11,6,2,3,1,3,0,0,0,18,19,16,54.3,Matches
190,Davide Frattesi\2a7d27c1,it ITA,MF,Sassuolo,22-112,1999,20.3,4,0,0,31,47,0,14,26,14,1,1,1,124,17,21,44.7,Matches
191,Remo Freuler\98d2c2c4,ch SUI,MF,Atalanta,29-302,1992,16.0,5,0,0,25,23,0,11,31,26,0,0,0,178,16,17,48.5,Matches
192,Matteo Gabbia\c235e803,it ITA,DF,Milan,22-113,1999,5.1,3,0,0,8,4,0,0,7,3,0,0,0,44,16,10,61.5,Matches
193,Manolo Gabbiadini\8f866fe8,it ITA,FWMF,Sampdoria,30-077,1991,12.7,3,0,0,13,16,6,11,5,4,0,0,0,58,21,46,31.3,Matches
194,Gianluca Gaetano\3b387cc7,it ITA,MF,Napoli,21-282,2000,0.2,0,0,0,1,1,0,0,2,1,0,0,0,3,1,3,25.0,Matches
195,Luca Gagliano\1d00a56c,it ITA,MFDF,Cagliari,21-212,2000,0.1,0,0,0,0,0,0,0,0,0,0,0,0,3,0,2,0.0,Matches
196,Roberto Gagliardini\ce30bfc8,it ITA,MF,Inter,27-310,1994,4.7,2,0,0,16,10,0,4,10,5,0,0,0,42,12,10,54.5,Matches
197,Riccardo Gagliolo\173061c0,se SWE,DF,Salernitana,31-289,1990,11.8,2,0,0,9,13,0,2,39,9,0,0,0,110,14,12,53.8,Matches
198,Nicolas Galazzi\a796492f,it ITA,DF,Venezia,21-055,2000,0.2,0,0,0,2,0,0,1,0,1,0,0,0,1,0,1,0.0,Matches
199,Pablo Galdames Millán\dd403465,cl CHI,MF,Genoa,25-043,1996,3.9,0,0,0,5,5,1,4,2,0,0,0,0,25,1,0,100.0,Matches
200,Luca Gemello\53e494ec,it ITA,GK,Torino,21-223,2000,1.0,0,0,0,0,0,0,0,0,0,0,0,0,4,0,0,,Matches
201,Paolo Ghiglione\71dc23da,it ITA,DF,Genoa,25-009,1997,6.7,3,0,0,12,4,0,22,13,8,0,0,0,51,6,14,30.0,Matches
202,Faouzi Ghoulam\c5adc293,dz ALG,DF,Napoli,31-010,1991,2.3,0,0,0,2,1,0,11,1,2,0,0,0,20,5,3,62.5,Matches
203,Olivier Giroud\16ceb862,fr FRA,FW,Milan,35-134,1986,9.7,1,0,0,21,16,6,2,1,5,0,0,0,29,41,35,53.9,Matches
204,Diego Godín\fc4f85b1,uy URU,DF,Cagliari,35-360,1986,9.1,3,0,0,14,3,0,3,17,13,0,1,0,86,27,11,71.1,Matches
205,Edoardo Goldaniga\4b029b31,it ITA,MFDF,Sassuolo,28-101,1993,0.0,0,0,0,0,0,0,0,0,0,0,0,0,0,0,0,,Matches
206,Edoardo Goldaniga\4b029b31,it ITA,DF,Cagliari,28-101,1993,3.0,1,0,0,9,3,1,1,11,5,0,0,0,22,9,7,56.3,Matches
207,Cedric Gondo\ff37d2ef,ci CIV,FW,Salernitana,25-078,1996,7.8,1,0,0,18,35,3,9,5,2,1,0,0,45,23,40,36.5,Matches
208,Nicolás González\2374aaca,ar ARG,FW,Fiorentina,23-311,1998,13.2,2,1,1,18,61,1,26,15,10,1,0,0,48,35,35,50.0,Matches
209,Robin Gosens\2d970560,de GER,DF,Atalanta,27-221,1994,5.1,2,0,0,3,7,1,2,11,3,1,0,0,33,9,5,64.3,Matches
210,Alberto Grassi\6cc97b6a,it ITA,MF,Cagliari,26-341,1995,12.0,3,0,0,20,39,1,1,31,12,0,0,0,131,22,10,68.8,Matches
211,Koray Günter\f1f1f238,de GER,DF,Hellas Verona,27-179,1994,17.2,4,0,0,22,8,1,2,48,13,0,1,1,199,61,38,61.6,Matches
212,Emmanuel Gyasi\f9758dae,gh GHA,FWDF,Spezia,28-031,1994,22.2,7,0,0,32,38,8,16,21,19,0,1,1,148,17,49,25.8,Matches
213,Norbert Gyömbér\0be276c6,sk SVK,DF,Salernitana,29-223,1992,17.8,5,0,0,24,8,0,10,26,18,0,1,0,130,35,16,68.6,Matches
214,Nicolas Haas\fa449bba,ch SUI,MF,Empoli,26-019,1996,11.1,3,0,0,21,16,1,16,10,25,0,0,0,105,6,17,26.1,Matches
215,Samir Handanović\74419746,si SVN,GK,Inter,37-212,1984,23.0,1,0,0,0,1,0,0,0,0,0,0,0,68,0,0,,Matches
216,Ridgeciano Haps\c8d7131c,sr SUR,DF,Venezia,28-244,1993,10.0,2,0,0,7,14,1,9,25,6,0,1,0,70,13,8,61.9,Matches
217,Abdou Harroui\65fd099c,nl NED,MF,Sassuolo,24-029,1998,4.2,1,0,0,14,2,0,3,6,8,0,0,0,51,6,8,42.9,Matches
218,Hans Hateboer\3b333ac3,nl NED,DF,Atalanta,28-033,1994,4.1,0,0,0,4,1,0,9,3,3,0,0,0,23,9,8,52.9,Matches
219,Silvan Hefti\f8342731,ch SUI,DF,Genoa,24-109,1997,4.2,0,0,0,7,2,0,4,11,12,0,1,0,40,4,8,33.3,Matches
220,Liam Henderson\d7918b13,sct SCO,MF,Empoli,25-292,1996,17.2,2,0,0,36,23,3,49,8,6,2,1,0,136,8,15,34.8,Matches
221,Dalbert Henrique\f45f9427,br BRA,DFMF,Cagliari,28-156,1993,12.4,7,0,0,26,15,3,28,13,14,0,1,0,77,21,25,45.7,Matches
222,Matheus Henrique\a2d9f138,br BRA,MF,Sassuolo,24-054,1997,3.3,1,0,0,8,8,0,2,2,5,0,0,0,19,2,3,40.0,Matches
223,Thomas Henry\9ef42479,fr FRA,FW,Venezia,27-144,1994,13.1,2,0,0,34,48,6,7,3,2,0,0,2,53,53,47,53.0,Matches
224,Theo Hernández\d4c9725f,fr FRA,DF,Milan,24-128,1997,18.1,6,2,1,20,43,6,35,29,19,0,0,0,121,15,6,71.4,Matches
225,Hernani\6f5ead86,br BRA,MFFW,Genoa,27-321,1994,6.2,0,0,0,8,10,2,3,8,8,0,0,0,36,12,20,37.5,Matches
226,Daan Heymans\6d70c771,be BEL,MFFW,Venezia,22-241,1999,2.8,4,0,0,8,1,0,3,4,4,0,0,0,17,7,3,70.0,Matches
227,Aaron Hickey\1780bb4a,sct SCO,DF,Bologna,19-246,2002,17.9,5,0,0,21,47,0,19,23,12,0,0,0,108,10,21,32.3,Matches
228,Martin Hongla\b85bf253,cm CMR,MF,Hellas Verona,23-332,1998,3.7,1,0,0,7,2,0,3,4,6,0,0,0,32,7,8,46.7,Matches
229,Sydney van Hooijdonk\5b418e15,nl NED,FWMF,Bologna,22-005,2000,0.4,0,0,0,0,0,0,0,0,1,0,0,0,1,2,3,40.0,Matches
230,Petko Hristov\d8800a46,bg BUL,DF,Spezia,22-347,1999,11.3,3,0,0,9,15,0,0,20,6,0,0,0,104,36,20,64.3,Matches
231,Elseid Hysaj\2f3452eb,al ALB,DF,Lazio,27-356,1994,19.4,2,0,0,10,14,2,21,26,23,0,1,0,149,17,24,41.5,Matches
232,Roger Ibanez\82efe6fa,br BRA,DF,Roma,23-080,1998,22.0,5,0,0,33,38,1,3,68,29,0,1,0,197,49,26,65.3,Matches
233,Zlatan Ibrahimović\4cde5509,se SWE,FW,Milan,40-131,1981,10.1,1,0,0,14,10,16,7,6,0,1,0,1,47,46,20,69.7,Matches
234,Igor\a4e85758,br BRA,DF,Fiorentina,24-004,1998,10.5,2,0,0,17,4,0,1,23,12,0,1,0,116,34,31,52.3,Matches
235,Jonathan Ikone\42eaa028,fr FRA,FWMF,Fiorentina,23-285,1998,1.2,0,0,0,2,0,0,3,1,3,0,0,0,7,3,2,60.0,Matches
236,Ivan Ilić\bb376bed,rs SRB,MF,Hellas Verona,20-331,2001,16.7,3,1,0,28,21,1,12,26,22,0,0,1,174,35,24,59.3,Matches
237,Josip Iličić\68252d6d,si SVN,FWMF,Atalanta,34-013,1988,9.2,1,0,0,15,39,1,16,2,9,0,0,0,55,1,13,7.1,Matches
238,Ciro Immobile\4431aed2,it ITA,FW,Lazio,31-356,1990,19.1,2,0,0,26,26,8,17,8,2,1,1,0,62,13,41,24.1,Matches
239,Lorenzo Insigne\2f557579,it ITA,FW,Napoli,30-252,1991,15.0,0,0,0,11,11,2,36,24,15,0,0,0,87,3,8,27.3,Matches
240,Ardian Ismajli\6b635f5c,al ALB,DF,Empoli,25-134,1996,11.0,4,0,0,15,13,0,1,21,6,0,0,1,101,34,13,72.3,Matches
241,Armando Izzo\89976232,it ITA,DF,Torino,29-346,1992,1.1,0,0,0,3,1,0,1,5,0,0,0,0,8,1,2,33.3,Matches
242,Mato Jajalo\8c65eb5f,ba BIH,MF,Udinese,33-262,1988,3.5,1,0,0,6,4,0,3,7,4,0,0,0,35,7,5,58.3,Matches
243,Paweł Jaroszyński\958a601f,pl POL,DF,Salernitana,27-132,1994,5.5,2,0,0,8,5,0,18,10,5,0,0,0,52,8,8,50.0,Matches
244,Juan Jesus\79083382,br BRA,DF,Napoli,30-246,1991,10.3,0,0,0,11,1,2,2,12,19,0,0,1,90,22,24,47.8,Matches
245,Dennis Johnsen\66784dee,no NOR,FWMF,Venezia,23-359,1998,12.1,2,0,0,7,9,10,29,5,3,0,0,0,43,3,12,20.0,Matches
246,Kaio Jorge\0cf465f2,br BRA,MFFW,Juventus,20-018,2002,1.3,0,0,0,4,5,2,1,0,1,0,0,0,6,0,3,0.0,Matches
247,Flavio Junior Bianchi\3ef965c1,it ITA,FWMF,Genoa,22-018,2000,3.5,0,0,0,6,5,0,1,3,3,0,0,0,19,2,7,22.2,Matches
248,Hamed Junior Traorè\570bb4b9,ci CIV,MFFW,Sassuolo,21-360,2000,9.5,2,0,0,21,18,1,12,13,7,0,0,0,71,5,6,45.5,Matches
249,Nikola Kalinić\d4931a5a,hr CRO,FW,Hellas Verona,34-037,1988,4.5,5,1,1,16,10,2,1,0,1,1,0,0,10,6,10,37.5,Matches
250,Yayah Kallon\f95f49d2,sl SLE,FWMF,Genoa,20-226,2001,6.7,3,0,0,19,15,3,15,7,8,1,0,0,54,3,15,16.7,Matches
251,Pierre Kalulu\85f7d1be,fr FRA,DF,Milan,21-251,2000,10.6,2,0,0,9,5,1,14,28,17,0,0,0,78,12,21,36.4,Matches
252,Rick Karsdorp\9f84febe,nl NED,DF,Roma,27-000,1995,20.2,7,1,1,19,10,0,57,34,28,0,0,0,135,4,6,40.0,Matches
253,Denso Kasius\7ae36711,nl NED,DF,Bologna,19-128,2002,0.2,0,0,0,0,2,0,1,0,1,0,0,0,0,0,1,0.0,Matches
254,Grigoris Kastanos\2a82aa85,cy CYP,MF,Salernitana,24-012,1998,10.2,2,1,0,22,17,0,13,21,17,0,0,0,81,13,6,68.4,Matches
255,Moise Kean\3d50bcdb,it ITA,FW,Juventus,21-348,2000,7.4,3,0,0,15,6,8,8,1,2,0,0,0,29,15,7,68.2,Matches
256,Wajdi Kechrida\11962fe7,tn TUN,DFMF,Salernitana,26-098,1995,10.6,0,0,0,10,1,1,22,8,12,0,0,0,66,3,11,21.4,Matches
257,Dimitrios Keramitsis\6f30a1d5,gr GRE,DF,Roma,17-225,2004,0.0,0,0,0,0,0,0,0,0,0,0,0,0,0,0,0,,Matches
258,Franck Kessié\05e19d6a,ci CIV,MF,Milan,25-054,1996,13.9,1,0,0,17,18,1,5,25,18,1,1,0,132,16,12,57.1,Matches
259,Jakub Kiwior\dc3e663e,pl POL,MFDF,Spezia,21-361,2000,8.8,4,0,0,13,3,1,1,26,15,0,1,0,75,17,16,51.5,Matches
260,Sofian Kiyine\ce1806be,ma MAR,MFFW,Venezia,24-132,1997,10.0,4,0,0,41,9,0,24,12,15,0,0,0,74,10,16,38.5,Matches
261,Simon Kjær\8b8a56ce,dk DEN,DF,Milan,32-322,1989,8.9,2,0,0,20,6,0,2,12,14,0,0,1,56,14,17,45.2,Matches
262,Aleksandr Kokorin\fec5accc,ru RUS,FWMF,Fiorentina,30-329,1991,0.6,1,0,0,2,1,0,0,0,0,0,0,0,1,4,4,50.0,Matches
263,Aleksandar Kolarov\eda40760,rs SRB,DF,Inter,36-093,1985,0.5,0,0,0,0,1,0,0,1,1,0,0,0,3,1,2,33.3,Matches
264,Teun Koopmeiners\a26fb8aa,nl NED,MF,Atalanta,23-348,1998,12.3,2,0,0,18,16,1,16,15,16,0,0,0,140,19,10,65.5,Matches
265,Kalidou Koulibaly\da974c7b,sn SEN,DF,Napoli,30-236,1991,13.7,2,1,0,18,5,0,0,15,20,0,1,0,116,20,13,60.6,Matches
266,Christos Kourfalidis\5c522c88,gr GRE,MFDF,Cagliari,19-092,2002,0.2,0,0,0,0,0,0,0,0,0,0,0,0,5,1,1,50.0,Matches
267,Viktor Kovalenko\9d60028d,ua UKR,MF,Spezia,25-362,1996,10.3,2,0,0,7,15,0,7,10,8,0,0,0,95,9,13,40.9,Matches
268,Julian Kristoffersen\b804c280,no NOR,FW,Salernitana,24-277,1997,0.1,0,0,0,1,0,1,0,0,0,0,0,0,1,2,1,66.7,Matches
269,Rade Krunić\817c6964,ba BIH,MFFW,Milan,28-127,1993,11.7,2,0,0,17,22,1,4,19,11,0,0,0,79,25,22,53.2,Matches
270,Dejan Kulusevski\df3cda47,se SWE,FWMF,Juventus,21-292,2000,8.6,1,0,0,32,12,3,11,16,12,0,0,0,61,11,22,33.3,Matches
271,Marash Kumbulla\a40819d9,al ALB,DF,Roma,22-003,2000,4.4,2,0,0,9,3,0,0,4,4,0,0,0,27,13,8,61.9,Matches
272,Giorgos Kyriakopoulos\0a483542,gr GRE,DFFW,Sassuolo,26-006,1996,10.9,3,0,0,16,20,2,44,7,10,0,0,0,79,8,11,42.1,Matches
273,Andrea La Mantia\c375dfa5,it ITA,FWMF,Empoli,30-281,1991,1.9,0,0,0,2,3,2,1,1,0,0,0,0,6,13,12,52.0,Matches
274,Sam Lammers\c283ddef,nl NED,FW,Atalanta,24-287,1997,0.4,0,0,0,2,3,0,1,0,0,0,0,0,2,2,7,22.2,Matches
275,Kevin Lasagna\09538fdb,it ITA,FWMF,Hellas Verona,29-185,1992,8.2,0,0,0,9,4,8,9,3,6,0,0,0,40,17,35,32.7,Matches
276,Darko Lazović\5128bde4,rs SRB,DF,Hellas Verona,31-149,1990,20.8,2,0,0,11,7,6,69,21,16,0,0,0,169,11,13,45.8,Matches
277,Manuel Lazzari\02caf6e0,it ITA,DF,Lazio,28-074,1993,9.4,3,0,0,8,26,3,23,14,3,0,0,0,76,4,7,36.4,Matches
278,Rafael Leão\20730eae,pt POR,FW,Milan,22-246,1999,15.8,2,0,0,17,29,3,33,14,10,2,0,0,80,17,26,39.5,Matches
279,Lucas Leiva\4c78b5ed,br BRA,MF,Lazio,35-033,1987,11.0,4,0,0,23,14,0,1,22,23,0,0,0,110,18,12,60.0,Matches
280,Luca Lezzerini\c9c32262,it ITA,GK,Venezia,26-324,1995,4.5,2,0,0,0,1,0,0,0,0,0,0,0,26,0,0,,Matches
281,Ben Lhassine Kone\7452c7a8,ci CIV,MF,Torino,21-334,2000,0.9,0,0,0,2,0,0,0,1,2,0,1,0,9,1,0,100.0,Matches
282,Matthijs de Ligt\d6e53a3a,nl NED,DF,Juventus,22-183,1999,18.3,2,1,1,23,12,1,3,22,14,0,0,0,155,66,33,66.7,Matches
283,Anderson Lima\59be3a74,br BRA,MF,Lazio,22-141,1999,0.6,1,0,0,2,5,0,0,1,2,0,0,0,2,0,0,,Matches
284,Karol Linetty\d023d70f,pl POL,MFFW,Torino,27-009,1995,8.4,2,0,0,30,7,0,3,6,7,0,0,0,54,4,20,16.7,Matches
285,Stanislav Lobotka\e1cbb531,sk SVK,MF,Napoli,27-078,1994,10.9,1,0,0,15,23,0,1,17,17,0,0,0,110,9,8,52.9,Matches
286,Manuel Locatelli\a8a874f1,it ITA,MF,Juventus,24-034,1998,17.5,5,0,0,32,21,1,4,28,19,0,0,0,163,25,16,61.0,Matches
287,Maxime Lopez\20094685,fr FRA,MF,Sassuolo,24-069,1997,21.8,8,0,0,24,23,0,7,36,31,0,0,0,203,3,4,42.9,Matches
288,Matteo Lovato\5fa57166,it ITA,DF,Cagliari,21-362,2000,3.5,1,0,0,3,1,0,0,9,4,0,0,0,48,10,5,66.7,Matches
289,Matteo Lovato\5fa57166,it ITA,DFMF,Atalanta,21-362,2000,3.4,1,0,0,5,2,0,1,6,3,0,0,0,34,14,3,82.4,Matches
290,Hirving Lozano\a69e4806,mx MEX,FW,Napoli,26-196,1995,12.3,1,0,0,20,24,9,30,9,8,0,0,0,66,10,12,45.5,Matches
291,José Luis Palomino\921f6058,ar ARG,DF,Atalanta,32-037,1990,18.6,6,0,0,29,14,1,4,57,43,0,0,0,245,81,31,72.3,Matches
292,Saša Lukić\c6e8cf1f,rs SRB,MF,Torino,25-182,1996,21.5,5,0,0,63,42,1,15,33,25,0,0,0,228,38,35,52.1,Matches
293,Sebastiano Luperto\997fff07,it ITA,DF,Empoli,25-158,1996,12.1,5,0,0,21,6,1,0,29,17,0,1,0,80,27,27,50.0,Matches
294,Charalambos Lykogiannis\5efc5389,gr GRE,DF,Cagliari,28-112,1993,15.6,1,0,0,18,11,0,41,48,10,0,1,0,88,32,26,55.2,Matches
295,Niki Mäenpää\14a96e1c,fi FIN,GK,Venezia,37-019,1985,5.5,1,0,0,1,0,0,0,0,0,0,1,0,28,0,0,,Matches
296,Giulio Maggiore\957e4c87,it ITA,MF,Spezia,23-336,1998,19.6,5,0,0,47,53,0,10,29,29,0,0,0,179,14,31,31.1,Matches
297,Francesco Magnanelli\07767f42,it ITA,MF,Sassuolo,37-091,1984,1.6,1,0,0,6,6,0,0,0,2,0,0,0,23,4,2,66.7,Matches
298,Giangiacomo Magnani\cce9f582,it ITA,DF,Sampdoria,26-130,1995,1.0,0,0,0,2,0,0,0,3,0,0,0,0,6,6,0,100.0,Matches
299,Giangiacomo Magnani\cce9f582,it ITA,DF,Hellas Verona,26-130,1995,5.9,3,1,0,11,9,0,1,15,12,0,0,0,46,25,9,73.5,Matches
300,Mike Maignan\fcb38f57,fr FRA,GK,Milan,26-223,1995,18.0,0,0,0,0,5,0,0,0,0,0,0,0,85,0,0,,Matches
301,Ainsley Maitland-Niles\e3a5814e,eng ENG,DF,Roma,24-166,1997,3.3,0,0,0,4,1,1,10,9,1,0,0,0,29,3,2,60.0,Matches
302,Jean-Victor Makengo\22bfb57e,fr FRA,MF,Udinese,23-244,1998,15.1,4,1,1,19,20,0,5,15,7,0,0,0,105,12,19,38.7,Matches
303,Nikola Maksimović\16b9d5cf,rs SRB,DF,Genoa,30-078,1991,4.8,2,0,0,6,2,0,1,12,5,0,1,0,37,8,8,50.0,Matches
304,Kévin Malcuit\d6a889ea,ma MAR,DF,Napoli,30-195,1991,2.0,2,0,0,8,4,0,8,1,0,0,0,0,15,3,6,33.3,Matches
305,Daniel Maldini\801831fe,it ITA,MFFW,Milan,20-123,2001,1.6,1,0,0,4,1,1,1,1,4,0,0,0,9,5,2,71.4,Matches
306,Youssef Maleh\4c8845f7,it ITA,MF,Fiorentina,23-173,1998,5.7,2,0,0,17,11,0,9,5,11,0,0,0,44,8,10,44.4,Matches
307,Ruslan Malinovskyi\48d5bd33,ua UKR,FWMF,Atalanta,28-283,1993,13.0,5,0,0,29,33,1,24,5,10,0,0,0,104,21,18,53.8,Matches
308,Rey Manaj\7703afb6,al ALB,FWMF,Spezia,24-352,1997,10.7,4,0,0,37,40,7,2,2,8,0,0,0,54,34,51,40.0,Matches
309,Gianluca Mancini\5aa53281,it ITA,DF,Roma,25-300,1996,21.8,11,1,1,43,11,0,8,34,29,0,0,0,142,55,33,62.5,Matches
310,Leonardo Mancuso\311027cb,it ITA,FW,Empoli,29-261,1992,4.7,0,0,0,1,5,5,6,3,1,0,0,0,14,3,9,25.0,Matches
311,Rolando Mandragora\c7259b83,it ITA,MF,Torino,24-227,1997,9.3,6,1,1,23,17,0,11,10,5,0,0,0,99,14,16,46.7,Matches
312,Kostas Manolas\c707411f,gr GRE,DF,Napoli,30-242,1991,3.5,1,0,0,5,0,0,0,8,2,0,0,0,22,5,4,55.6,Matches
313,Riccardo Marchizza\91d0fabf,it ITA,DF,Empoli,23-322,1998,15.0,4,0,0,21,5,2,28,18,11,0,0,1,103,8,12,40.0,Matches
314,Gian Marco Ferrari\8650af85,it ITA,DF,Sassuolo,29-361,1992,23.8,4,0,0,17,28,1,2,40,6,0,0,0,231,72,35,67.3,Matches
315,Pablo Marí\aa54ec6f,es ESP,DF,Udinese,28-164,1993,1.0,0,0,0,1,0,0,0,4,1,0,0,0,19,7,1,87.5,Matches
316,Răzvan Marin\7fac99d4,ro ROU,MF,Cagliari,25-264,1996,21.8,4,1,1,22,30,0,21,20,25,0,0,0,165,17,23,42.5,Matches
317,Lucas Martínez Quarta\3ec3c1c9,ar ARG,DF,Fiorentina,25-277,1996,13.0,7,0,0,24,8,0,1,30,19,0,1,0,128,39,21,65.0,Matches
318,Lautaro Martínez\f7036e1c,ar ARG,FW,Inter,24-173,1997,14.3,4,0,0,25,35,3,10,16,8,0,0,0,73,19,28,40.4,Matches
319,Adam Marušić\d4535821,me MNE,DF,Lazio,29-117,1992,17.9,4,0,0,23,9,0,12,36,8,0,0,0,150,28,18,60.9,Matches
320,Andrea Masiello\e0314d87,it ITA,DF,Genoa,36-006,1986,5.7,3,0,0,5,5,0,0,12,8,0,0,0,66,8,8,50.0,Matches
321,Borja Mayoral\64e8ed6d,es ESP,FWDF,Roma,24-312,1997,1.1,0,0,0,0,2,0,1,0,0,0,0,0,6,0,0,,Matches
322,Pasquale Mazzocchi\eb0ec070,it ITA,DF,Salernitana,26-199,1995,0.9,0,0,0,1,0,0,4,1,0,0,0,0,9,2,0,100.0,Matches
323,Pasquale Mazzocchi\eb0ec070,it ITA,DF,Venezia,26-199,1995,13.8,3,0,0,21,7,0,32,41,12,0,0,0,88,17,17,50.0,Matches
324,Ibrahima Mbaye\cfbf9881,sn SEN,DF,Bologna,27-084,1994,0.8,0,0,0,2,0,1,1,1,0,0,1,0,2,2,1,66.7,Matches
325,Weston McKennie\01c3aff5,us USA,MF,Juventus,23-167,1998,13.7,1,0,0,18,5,0,15,22,15,0,0,0,89,26,26,50.0,Matches
326,Gary Medel\563a68ad,cl CHI,DF,Bologna,34-192,1987,20.0,4,0,0,19,21,0,2,36,10,0,1,0,184,20,16,55.6,Matches
327,Filippo Melegoni\6604165d,it ITA,MFFW,Genoa,22-358,1999,3.2,0,0,0,4,2,0,3,3,3,0,0,0,21,2,6,25.0,Matches
328,Arthur Melo\48b3dd60,br BRA,MF,Juventus,25-183,1996,4.8,2,0,0,10,20,0,0,6,9,0,0,0,45,4,6,40.0,Matches
329,Alex Meret\9413b19f,it ITA,GK,Napoli,24-326,1997,4.0,0,0,0,0,2,0,0,0,0,0,0,0,6,0,0,,Matches
330,Yıldırım Mert Çetin\c730da00,tr TUR,DF,Hellas Verona,25-041,1997,0.5,0,0,0,0,1,0,0,0,0,0,0,0,5,2,2,50.0,Matches
331,Dries Mertens\89b2c8a9,be BEL,FWMF,Napoli,34-281,1987,8.5,1,0,0,15,10,3,10,5,6,0,0,0,36,2,13,13.3,Matches
332,Junior Messias\f49c4ae9,br BRA,FWMF,Milan,30-274,1991,7.9,2,0,0,16,14,2,19,12,10,0,1,0,64,14,23,37.8,Matches
333,Kingsley Michael\e63e122d,ng NGA,MF,Bologna,22-169,1999,0.8,0,0,0,0,1,0,0,1,2,0,0,0,6,0,3,0.0,Matches
334,Valentin Mihaila\81a4c239,ro ROU,MF,Atalanta,22-009,2000,0.2,0,0,0,0,0,0,3,0,0,0,0,0,2,0,0,,Matches
335,Mikael\33502726,br BRA,FW,Salernitana,22-259,1999,0.2,0,0,0,0,1,0,0,0,0,0,0,0,1,2,1,66.7,Matches
336,Nikola Milenković\bee704fc,rs SRB,DF,Fiorentina,24-122,1997,19.3,6,1,1,30,13,0,1,51,13,0,0,0,205,82,24,77.4,Matches
337,Sergej Milinković-Savić\4e6dbac4,rs SRB,MF,Lazio,26-349,1995,20.6,5,1,1,45,31,4,29,31,31,0,0,0,138,66,38,63.5,Matches
338,Vanja Milinković-Savić\9fa26bc2,rs SRB,GK,Torino,24-356,1997,22.0,3,0,0,2,1,0,0,0,0,0,2,0,112,0,0,,Matches
339,Aleksei Miranchuk\a9aa0d1d,ru RUS,MFFW,Atalanta,26-117,1995,5.2,0,0,0,12,14,1,4,3,4,0,0,0,38,8,15,34.8,Matches
340,Henrikh Mkhitaryan\dd0daf32,am ARM,MFFW,Roma,33-021,1989,20.2,1,0,0,28,42,3,25,30,22,1,0,0,180,11,13,45.8,Matches
341,Marco Modolo\fdcdb521,it ITA,DFFW,Venezia,32-325,1989,2.4,2,0,0,5,1,0,0,3,1,0,0,0,13,8,5,61.5,Matches
342,Nahuel Molina\23610943,ar ARG,DFMF,Udinese,24-071,1997,16.4,5,1,1,14,9,0,35,27,12,0,0,0,106,8,10,44.4,Matches
343,Cristian Molinaro\1c8c5aed,it ITA,DF,Venezia,38-196,1983,6.1,0,0,0,7,8,1,11,9,9,0,0,0,45,8,4,66.7,Matches
344,Lorenzo Montipò\c1d95617,it ITA,GK,Hellas Verona,25-356,1996,21.0,1,0,0,0,2,0,0,0,0,0,0,0,99,0,0,,Matches
345,Álvaro Morata\129af0db,es ESP,FW,Juventus,29-111,1992,16.8,4,0,0,37,54,17,16,11,6,2,0,0,73,25,28,47.2,Matches
346,Raúl Moro\919dd4b1,es ESP,FW,Lazio,19-068,2002,2.1,0,0,0,0,1,0,3,1,0,0,0,0,11,1,1,50.0,Matches
347,Andrei Motoc\b64073a0,ro ROU,DF,Salernitana,20-041,2002,1.0,0,0,0,0,2,0,0,3,2,0,0,0,4,0,1,0.0,Matches
348,Lys Mousset\d9cfca3d,fr FRA,FW,Salernitana,26-003,1996,0.5,1,0,0,1,0,0,0,0,0,0,1,0,2,0,3,0.0,Matches
349,Samuel Mráz\be6c1ccc,sk SVK,FW,Spezia,24-274,1997,0.6,0,0,0,2,0,1,0,0,0,0,0,0,3,1,4,20.0,Matches
350,Mert Müldür\1295552e,tr TUR,DFFW,Sassuolo,22-314,1999,10.2,3,0,0,12,7,0,10,11,14,0,0,0,65,9,16,36.0,Matches
351,Luis Muriel\eb2fe5b6,co COL,FW,Atalanta,30-301,1991,8.2,0,0,0,7,10,3,14,7,3,0,0,0,55,17,23,42.5,Matches
352,Vedat Muriqi\0cadc46d,xk KVX,FW,Lazio,27-293,1994,2.4,1,0,0,6,9,1,1,1,0,1,0,0,7,13,18,41.9,Matches
353,Nicola Murru\d183e9d6,it ITA,DF,Sampdoria,27-057,1994,4.9,4,0,0,12,1,1,10,6,8,0,1,0,30,2,6,25.0,Matches
354,Juan Musso\a111cf41,ar ARG,GK,Atalanta,27-281,1994,20.6,1,1,0,1,1,0,0,0,0,0,0,0,84,0,0,,Matches
355,Joakim Mæhle\c459a650,dk DEN,DF,Atalanta,24-267,1997,13.5,2,0,0,12,20,0,26,17,12,0,1,0,122,10,16,38.5,Matches
356,Nahitan Nández\95facda1,uy URU,MFDF,Cagliari,26-045,1995,14.9,3,0,0,25,36,12,39,11,23,0,0,0,81,41,52,44.1,Matches
357,Nani\15e9c7e6,pt POR,FWMF,Venezia,35-086,1986,1.0,0,0,0,0,4,0,1,1,0,0,0,0,2,1,0,100.0,Matches
358,Matija Nastasić\f35430a4,rs SRB,DF,Fiorentina,28-320,1993,2.4,1,0,0,3,0,0,0,6,2,0,0,0,15,2,2,50.0,Matches
359,Ilija Nestorovski\b1236c63,mk MKD,FW,Udinese,31-336,1990,0.1,1,0,0,0,1,0,0,0,0,0,0,0,0,0,0,,Matches
360,Aurélien Nguiamba\de135234,fr FRA,MF,Spezia,23-024,1999,0.3,1,0,0,1,0,0,1,0,0,0,0,0,5,0,3,0.0,Matches
361,Dimitris Nikolaou\cf961d8d,gr GRE,DF,Spezia,23-182,1998,22.0,5,0,0,17,16,0,4,44,18,0,0,1,196,39,31,55.7,Matches
362,Jean-Pierre Nsame\12e6d21a,cm CMR,MFFW,Venezia,28-286,1993,0.1,0,0,0,0,0,0,0,0,0,0,0,0,0,2,0,100.0,Matches
363,Bram Nuytinck\e33f36d5,nl NED,DF,Udinese,31-283,1990,19.3,0,0,0,10,4,0,1,27,16,0,0,0,142,31,24,56.4,Matches
364,Simeon Nwankwo\80dbbd10,ng NGA,FW,Salernitana,29-280,1992,9.4,0,0,0,13,12,9,0,4,4,0,0,0,31,21,49,30.0,Matches
365,M'Bala Nzola\a4948e67,ao ANG,FW,Spezia,25-177,1996,10.2,2,0,0,28,8,12,4,1,2,0,1,0,33,23,54,29.9,Matches
366,Adam Obert\aa25ce92,sk SVK,DFMF,Cagliari,19-172,2002,2.3,0,0,0,4,0,0,1,2,3,0,0,0,13,1,4,20.0,Matches
367,Joel Obi\614c38fb,ng NGA,MF,Salernitana,30-265,1991,11.8,4,0,0,33,21,0,7,15,10,0,0,0,85,17,16,51.5,Matches
368,Álvaro Odriozola\1d1691ad,es ESP,DF,Fiorentina,26-059,1995,13.7,4,1,0,16,12,1,35,24,11,1,0,0,90,3,18,14.3,Matches
369,Stefano Okaka\601ef102,it ITA,FW,Udinese,32-186,1989,0.2,1,0,0,2,0,1,0,0,0,0,0,0,2,0,2,0.0,Matches
370,David Okereke\d125f22f,ng NGA,FWMF,Venezia,24-166,1997,13.6,1,0,0,11,30,4,20,7,7,1,0,0,65,20,48,29.4,Matches
371,Christian Oliva\d3b888e3,uy URU,MF,Cagliari,25-255,1996,0.5,0,0,0,0,0,0,0,0,2,0,0,0,8,0,1,0.0,Matches
372,Sérgio Oliveira\947e036f,pt POR,MF,Roma,29-254,1992,2.6,1,0,0,4,9,0,3,4,4,0,0,0,18,3,2,60.0,Matches
373,Riccardo Orsolini\e14ec482,it ITA,FWDF,Bologna,25-018,1997,9.9,1,0,0,9,31,6,29,5,2,0,0,0,53,16,16,50.0,Matches
374,Victor Osimhen\8c90fd7a,ng NGA,FW,Napoli,23-044,1998,10.9,3,1,0,21,24,7,5,3,4,3,0,0,32,20,30,40.0,Matches
375,David Ospina\82b1198a,co COL,GK,Napoli,33-164,1988,20.0,0,0,0,0,5,0,0,0,0,0,0,0,81,0,1,0.0,Matches
376,Adam Ounas\ed90babd,dz ALG,MFFW,Napoli,25-092,1996,2.8,0,0,0,5,8,0,9,2,0,0,0,0,20,1,2,33.3,Matches
377,Daniele Padelli\cf1c23d8,it ITA,GK,Udinese,36-109,1985,2.0,0,0,0,0,0,0,0,0,0,0,0,0,15,0,0,,Matches
378,Goran Pandev\d711d04f,mk MKD,FWMF,Genoa,38-199,1983,9.4,1,0,0,5,39,6,3,5,3,0,0,0,42,7,23,23.3,Matches
379,Ivor Pandur\457cb02f,hr CRO,GK,Hellas Verona,21-323,2000,3.0,0,0,0,0,1,0,0,0,0,0,0,0,12,0,0,,Matches
380,Fabiano Parisi\0967845b,it ITA,DF,Empoli,21-094,2000,7.1,3,0,0,16,12,0,15,14,12,0,0,0,76,2,5,28.6,Matches
381,Mario Pašalić\e599253a,hr CRO,MFFW,Atalanta,27-002,1995,14.1,2,0,0,18,13,3,2,18,9,0,0,0,113,39,28,58.2,Matches
382,Patric\f7223718,es ESP,DF,Lazio,28-300,1993,8.4,5,1,1,16,5,0,1,9,6,0,0,0,77,11,12,47.8,Matches
383,Rui Patrício\79b0d6a0,pt POR,GK,Roma,33-361,1988,24.0,1,0,0,0,0,0,0,0,0,0,0,0,95,0,0,,Matches
384,Leonardo Pavoletti\d37b0350,it ITA,FW,Cagliari,33-077,1988,10.0,5,0,0,26,27,2,3,5,6,1,0,0,48,70,61,53.4,Matches
385,Pedro\3ca7254a,es ESP,FW,Lazio,34-198,1987,18.7,4,0,0,30,31,6,27,12,20,1,0,0,105,1,14,6.7,Matches
386,João Pedro\81255c03,br BRA,FW,Cagliari,29-339,1992,23.0,5,0,0,53,58,19,18,8,14,1,0,0,97,50,76,39.7,Matches
387,Gianluca Pegolo\f058ed1f,it ITA,GK,Sassuolo,40-323,1981,1.0,0,0,0,0,0,0,0,0,0,0,0,0,3,0,0,,Matches
388,Pietro Pellegri\a44d3a3c,it ITA,FW,Milan,20-331,2001,1.5,0,0,0,7,2,2,0,2,3,0,0,0,9,2,4,33.3,Matches
389,Pietro Pellegri\a44d3a3c,it ITA,FW,Torino,20-331,2001,0.2,0,0,0,2,1,0,0,0,1,0,0,0,0,1,1,50.0,Matches
390,Lorenzo Pellegrini\4a5a45c7,it ITA,MF,Roma,25-237,1996,13.8,5,1,1,31,30,3,37,10,9,0,0,0,79,11,17,39.3,Matches
391,Luca Pellegrini\3b61c9ec,it ITA,DF,Juventus,22-341,1999,5.6,2,0,0,12,9,0,15,9,7,0,0,0,38,2,6,25.0,Matches
392,Gastón Pereiro\7ec7738e,uy URU,FWMF,Cagliari,26-245,1995,5.4,0,0,0,10,4,2,16,3,2,0,0,0,29,13,16,44.8,Matches
393,Dor Peretz\e2a302a8,il ISR,MF,Venezia,26-270,1995,3.7,0,0,0,7,6,0,1,3,9,0,0,0,27,5,3,62.5,Matches
394,Roberto Pereyra\75f2c59f,ar ARG,MFFW,Udinese,31-035,1991,11.3,5,1,1,15,19,0,8,9,6,0,0,0,78,2,10,16.7,Matches
395,Carles Pérez\a8f21b9f,es ESP,MFFW,Roma,23-360,1998,3.6,2,0,0,9,5,0,2,2,2,0,0,0,23,0,8,0.0,Matches
396,Nehuén Pérez\f7c491f1,ar ARG,DF,Udinese,21-232,2000,7.3,2,0,0,12,5,0,2,9,11,0,0,0,75,19,12,61.3,Matches
397,Mattia Perin\4c62d0c8,it ITA,GK,Juventus,29-093,1992,3.0,0,0,0,0,0,0,0,0,0,0,0,0,14,0,0,,Matches
398,Ivan Perišić\6fe90922,hr CRO,DF,Inter,33-009,1989,18.8,2,0,0,20,5,10,79,39,21,0,0,0,120,36,19,65.5,Matches
399,Diego Perotti\a40d5a0c,ar ARG,FW,Salernitana,33-200,1988,0.3,0,0,0,0,2,0,2,1,0,0,0,0,3,2,0,100.0,Matches
400,Mario Perrone\6cd33e2a,it ITA,DF,Salernitana,19-005,2003,0.2,0,0,0,1,0,0,0,0,0,0,0,0,0,0,0,,Matches
401,Matteo Pessina\780e3631,it ITA,MFFW,Atalanta,24-296,1997,9.4,0,0,0,9,23,3,2,12,13,0,0,0,88,20,22,47.6,Matches
402,Andrea Petagna\03f946ed,it ITA,FW,Napoli,26-226,1995,5.0,1,0,0,13,11,0,5,0,2,0,0,0,17,11,20,35.5,Matches
403,Giuseppe Pezzella\149c5f5d,it ITA,DF,Atalanta,24-074,1997,8.4,3,0,0,9,24,1,15,9,15,0,0,0,59,9,7,56.3,Matches
404,Krzysztof Piątek\17f3620a,pl POL,FW,Fiorentina,26-225,1995,0.9,0,0,0,0,5,1,1,1,1,0,0,0,5,3,4,42.9,Matches
405,Roberto Piccoli\1cadaf34,it ITA,FW,Genoa,21-015,2001,0.4,0,0,0,0,0,0,0,0,0,0,0,0,3,2,8,20.0,Matches
406,Roberto Piccoli\1cadaf34,it ITA,FW,Atalanta,21-015,2001,2.2,0,0,0,0,3,3,0,0,1,0,0,0,10,7,16,30.4,Matches
407,Andrea Pinamonti\08aa9cd1,it ITA,FW,Empoli,22-268,1999,18.9,2,0,0,18,34,13,17,7,4,1,0,0,76,62,79,44.0,Matches
408,Marko Pjaca\2c38b327,hr CRO,FWMF,Torino,26-281,1995,7.6,0,0,0,10,7,1,9,7,4,0,0,0,49,9,24,27.3,Matches
409,Tommaso Pobega\55a1cac2,it ITA,MF,Torino,22-211,1999,14.0,7,0,0,56,20,0,10,19,23,0,0,0,143,38,34,52.8,Matches
410,Suf Podgoreanu\d697a2d0,il ISR,FW,Spezia,20-022,2002,1.3,0,0,0,2,2,0,6,0,4,0,0,0,4,3,0,100.0,Matches
411,Matteo Politano\5e861944,it ITA,FW,Napoli,28-192,1993,12.5,2,0,0,15,22,3,49,9,13,0,0,0,61,6,11,35.3,Matches
412,Manolo Portanova\c8c0dccd,it ITA,MF,Genoa,21-254,2000,6.3,3,0,0,23,13,1,3,14,12,0,0,0,36,7,20,25.9,Matches
413,Dennis Praet\86695068,be BEL,MFFW,Torino,27-273,1994,11.8,2,0,0,18,12,3,33,12,8,0,0,0,91,6,19,24.0,Matches
414,Mateusz Praszelik\ec6773f5,pl POL,MF,Hellas Verona,21-138,2000,0.1,0,0,0,1,0,0,0,0,0,0,0,0,0,0,0,,Matches
415,Ivan Provedel\277da414,it ITA,GK,Spezia,27-331,1994,17.0,2,0,0,2,2,0,0,0,0,0,2,0,70,0,0,,Matches
416,Erick Pulgar\4611e028,cl CHI,MF,Fiorentina,28-027,1994,3.8,2,0,0,5,5,0,1,6,2,0,0,0,35,6,7,46.2,Matches
417,Ignacio Pussetto\62437b4f,ar ARG,FWMF,Udinese,26-052,1995,9.3,3,0,0,18,20,8,15,5,10,1,0,0,47,27,42,39.1,Matches
418,Niklas Pyyhtiä\88f53b75,fi FIN,MF,Bologna,18-139,2003,0.2,0,0,0,0,1,0,0,0,0,0,0,0,4,0,0,,Matches
419,Fabio Quagliarella\ee4f2f3b,it ITA,FW,Sampdoria,39-011,1983,12.7,2,0,0,13,19,10,10,4,2,0,0,0,54,19,23,45.2,Matches
420,Adrien Rabiot\8794e251,fr FRA,MF,Juventus,26-314,1995,13.0,1,0,0,26,17,1,9,16,29,0,0,0,109,31,15,67.4,Matches
421,Ivan Radovanović\023937a9,rs SRB,MF,Salernitana,33-166,1988,1.0,1,0,0,3,1,0,0,1,1,0,0,0,14,4,1,80.0,Matches
422,Ștefan Radu\53de807a,ro ROU,DF,Lazio,35-112,1986,3.5,1,0,0,3,5,0,2,3,1,0,0,0,31,11,3,78.6,Matches
423,Boris Radunović\0dfce079,rs SRB,GK,Cagliari,25-261,1996,3.0,0,0,0,0,1,0,0,0,0,0,0,0,12,0,0,,Matches
424,Aaron Ramsey\ef619b0b,wls WAL,MF,Juventus,31-047,1990,1.1,0,0,0,1,1,0,0,2,0,0,0,0,4,0,0,,Matches
425,Luca Ranieri\8c63fae5,it ITA,DF,Salernitana,22-294,1999,17.0,5,0,0,9,7,2,39,24,17,0,0,0,104,14,20,41.2,Matches
426,Andrea Ranocchia\539230cf,it ITA,DF,Inter,33-360,1988,2.3,0,0,0,2,2,1,1,3,2,0,0,0,10,13,1,92.9,Matches
427,Giacomo Raspadori\6e058f06,it ITA,FWMF,Sassuolo,21-358,2000,18.9,5,0,0,20,27,3,17,15,19,0,0,0,115,6,24,20.0,Matches
428,Ante Rebić\536cebe5,hr CRO,FW,Milan,28-143,1993,6.1,0,0,0,11,7,3,19,1,1,0,0,0,34,8,15,34.8,Matches
429,Arkadiusz Reca\6213fd82,pl POL,DF,Spezia,26-239,1995,10.1,2,0,0,16,5,0,19,22,11,0,0,0,62,14,18,43.8,Matches
430,Pepe Reina\e358587b,es ESP,GK,Lazio,39-164,1982,15.0,3,0,0,1,1,0,0,0,1,0,1,0,61,0,0,,Matches
431,Panagiotis Retsos\4bd00a50,gr GRE,DF,Hellas Verona,23-186,1998,0.2,0,0,0,0,1,0,0,0,0,0,0,0,2,0,0,,Matches
432,Bryan Reynolds\2306bf5c,us USA,DF,Roma,20-228,2001,0.0,0,0,0,0,0,0,0,0,0,0,0,0,0,0,0,,Matches
433,Franck Ribéry\f61c7c4e,fr FRA,MFFW,Salernitana,38-310,1983,11.7,1,0,0,19,31,0,15,7,9,0,0,0,71,4,5,44.4,Matches
434,Samuele Ricci\9823be92,it ITA,MF,Empoli,20-174,2001,17.0,1,1,0,18,47,0,2,48,30,0,0,0,150,6,10,37.5,Matches
435,Tomás Rincón\f1cfc209,ve VEN,MFFW,Torino,34-029,1988,1.8,2,0,0,6,2,0,2,2,1,0,0,0,23,6,4,60.0,Matches
436,Tomás Rincón\f1cfc209,ve VEN,MF,Sampdoria,34-029,1988,3.3,1,0,0,10,12,0,1,5,7,0,0,0,28,3,2,60.0,Matches
437,Ricardo Rodríguez\7f78ad23,ch SUI,DF,Torino,29-170,1992,15.4,2,0,0,19,7,0,7,25,9,0,0,0,140,27,21,56.3,Matches
438,Rogério\10e7f486,br BRA,DF,Sassuolo,24-029,1998,16.2,5,0,0,15,31,1,47,29,11,0,0,0,126,11,14,44.0,Matches
439,Alessio Romagnoli\3ead85f9,it ITA,DF,Milan,27-030,1995,12.5,2,1,0,16,12,1,1,24,13,0,1,0,123,39,22,63.9,Matches
440,Simone Romagnoli\09899de8,it ITA,DF,Empoli,32-002,1990,8.8,2,0,0,10,1,0,2,10,9,0,0,0,84,34,17,66.7,Matches
441,Luka Romero\ca6edaa0,ar ARG,FW,Lazio,17-085,2004,0.2,0,0,0,0,1,0,1,1,1,0,0,0,1,0,0,,Matches
442,Sergio Romero\1e26e376,ar ARG,GK,Venezia,34-354,1987,13.0,2,0,0,0,0,0,0,0,0,0,0,0,62,0,0,,Matches
443,Cristiano Ronaldo\dea698d9,pt POR,FW,Juventus,37-006,1985,0.3,1,0,0,0,1,1,0,1,0,0,0,0,2,0,0,,Matches
444,Marten de Roon\2a1beb34,nl NED,MFDF,Atalanta,30-319,1991,15.3,4,0,0,35,13,0,0,37,20,0,0,0,186,28,16,63.6,Matches
445,Francesco Rossi\7b5f516f,it ITA,GK,Atalanta,30-290,1991,0.4,0,0,0,0,0,0,0,0,0,0,0,0,1,0,0,,Matches
446,Nicolò Rovella\e58cbfd5,it ITA,MF,Genoa,20-069,2001,14.6,3,0,0,23,26,2,23,30,23,0,0,0,138,5,14,26.3,Matches
447,Amir Rrahmani\4b3e1a38,xk KVX,DF,Napoli,27-352,1994,20.5,3,0,0,17,16,0,2,18,11,0,0,0,179,56,27,67.5,Matches
448,Ruan\a378a02a,br BRA,DF,Sassuolo,22-249,1999,0.0,0,0,0,0,0,0,0,0,0,0,0,0,1,0,0,,Matches
449,Daniele Rugani\14b8fcdf,it ITA,DF,Juventus,27-197,1994,5.2,1,0,0,9,0,0,0,10,7,0,0,0,37,5,4,55.6,Matches
450,Matteo Ruggeri\ae9898c5,it ITA,DF,Salernitana,19-215,2002,2.8,0,0,0,1,1,0,10,2,3,0,0,0,19,4,1,80.0,Matches
451,Mário Rui\0b5a292a,pt POR,DF,Napoli,30-260,1991,20.6,6,0,0,18,41,2,28,26,24,0,0,0,144,11,22,33.3,Matches
452,Fabián Ruiz Peña\c0c7ff58,es ESP,MF,Napoli,25-314,1996,17.0,1,0,0,15,18,1,12,24,25,0,0,0,148,12,10,54.5,Matches
453,Alessandro Russo\7152082d,it ITA,MF,Salernitana,18-158,2003,0.3,0,0,0,0,1,0,1,0,0,0,0,0,3,0,0,,Matches
454,Stefano Sabelli\0ccac09c,it ITA,DF,Genoa,29-029,1993,3.9,3,0,0,5,7,0,5,13,3,0,1,0,22,4,6,40.0,Matches
455,Alexis Saelemaekers\ee251371,be BEL,FW,Milan,22-229,1999,15.5,2,0,0,25,39,1,29,22,20,0,0,0,113,7,12,36.8,Matches
456,Jacopo Sala\da5a981b,it ITA,MF,Spezia,30-068,1991,8.1,3,0,0,14,13,0,7,18,14,0,1,0,91,4,4,50.0,Matches
457,Eddie Salcedo\0489bb30,it ITA,MFFW,Spezia,20-133,2001,4.5,1,0,0,8,7,2,3,4,0,0,0,0,30,12,10,54.5,Matches
458,Lazar Samardzic\217c93a1,de GER,MFFW,Udinese,19-352,2002,1.8,0,0,0,4,1,0,3,0,6,0,0,0,22,3,3,50.0,Matches
459,Luigi Samele\548fea2f,it ITA,FW,Sassuolo,19-308,2002,0.0,0,0,0,0,0,0,0,0,0,0,0,0,1,1,0,100.0,Matches
460,Antonio Sanabria\0a447501,py PAR,FW,Torino,25-344,1996,16.8,3,0,0,25,24,20,2,5,5,0,0,0,59,60,130,31.6,Matches
461,Alexis Sánchez\2c0f8e9e,cl CHI,FW,Inter,33-054,1988,6.3,0,0,0,8,16,6,9,5,7,0,0,0,36,9,14,39.1,Matches
462,Alex Sandro\0d82903c,br BRA,DF,Juventus,31-016,1991,13.9,2,0,0,21,26,1,34,27,9,1,0,0,124,23,20,53.5,Matches
463,Nicola Sansone\7eb97a8e,it ITA,FWMF,Bologna,30-154,1991,7.3,4,0,0,8,13,3,17,5,7,2,0,0,44,6,20,23.1,Matches
464,Federico Santander\df85d472,py PAR,FWDF,Bologna,30-252,1991,0.7,1,0,0,2,5,0,1,2,2,0,0,0,3,8,7,53.3,Matches
465,Samir Santos\92b4758e,br BRA,DF,Udinese,27-068,1994,16.8,5,0,0,38,17,0,12,51,23,0,0,0,122,47,14,77.0,Matches
466,Riccardo Saponara\3bb7af3b,it ITA,FW,Fiorentina,30-052,1991,8.6,0,0,0,3,18,1,10,4,3,1,0,0,56,3,4,42.9,Matches
467,Martin Satriano\86383d0e,it ITA,FWMF,Inter,20-356,2001,0.4,0,0,0,1,0,0,0,0,1,0,0,0,5,2,4,33.3,Matches
468,Giorgio Scalvini\1e9aa637,it ITA,DFMF,Atalanta,18-062,2003,1.7,0,0,0,4,0,0,0,6,2,0,0,0,18,5,8,38.5,Matches
469,Gianluca Scamacca\8790f988,it ITA,FW,Sassuolo,23-041,1999,13.5,5,0,0,36,15,6,2,8,9,0,0,0,41,42,35,54.5,Matches
470,Andrea Schiavone\4b55eb4d,it ITA,MF,Salernitana,28-353,1993,6.3,1,0,0,12,5,0,6,12,7,0,0,0,43,5,4,55.6,Matches
471,David Schnegg\1c341b14,at AUT,DF,Venezia,23-135,1998,1.6,1,0,0,3,1,1,4,3,1,0,0,0,13,2,5,28.6,Matches
472,Jerdy Schouten\2cfae697,nl NED,MF,Bologna,25-030,1997,2.3,3,1,1,4,0,0,0,6,1,0,0,0,33,5,9,35.7,Matches
473,Stefano Sensi\b70bde8f,it ITA,MF,Inter,26-190,1995,1.9,0,0,0,4,4,1,4,1,4,0,0,0,19,2,2,50.0,Matches
474,Stefano Sensi\b70bde8f,it ITA,MFFW,Sampdoria,26-190,1995,1.0,0,0,0,2,2,0,0,2,2,0,0,0,8,0,2,0.0,Matches
475,Luigi Sepe\343f753a,it ITA,GK,Salernitana,30-279,1991,1.0,0,0,0,0,0,0,0,0,0,0,0,0,3,0,0,,Matches
476,Laurens Serpe\79d60e74,it ITA,DF,Genoa,21-004,2001,0.5,0,0,0,0,0,0,0,0,0,0,0,0,1,0,1,0.0,Matches
477,Stephan El Shaarawy\d3aaad90,it ITA,DFFW,Roma,29-107,1992,7.8,1,0,0,8,11,1,20,9,3,0,0,0,73,9,14,39.1,Matches
478,Aimar Sher\ef301f96,se SWE,MF,Spezia,19-053,2002,0.5,0,0,0,0,0,0,0,1,1,0,0,0,8,3,1,75.0,Matches
479,Eldor Shomurodov\57469b2d,uz UZB,FW,Roma,26-227,1995,6.2,1,0,0,14,4,2,10,5,4,0,0,0,31,21,27,43.8,Matches
480,Alassane Sidibe\f944979d,ci CIV,FW,Atalanta,19-247,2002,0.1,0,0,0,0,0,0,0,0,0,0,0,0,2,0,0,,Matches
481,Arnór Sigurðsson\f209b81e,is ISL,MFFW,Venezia,22-272,1999,1.9,0,0,0,4,1,0,3,1,0,0,0,0,12,0,5,0.0,Matches
482,Adrien Silva\d6f88a1d,pt POR,MF,Sampdoria,32-333,1989,12.0,3,1,0,18,17,0,4,32,21,0,0,0,149,16,18,47.1,Matches
483,Marco Silvestri\0d422df7,it ITA,GK,Udinese,30-346,1991,21.0,1,0,0,1,4,0,0,0,0,0,1,0,82,0,0,,Matches
484,Giovanni Simeone\343c0d52,ar ARG,FW,Cagliari,26-221,1995,0.1,0,0,0,1,0,0,0,0,0,0,0,0,0,0,0,,Matches
485,Giovanni Simeone\343c0d52,ar ARG,FW,Hellas Verona,26-221,1995,16.6,5,0,0,42,42,20,16,2,13,1,0,0,64,36,73,33.0,Matches
486,Wilfried Singo\8b609c34,ci CIV,DF,Torino,21-048,2000,18.8,2,1,0,33,40,7,46,25,16,0,0,0,164,40,25,61.5,Matches
487,Salvatore Sirigu\10dc46f0,it ITA,GK,Genoa,35-030,1987,24.0,0,0,0,0,2,0,0,0,0,0,0,1,90,0,0,,Matches
488,Leo Skiri Østigård\b35a7399,no NOR,DF,Genoa,22-075,1999,2.3,0,1,0,5,1,0,2,3,2,0,0,0,26,7,1,87.5,Matches
489,Łukasz Skorupski\ab4449d6,pl POL,GK,Bologna,30-282,1991,23.0,3,0,0,1,3,0,0,0,0,0,1,0,99,0,0,,Matches
490,Andreas Skov Olsen\c50cee19,dk DEN,DFFW,Bologna,22-044,1999,8.3,0,0,0,3,16,0,30,7,7,0,0,0,52,3,10,23.1,Matches
491,Milan Škriniar\30f5ffa9,sk SVK,DF,Inter,27-000,1995,21.0,2,0,0,26,16,2,1,24,13,0,1,0,139,40,30,57.1,Matches
492,Chris Smalling\b6964eb6,eng ENG,DF,Roma,32-081,1989,11.2,0,0,0,1,7,0,0,18,10,0,0,0,102,34,12,73.9,Matches
493,Brandon Soppy\28f66c2e,fr FRA,DFMF,Udinese,19-355,2002,5.2,4,0,0,9,20,0,7,5,9,0,0,0,35,9,15,37.5,Matches
494,Roberto Soriano\9d4c45d6,it ITA,MFFW,Bologna,31-003,1991,19.3,5,2,1,41,37,2,24,18,24,0,0,0,103,19,40,32.2,Matches
495,Riccardo Sottil\94816803,it ITA,FW,Fiorentina,22-253,1999,8.8,3,1,1,9,22,3,22,1,3,0,0,0,39,8,8,50.0,Matches
496,Matìas Soulé\c13ddd3e,ar ARG,FW,Juventus,18-302,2003,0.1,0,0,0,0,0,0,0,0,0,0,0,0,1,0,0,,Matches
497,Adama Soumaoro\7b075c75,fr FRA,DF,Bologna,29-238,1992,13.3,5,1,0,13,9,1,2,22,7,0,0,1,116,40,8,83.3,Matches
498,Marco Sportiello\ac4003af,it ITA,GK,Atalanta,29-277,1992,2.0,0,0,0,0,1,0,0,0,0,0,0,0,10,0,0,,Matches
499,Luca Stanga\2967bcd0,it ITA,DF,Milan,20-019,2002,0.0,0,0,0,3,0,0,0,0,0,0,0,0,0,0,0,,Matches
500,Petar Stojanović\13b44b02,si SVN,DF,Empoli,26-127,1995,19.4,5,0,0,31,19,2,37,39,53,0,0,0,154,11,14,44.0,Matches
501,Thomas Strakosha\339fe0e8,al ALB,GK,Lazio,26-329,1995,9.0,1,0,0,1,0,0,0,0,0,0,1,0,33,0,0,,Matches
502,Stefan Strandberg\6d5e62b0,no NOR,DF,Salernitana,31-201,1990,10.4,2,1,1,8,2,1,6,14,8,0,1,1,95,36,11,76.6,Matches
503,Dávid Strelec\2cb9486d,sk SVK,FWMF,Spezia,20-313,2001,5.3,0,0,0,4,6,1,5,4,4,0,0,0,43,8,14,36.4,Matches
504,Kevin Strootman\ef2e5e1a,nl NED,MF,Cagliari,31-363,1990,7.1,4,0,0,14,11,0,1,15,8,0,1,0,68,4,8,33.3,Matches
505,Jens Stryger Larsen\f91e81c9,dk DEN,DF,Udinese,30-355,1991,7.6,0,0,0,4,4,1,12,8,4,0,0,1,37,6,7,46.2,Matches
506,Leo Štulac\92948398,si SVN,MF,Empoli,27-138,1994,6.7,1,0,0,6,14,0,6,5,9,0,0,0,45,10,7,58.8,Matches
507,Stefano Sturaro\2334478a,it ITA,MF,Genoa,28-339,1993,13.2,7,0,0,42,26,3,13,13,22,0,0,0,116,32,30,51.6,Matches
508,Isaac Success\f573a8bf,ng NGA,FWMF,Udinese,26-035,1996,4.8,0,1,0,14,21,0,4,0,3,0,0,0,21,9,20,31.0,Matches
509,Vladyslav Supriaha\73affbb6,ua UKR,FW,Sampdoria,21-361,2000,0.2,0,0,0,1,0,0,0,0,0,0,0,0,0,0,0,,Matches
510,Bosko Sutalo\1d0bb7e4,hr CRO,DF,Hellas Verona,22-041,2000,4.5,0,0,0,4,3,0,4,9,4,0,0,0,44,14,7,66.7,Matches
511,Mattias Svanberg\92d83c27,se SWE,MF,Bologna,23-037,1999,19.7,4,0,0,21,52,0,19,23,17,0,0,0,144,18,25,41.9,Matches
512,Michael Svoboda\8abd174d,at AUT,DF,Venezia,23-119,1998,6.6,0,1,0,1,3,0,0,9,10,0,0,0,55,17,7,70.8,Matches
513,Wojciech Szczęsny\01b8a2b2,pl POL,GK,Juventus,31-299,1990,21.0,2,0,0,2,5,0,0,0,0,0,2,0,72,0,0,,Matches
514,Adrien Tameze\8da74c05,cm CMR,MFDF,Hellas Verona,28-007,1994,15.3,1,0,0,23,19,2,15,41,20,0,0,0,178,24,30,44.4,Matches
515,Ciprian Tătărușanu\b056e3da,ro ROU,GK,Milan,36-002,1986,6.0,0,0,0,0,1,0,0,0,0,0,0,0,19,0,0,,Matches
516,Pietro Terracciano\e1b0a70d,it ITA,GK,Fiorentina,31-340,1990,18.8,0,0,0,0,4,0,0,0,0,0,0,0,91,0,0,,Matches
517,Aleksa Terzić\3ef0a2d7,rs SRB,DF,Fiorentina,22-178,1999,2.2,1,0,0,5,2,0,10,7,4,0,0,0,19,7,3,70.0,Matches
518,Tanner Tessmann\ac277993,us USA,MF,Venezia,20-140,2001,5.9,1,1,0,8,5,0,2,12,4,0,0,0,55,6,13,31.6,Matches
519,Arthur Theate\df8d6029,be BEL,DF,Bologna,21-262,2000,16.1,4,0,0,20,6,0,8,43,16,0,1,0,130,16,24,40.0,Matches
520,Morten Thorsby\d1b49282,no NOR,MF,Sampdoria,25-282,1996,21.1,9,0,0,65,37,0,1,21,21,0,0,0,161,134,104,56.3,Matches
521,Jeremy Toljan\a96e5dc0,de GER,DF,Sassuolo,27-187,1994,15.1,2,0,0,9,9,0,21,22,8,0,1,0,108,8,14,36.4,Matches
522,Rafael Tolói\c56dc39e,it ITA,DF,Atalanta,31-124,1990,11.7,3,0,0,20,4,0,6,25,15,0,0,0,127,19,13,59.4,Matches
523,Takehiro Tomiyasu\b3af9be1,jp JPN,DF,Bologna,23-098,1998,0.1,0,0,0,0,0,0,1,1,0,0,0,0,1,0,1,0.0,Matches
524,Fikayo Tomori\7edfbb8a,eng ENG,DF,Milan,24-054,1997,16.4,2,0,0,15,6,0,0,40,23,0,0,0,115,29,23,55.8,Matches
525,Sandro Tonali\0db169ae,it ITA,MF,Milan,21-279,2000,17.1,5,0,0,29,38,0,23,32,24,0,0,0,147,8,16,33.3,Matches
526,Lorenzo Tonelli\8cc29864,it ITA,DF,Empoli,32-025,1990,9.0,4,0,0,10,24,1,0,16,7,0,0,1,93,30,18,62.5,Matches
527,Ernesto Torregrossa\bf39bdec,it ITA,FW,Sampdoria,29-228,1992,1.3,1,0,0,7,7,5,1,0,2,0,0,0,6,2,5,28.6,Matches
528,Lucas Torreira\52611641,uy URU,MF,Fiorentina,26-000,1996,17.1,5,1,1,29,29,1,3,29,25,0,0,0,170,22,22,50.0,Matches
529,Abdoulaye Touré\ef7cd87a,fr FRA,MF,Genoa,27-345,1994,4.8,1,0,0,4,9,0,1,10,5,0,0,0,44,6,8,42.9,Matches
530,Axel Tuanzebe\2baec6ce,eng ENG,DF,Napoli,24-089,1997,0.1,0,0,0,0,0,0,0,0,0,0,0,0,1,0,1,0.0,Matches
531,Iyenoma Udogie\7cd520e8,it ITA,DF,Udinese,19-075,2002,15.3,1,0,0,22,19,2,6,25,29,0,0,0,128,17,18,48.6,Matches
532,Maximilian Ullmann\caaf2ed1,at AUT,DF,Venezia,25-239,1996,1.0,0,0,0,1,1,0,1,0,0,0,0,0,4,1,3,25.0,Matches
533,Antonio Vacca\444c89d9,it ITA,MF,Venezia,31-274,1990,8.3,3,0,0,13,8,0,0,29,18,0,0,0,89,4,11,26.7,Matches
534,Zinho Vanheusden\afbf187b,be BEL,DF,Genoa,22-197,1999,10.0,3,0,0,15,8,0,4,21,12,0,1,1,79,23,13,63.9,Matches
535,Johan Vásquez\5eaed77a,mx MEX,DF,Genoa,23-112,1998,15.0,6,0,0,19,16,1,5,50,29,0,0,0,129,33,31,51.6,Matches
536,Denis Vavro\08990838,sk SVK,DF,Lazio,25-307,1996,0.1,0,0,0,0,0,0,0,0,0,0,0,0,1,1,0,100.0,Matches
537,Matías Vecino\44ac04e9,uy URU,MF,Inter,30-171,1991,3.3,1,0,0,4,2,0,6,2,3,0,0,0,33,11,6,64.7,Matches
538,Miguel Veloso\ab1ca213,pt POR,MF,Hellas Verona,35-276,1986,13.4,6,1,1,14,6,0,31,17,11,0,0,0,185,30,23,56.6,Matches
539,Lorenzo Venuti\983ff2c7,it ITA,DF,Fiorentina,26-305,1995,8.7,1,0,0,6,13,0,15,5,3,0,0,1,53,7,3,70.0,Matches
540,Daniele Verde\d3298c99,it ITA,FWMF,Spezia,25-236,1996,12.1,2,0,0,2,6,7,36,13,2,0,0,0,62,1,3,25.0,Matches
541,Simone Verdi\0375723e,it ITA,FWMF,Torino,29-214,1992,0.5,0,0,0,1,1,1,3,1,2,0,0,0,6,1,1,50.0,Matches
542,Simone Verdi\0375723e,it ITA,FW,Salernitana,29-214,1992,0.7,0,0,0,0,1,0,2,0,2,0,0,0,3,0,0,,Matches
543,Jordan Veretout\4a56052c,fr FRA,MF,Roma,28-347,1993,19.7,6,0,0,16,17,1,19,19,25,0,0,0,150,9,17,34.6,Matches
544,Edoardo Vergani\2873973b,it ITA,FWMF,Salernitana,21-005,2001,1.0,0,0,0,2,1,1,0,0,1,0,0,0,4,2,2,50.0,Matches
545,Valerio Verre\33ecf462,it ITA,MFFW,Sampdoria,28-031,1994,4.7,0,0,0,10,13,0,13,4,7,0,0,0,42,9,6,60.0,Matches
546,Valerio Verre\33ecf462,it ITA,MF,Empoli,28-031,1994,0.3,0,0,0,0,0,0,0,0,0,0,0,0,3,0,1,0.0,Matches
547,Freddie Veseli\d541e703,al ALB,DF,Salernitana,29-083,1992,6.1,3,1,1,5,1,0,4,11,3,0,1,0,22,7,3,70.0,Matches
548,Guglielmo Vicario\77d6fd4d,it ITA,GK,Empoli,25-127,1996,24.0,0,0,0,1,4,0,0,0,0,0,1,0,103,0,0,,Matches
549,Arturo Vidal\67cdbc0e,cl CHI,MF,Inter,34-265,1987,4.8,3,0,0,14,6,0,4,2,13,0,0,0,49,8,8,50.0,Matches
550,Ronaldo Vieira\75e60d75,gw GNB,MF,Sampdoria,23-207,1998,0.3,0,0,0,2,0,0,0,0,0,0,0,0,5,0,1,0.0,Matches
551,Luca Vignali\c1e8e74e,it ITA,DF,Spezia,26-031,1996,0.9,0,0,0,0,0,1,2,1,1,0,0,0,6,1,3,25.0,Matches
552,Emanuel Vignato\ec5dae45,it ITA,MFDF,Bologna,21-171,2000,5.6,2,0,0,5,4,0,12,3,7,0,0,0,47,2,6,25.0,Matches
553,Matías Viña\08eb3b58,uy URU,DF,Roma,24-094,1997,15.2,2,0,0,8,16,1,24,38,17,0,0,0,115,15,14,51.7,Matches
554,Nicolas Viola\45392b06,it ITA,MF,Bologna,32-122,1989,1.0,0,0,0,2,1,0,1,1,2,0,0,0,15,4,0,100.0,Matches
555,Mattia Viti\75438a9a,it ITA,DF,Empoli,20-018,2002,9.2,2,1,1,11,10,0,0,18,9,0,0,1,71,15,20,42.9,Matches
556,Dušan Vlahović\79443529,rs SRB,FW,Juventus,22-014,2000,1.0,0,0,0,0,2,0,0,0,0,0,0,0,5,2,4,33.3,Matches
557,Dušan Vlahović\79443529,rs SRB,FW,Fiorentina,22-014,2000,20.6,2,0,0,20,53,19,19,6,3,0,0,0,62,45,51,46.9,Matches
558,Mërgim Vojvoda\be2706c0,xk KVX,DF,Torino,27-010,1995,11.0,1,0,0,7,6,0,35,11,11,0,0,0,101,19,14,57.6,Matches
559,Cristian Volpato\72f87f25,au AUS,MF,Roma,18-088,2003,0.0,0,0,0,0,0,0,0,0,0,0,0,0,0,0,0,,Matches
560,Stefan de Vrij\d0d8dd44,nl NED,DF,Inter,30-006,1992,16.7,2,0,0,13,5,0,0,20,22,0,0,1,159,56,28,66.7,Matches
561,Walace\26db8853,br BRA,MF,Udinese,26-313,1995,19.9,4,1,0,27,25,0,5,42,39,0,1,0,228,15,15,50.0,Matches
562,Sebastian Walukiewicz\217875a4,pl POL,DF,Cagliari,21-312,2000,3.1,1,0,0,4,4,0,1,7,3,0,0,0,15,1,1,50.0,Matches
563,Magnus Warming\55e098cd,dk DEN,FWMF,Torino,21-248,2000,0.4,0,0,0,1,0,1,1,0,1,0,0,0,3,1,2,33.3,Matches
564,Kelvin Yeboah\ea0893d6,it ITA,FW,Genoa,21-281,2000,2.4,0,0,0,8,8,2,2,1,4,0,0,0,18,7,6,53.8,Matches
565,Gerard Yepes\ee9040b4,es ESP,MFDF,Sampdoria,19-170,2002,0.2,0,0,0,1,0,0,0,1,0,0,0,0,4,1,0,100.0,Matches
566,Maya Yoshida\caffaf5a,jp JPN,DF,Sampdoria,33-171,1988,16.6,1,0,0,21,8,0,3,41,11,0,0,0,178,41,16,71.9,Matches
567,Mattia Zaccagni\d85c238b,it ITA,FW,Lazio,26-240,1995,9.3,2,0,0,12,35,2,21,11,13,0,0,0,33,10,11,47.6,Matches
568,Mattia Zaccagni\d85c238b,it ITA,MFFW,Hellas Verona,26-240,1995,2.0,0,0,0,1,9,0,3,3,2,1,0,0,8,4,1,80.0,Matches
569,Denis Zakaria\384d58d9,ch SUI,MF,Juventus,25-083,1996,0.9,0,0,0,1,0,0,2,7,0,0,0,0,7,0,3,0.0,Matches
570,Nicola Zalewski\45191c29,pl POL,FWDF,Roma,20-019,2002,0.2,0,0,0,0,0,1,3,0,0,0,0,0,2,0,1,0.0,Matches
571,Andre-Frank Zambo Anguissa\6bb2c084,cm CMR,MF,Napoli,26-087,1995,13.1,4,0,0,27,23,0,6,25,20,0,0,0,110,19,15,55.9,Matches
572,Nicolò Zaniolo\9907b1c8,it ITA,FW,Roma,22-224,1999,16.5,10,2,1,44,46,7,23,12,10,1,0,0,89,15,23,39.5,Matches
573,Alessandro Zanoli\3b12b11f,it ITA,DFMF,Napoli,21-131,2000,0.2,0,0,0,1,0,0,2,0,0,0,0,0,3,0,1,0.0,Matches
574,Mattia Zanotti\875d65d1,it ITA,DF,Inter,19-031,2003,0.1,0,0,0,0,0,0,0,0,0,0,0,0,0,0,0,,Matches
575,Duván Zapata\d3de9af0,co COL,FW,Atalanta,30-316,1991,13.4,2,0,0,25,19,6,20,6,2,0,0,0,41,22,46,32.4,Matches
576,Gabriele Zappa\ca3db240,it ITA,DF,Cagliari,22-051,1999,11.0,3,1,1,15,10,0,16,23,8,0,0,0,83,13,15,46.4,Matches
577,Davide Zappacosta\7fe90ccd,it ITA,DF,Atalanta,29-245,1992,14.7,4,0,0,20,22,4,45,12,7,1,0,0,91,9,15,37.5,Matches
578,Simone Zaza\9592289a,it ITA,FWMF,Torino,30-231,1991,1.3,1,0,0,5,2,2,0,0,2,0,0,0,13,8,5,61.5,Matches
579,Marvin Zeegelaar\8abd0c03,nl NED,DF,Udinese,31-183,1990,2.7,1,0,0,6,0,1,0,6,8,0,0,0,21,9,4,69.2,Matches
580,Piotr Zieliński\a5296e55,pl POL,MF,Napoli,27-267,1994,15.9,1,0,0,14,19,0,16,10,11,0,0,0,96,4,12,25.0,Matches
581,David Zima\acf7e795,cz CZE,DF,Torino,21-095,2000,9.3,2,0,0,12,5,0,3,19,6,0,0,0,74,30,23,56.6,Matches
582,Jeroen Zoet\cc1a0c57,nl NED,GK,Spezia,31-036,1991,7.0,0,0,0,1,3,0,0,0,0,0,1,0,33,0,0,,Matches
583,Nadir Zortea\82598b71,it ITA,DFMF,Salernitana,22-237,1999,8.7,1,0,0,7,2,0,25,16,5,0,0,0,49,7,12,36.8,Matches
584,Szymon Żurkowski\4e1d5e59,pl POL,MF,Empoli,24-139,1997,14.2,4,0,0,28,46,0,9,28,22,0,1,0,117,14,20,41.2,Matches
585,Milan Đurić\405f6586,ba BIH,FW,Salernitana,31-265,1990,11.0,2,0,0,11,17,2,4,2,2,1,0,0,31,118,52,69.4,Matches
586,Filip Đuričić\eccbe56a,rs SRB,MFFW,Sassuolo,30-012,1992,7.0,1,0,0,10,15,2,0,5,7,0,0,0,30,3,5,37.5,Matches